date_key,vessel_type_key,conflict_phase_key,incident_type_key,flag_state_key,estimated_delay_hours,cargo_volume_impacted_kt,lat,lon
20241005,2,1,1,1,11.9,44.0,26.3,56.3
20241005,5,1,2,2,19.4,56.0,30.6,32.3
20241006,2,1,3,3,0.4,154.0,26.3,56.3
20241006,4,1,4,4,24.7,99.0,25.0,51.0
20241007,6,1,5,5,269.6,515.0,9.8326,60.9242
20241008,7,1,6,6,19.1,262.0,30.4453,32.8425
20241009,6,1,8,8,3.8,415.0,30.0,122.0
20241009,7,1,7,7,0.3,434.0,12.4199,42.6067
20241010,6,1,6,5,7.3,47.0,30.8843,31.4345
20241011,7,1,9,4,127.2,1319.0,19.6635,46.0073
20241012,1,1,1,2,502.0,465.0,30.6,32.3
20241012,2,1,21,5,131.4,1680.0,51.2311,111.7436
20241012,5,1,1,4,137.8,475.0,12.4093,42.403
20241012,7,1,1,5,34.7,2289.0,2.5,101.9
20241013,1,1,3,7,1.4,109.0,12.6,43.3
20241014,5,1,13,14,177.0,908.0,41.8896,174.37630000000001
20241016,1,1,12,6,56.1,934.0,12.6,43.3
20241018,5,1,7,8,45.8,66.0,26.4226,56.1805
20241018,7,1,7,3,5.2,92.0,19.0035,101.2943
20241019,6,1,13,10,5.0,169.0,20.743,90.2875
20241020,2,1,2,2,1.4,4.0,26.3,56.3
20241021,5,1,5,10,73.6,402.0,12.5668,43.0228
20241021,7,1,5,9,57.5,1178.0,27.2322,57.1555
20241023,7,1,2,8,1.2,59.0,12.7084,43.2604
20241026,6,1,13,7,11.7,22.0,10.7958,106.9909
20241026,7,1,5,5,2.0,4.0,27.1483,56.2545
20241026,8,1,19,15,25.9,52.0,50.109,179.1496
20241027,3,1,8,10,4.0,168.0,37.0,135.0
20241028,1,1,14,5,16.4,112.0,26.3,56.3
20241028,4,1,8,8,57.4,234.0,26.3,56.3
20241029,4,1,12,3,22.9,1465.0,25.5594,56.0212
20241031,4,1,14,5,7.1,866.0,2.5,101.9
20241101,3,1,12,4,1.0,43.0,19.4983,88.3269
20241101,7,1,9,10,17.9,605.0,12.6,43.3
20241102,6,1,8,6,8.0,13.0,12.6,43.3
20241103,5,1,15,9,12.6,452.0,26.7154,56.9621
20241103,7,1,6,8,0.6,274.0,12.7256,43.1509
20241105,3,1,11,7,5.0,129.0,12.9064,42.6645
20241105,4,1,1,8,10.8,21.0,12.1139,44.0698
20241106,1,1,6,9,17.3,243.0,27.2381,55.5183
20241106,3,1,1,8,11.3,187.0,11.8327,43.6215
20241106,4,1,7,2,32.2,1273.0,12.5357,42.535
20241106,8,1,1,6,50.2,92.0,26.3,56.3
20241107,1,1,2,4,84.3,583.0,30.6,32.3
20241107,2,1,3,8,3.4,15.0,26.3,56.3
20241107,7,1,29,10,453.4,405.0,53.0061,111.62209999999999
20241107,8,1,4,3,826.0,116.0,25.0,51.0
20241108,6,1,8,8,7.7,12.0,12.6,43.3
20241111,2,1,7,6,55.4,24.0,13.2553,43.6975
20241111,6,1,10,7,45.5,1098.0,12.6932,44.1387
20241111,7,1,15,4,56.5,434.0,21.7298,47.7022
20241112,8,1,1,1,37.2,315.0,13.1397,43.9669
20241114,3,1,6,2,2.8,650.0,31.3561,32.372
20241115,8,1,1,2,3.0,56.0,26.3,56.3
20241116,3,1,2,9,5.9,21.0,30.6,32.3
20241116,4,1,12,10,0.9,204.0,12.6,43.3
20241117,6,1,7,6,1.2,106.0,27.3703,57.2596
20241118,2,1,2,10,105.3,159.0,13.6246,42.3033
20241118,5,1,1,4,3.6,78.0,26.3,56.3
20241118,7,1,11,9,52.6,1483.0,30.2732,32.6942
20241121,1,1,4,7,218.7,795.0,25.0,51.0
20241121,4,1,21,14,3.8000000000000003,51.0,60.244299999999996,65.2915
20241121,8,1,9,1,21.6,166.0,7.3015,90.023
20241122,7,1,8,1,15.1,308.0,29.5596,32.57
20241122,8,1,10,5,7.6,37.0,12.5214,42.3819
20241123,1,1,6,5,48.4,1357.0,13.2904,42.8241
20241123,3,1,1,5,10.6,126.0,26.3,56.3
20241123,4,1,9,7,4.0,355.0,12.6,43.3
20241123,7,1,23,23,250.9,626.0,48.7196,163.1675
20241124,3,1,18,12,91.39999999999999,218.0,51.3,107.3
20241125,1,1,12,9,57.9,151.0,12.6,43.3
20241125,3,1,1,2,5.5,48.0,26.3,56.3
20241126,2,1,8,8,248.3,214.0,26.3,56.3
20241127,2,1,12,9,29.8,478.0,12.6,43.3
20241128,5,1,6,6,5.7,43.0,11.9507,43.0807
20241128,8,1,13,3,10.7,115.0,13.083,43.4696
20241130,8,1,9,9,10.9,59.0,30.0173,32.1453
20241202,8,1,9,10,5.1,599.0,-33.5845,18.1823
20241205,8,1,11,9,0.7,458.0,27.2906,55.6126
20241206,5,1,14,2,51.7,465.0,21.4198,94.8561
20241208,2,1,11,9,5.9,14.0,25.9024,57.2896
20241209,7,1,1,1,8.4,69.0,27.2818,81.1223
20241210,7,1,3,2,139.1,599.0,26.3,56.3
20241210,8,1,10,4,11.4,17.0,13.3015,43.0486
20241211,4,1,25,15,71.2,366.0,32.6736,223.0948
20241211,6,1,19,13,3.5999999999999996,224.0,37.0824,94.76599999999999
20241213,4,1,1,5,9.7,14.0,30.6,32.3
20241213,5,1,13,1,7.2,60.0,19.3095,73.4391
20241213,6,1,2,5,6.7,111.0,26.3,56.3
20241216,6,1,3,7,3.7,31.0,12.6,43.3
20241217,5,1,15,9,81.2,2645.0,-34.0,18.5
20241218,7,1,8,3,52.2,413.0,12.6,43.3
20241219,3,1,8,7,5.5,72.0,30.0,122.0
20241219,4,1,8,9,62.9,380.0,12.6,43.3
20241220,2,1,11,5,61.7,181.0,31.2727,31.3076
20241220,7,1,9,1,38.2,384.0,12.6,43.3
20241221,3,1,1,6,4.3,15.0,13.7654,43.9546
20241221,5,1,3,2,32.8,45.0,12.6,43.3
20241221,8,1,1,3,8.6,203.0,26.3,56.3
20241222,4,1,13,4,10.8,78.0,9.7208,101.0644
20241222,6,1,11,8,36.5,65.0,15.8566,69.1859
20241224,6,1,4,5,65.9,227.0,25.0,51.0
20241224,7,1,5,3,45.4,326.0,11.978,42.5425
20241227,1,1,10,6,5.3,635.0,9.3939,101.6332
20241227,3,1,14,10,47.5,13.0,30.0122,32.1075
20241228,3,1,14,6,25.4,1832.0,-34.0883,19.282
20241229,5,1,14,10,12.0,291.0,4.7886,108.0822
20241230,3,1,14,4,3.0,70.0,26.3,56.3
20241230,7,1,10,1,12.7,32.0,12.5711,43.5192
20241231,1,1,8,7,34.3,503.0,26.3,56.3
20241231,6,1,12,10,1.6,11.0,31.9762,81.7997
20250101,7,2,11,9,76.9,872.0,30.6182,31.8948
20250103,2,2,13,4,20.2,23.0,-34.0,18.5
20250104,4,2,13,3,18.7,218.0,26.6563,55.4417
20250104,5,2,3,5,3.7,1.0,12.6,43.3
20250104,6,2,11,4,2.5,93.0,25.8536,57.1012
20250105,1,2,9,5,5.8,104.0,30.4413,32.1164
20250105,3,2,12,8,11.3,65.0,-34.0,18.5
20250105,4,2,7,8,26.8,429.0,26.3287,56.6791
20250106,7,2,5,6,153.4,127.0,31.1305,32.9659
20250107,1,2,12,5,12.9,29.0,12.6,43.3
20250107,3,2,5,5,5.2,5.0,12.2631,43.1056
20250107,5,2,16,15,181.5,434.0,-21.4,61.8
20250108,2,2,11,6,32.1,2972.0,13.7963,42.4753
20250109,1,2,14,8,25.2,51.0,26.3,56.3
20250109,2,2,10,5,6.0,91.0,12.5423,44.0708
20250109,5,2,12,2,2.6,65.0,30.6,32.3
20250110,7,2,11,7,0.1,69.0,12.4535,42.6716
20250111,2,2,2,9,18.1,58.0,-35.1201,18.3194
20250111,5,2,4,1,7.7,239.0,25.0,51.0
20250112,1,2,9,3,16.6,225.0,12.6,43.3
20250112,2,2,13,2,4.4,26.0,26.7755,55.57
20250112,4,2,11,9,60.7,595.0,25.2,86.6
20250113,1,2,11,9,69.5,648.0,13.6984,42.8204
20250113,2,2,1,2,9.3,27.0,30.6,32.3
20250115,1,2,15,1,22.8,14.0,12.8365,43.3572
20250115,3,2,5,5,4.3,14.0,26.3594,55.837
20250115,5,2,14,4,0.3,46.0,26.3,56.3
20250115,6,2,9,7,9.7,1346.0,26.6605,43.4899
20250116,5,2,6,5,17.1,5024.0,30.6986,33.2399
20250117,5,2,15,5,0.5,44.0,30.1796,32.1928
20250118,4,2,11,3,108.4,2.0,26.945,56.7661
20250120,2,2,12,6,2.7,35.0,27.2612,57.1964
20250120,4,2,12,3,4.8,14.0,-34.0,18.5
20250120,7,2,8,8,35.7,2.0,12.6,43.3
20250121,5,2,15,10,57.0,353.0,39.1081,98.6969
20250121,8,2,1,4,5.0,493.0,26.3,56.3
20250122,1,2,6,9,4.6,22.0,31.4403,31.9792
20250123,4,2,2,3,3.8,151.0,-34.0068,17.7156
20250124,8,2,5,10,2.1,35.0,29.0913,62.1694
20250125,2,2,13,5,29.799999999999997,269.0,51.1458,107.4479
20250126,4,2,15,6,0.5,33.0,13.5179,43.0779
20250128,7,2,14,5,2.5,1276.0,31.1568,31.3155
20250129,3,2,15,3,5.6,23.0,27.1128,57.1105
20250130,5,2,14,8,42.6,48.0,26.3,56.3
20250130,6,2,14,6,30.8,64.0,26.3,56.3
20250131,1,2,9,3,548.8,793.0,30.7468,32.4383
20250131,8,2,11,3,5.8,72.0,30.9215,32.0164
20250201,1,2,6,1,127.6,61.0,26.196,116.1505
20250201,5,2,17,12,180.4,3605.0,42.6,165.3
20250201,6,2,7,1,60.0,166.0,26.7759,55.9268
20250202,2,2,14,1,54.7,98.0,19.8592,49.379
20250203,6,2,12,1,16.1,357.0,12.6,43.3
20250203,7,2,9,9,2.8,209.0,12.6,43.3
20250204,1,2,3,2,1.9,27.0,12.6,43.3
20250205,3,2,12,3,41.3,353.0,12.6,43.3
20250206,1,2,12,2,53.2,163.0,2.5,101.9
20250206,7,2,19,6,108.10000000000001,1090.0,27.1002,152.05360000000002
20250207,2,2,10,1,9.2,114.0,9.57,53.8917
20250207,5,2,9,10,1.3,79.0,26.949,56.095
20250207,6,2,26,16,423.5,3078.0,62.778800000000004,152.2156
20250208,2,2,56,27,51.3,1254.0,103.6266,255.37009999999998
20250208,3,2,2,8,31.4,306.0,30.6,32.3
20250209,1,2,6,3,263.1,1123.0,12.9039,42.8864
20250211,1,2,6,4,38.4,44.0,12.7216,43.6814
20250211,5,2,8,7,35.8,602.0,12.6,43.3
20250212,4,2,1,4,1.2,37.0,30.6,32.3
20250212,7,2,14,6,11.0,115.0,33.3686,50.333
20250213,3,2,13,5,56.1,9.0,29.7573,31.7381
20250213,7,2,2,9,49.7,19.0,30.6,32.3
20250213,8,2,13,8,8.8,89.0,12.8798,43.4988
20250214,2,2,3,2,47.9,4628.0,12.6,43.3
20250214,5,2,8,16,102.9,65.0,44.0329,162.2697
20250216,8,2,2,9,82.4,137.0,26.3,56.3
20250217,6,2,2,8,3.8,132.0,30.6,32.3
20250217,8,2,6,4,72.1,1855.0,-34.0,18.5
20250219,5,2,5,2,990.0,6524.0,31.0568,116.9946
20250219,8,2,10,4,19.1,105.0,12.6967,43.9593
20250222,7,2,11,5,2.9,165.0,12.4606,43.8204
20250222,8,2,10,4,2.2,222.0,-34.0,18.5
20250223,6,2,4,6,8.8,46.0,25.0,51.0
20250224,1,2,17,10,31.8,198.0,38.9,99.6
20250225,1,2,6,6,1.1,342.0,23.1817,46.1442
20250226,2,2,7,8,2.1,44.0,29.2972,105.5274
20250226,4,2,8,7,104.5,587.0,31.2339,31.7073
20250226,6,2,7,7,12.3,441.0,27.4391,57.2108
20250226,7,2,10,4,1.8,91.0,26.6476,112.0617
20250227,3,2,12,2,17.2,30.0,12.6,43.3
20250227,6,2,2,3,1.7,270.0,26.3,56.3
20250228,2,2,3,10,5.8,713.0,12.6,43.3
20250301,5,2,7,5,0.8,82.0,13.5566,43.3741
20250303,7,2,5,7,1.8,5.0,26.7375,55.7596
20250304,2,2,1,5,4.3,88.0,12.6831,43.4153
20250304,6,2,4,8,20.0,270.0,25.0,51.0
20250304,7,2,6,5,43.2,32.0,25.501,56.1215
20250305,3,2,5,10,15.4,597.0,27.4745,56.8484
20250306,7,2,9,2,13.3,1509.0,30.8991,32.4921
20250307,3,2,13,9,21.7,51.0,30.4081,32.0654
20250308,7,2,15,8,114.5,139.0,55.372600000000006,135.5786
20250309,2,2,7,1,244.0,696.0,12.2583,41.7416
20250309,3,2,3,6,4.6,121.0,12.6,43.3
20250310,1,2,7,8,2.3,67.0,13.3769,42.5373
20250310,6,2,12,8,0.9,0.0,12.6,43.3
20250311,1,2,13,9,285.1,1572.0,27.0812,56.0941
20250311,4,2,12,5,83.3,435.0,12.6,43.3
20250311,5,2,11,3,1.8,43.0,29.956,31.6583
20250311,6,2,1,9,26.0,274.0,26.3,56.3
20250312,1,2,15,4,45.2,341.0,-34.0,18.5
20250312,5,2,10,10,7.8,402.0,1.5337,101.0446
20250312,8,2,23,5,61.1,647.0,38.6589,98.6822
20250313,8,2,15,8,1.8,79.0,12.5749,43.4533
20250314,7,2,13,1,0.2,1.0,27.1726,56.9978
20250315,4,2,14,2,18.0,1848.0,28.5895,119.2122
20250315,5,2,7,9,16.1,30.0,2.3553,102.1637
20250315,7,2,9,4,28.3,72.0,12.6,43.3
20250316,5,2,2,6,1.4,835.0,30.6,32.3
20250316,6,2,9,9,6.4,38.0,30.4521,31.9822
20250316,8,2,13,5,308.8,3984.0,-34.0,18.5
20250318,3,2,3,8,4.7,23.0,26.3,56.3
20250318,7,2,25,8,399.1,875.0,38.5869,100.6831
20250319,1,2,6,5,2.1,526.0,27.1415,56.4868
20250319,5,2,3,9,18.2,375.0,12.6,43.3
20250319,6,2,1,9,46.6,100.0,26.3,56.3
20250320,3,2,3,2,0.6,3.0,12.6,43.3
20250320,8,2,4,1,0.4,65.0,25.0,51.0
20250321,2,2,1,5,15.6,95.0,-33.5851,18.6739
20250321,6,2,14,8,10.8,252.0,17.8633,106.4354
20250322,1,2,10,8,51.1,323.0,12.3294,43.1717
20250322,8,2,12,10,34.3,961.0,25.595,56.6463
20250323,1,2,5,2,13.9,37.0,26.9528,56.1621
20250325,3,2,5,3,1.1,12.0,12.1019,44.1178
20250325,4,2,10,7,60.1,216.0,26.8089,55.6378
20250326,2,2,7,4,14.3,201.0,33.4077,75.4632
20250327,4,2,29,15,45.7,668.0,75.0082,182.5
20250327,7,2,6,4,8.2,92.0,12.8242,44.1153
20250328,3,2,22,6,27.6,199.0,39.8952,100.29849999999999
20250328,5,2,14,3,0.9,84.0,12.6,43.3
20250328,8,2,4,10,4.5,155.0,25.0,51.0
20250329,2,2,9,6,5.5,315.0,52.6,112.6
20250330,2,2,14,6,67.2,16.0,12.6,43.3
20250330,6,2,12,3,112.3,92.0,2.5,101.9
20250401,2,3,4,4,17.9,33.0,25.0,51.0
20250401,8,3,16,9,29.8,118.0,-23.7294,86.8555
20250402,3,3,12,4,110.5,206.0,12.6,43.3
20250402,6,3,7,4,212.3,528.0,13.0739,43.6257
20250402,7,3,14,8,2.3,40.0,12.6,43.3
20250403,1,3,14,2,15.3,56.0,24.051,75.5004
20250404,1,3,7,2,314.9,207.0,11.9333,43.1808
20250404,3,3,15,6,46.1,15.0,26.014,56.2058
20250404,6,3,14,10,22.8,193.0,26.3,56.3
20250406,1,3,9,8,2.1,30.0,31.1732,31.3894
20250407,1,3,23,14,35.3,310.0,38.4805,98.84639999999999
20250407,3,3,11,4,4.5,56.0,-34.0,18.5
20250408,1,3,9,5,134.8,1583.0,28.7412,43.2544
20250408,5,3,13,5,11.3,63.0,19.0579,87.2094
20250408,6,3,6,15,66.8,609.0,51.3,107.3
20250409,1,3,14,12,53.5,711.0,57.8232,130.2696
20250409,3,3,13,3,15.2,16.0,25.4035,78.0692
20250409,5,3,6,8,25.9,36.0,23.4516,97.3809
20250409,6,3,1,2,0.9,69.0,26.3,56.3
20250410,1,3,9,8,4.3,128.0,29.9992,32.7231
20250410,7,3,11,1,24.1,622.0,26.4881,57.1608
20250410,8,3,9,5,19.3,18.0,26.2009,55.8933
20250411,4,3,10,7,74.6,20.0,26.7633,56.4971
20250412,3,3,5,9,16.6,14.0,27.5,152.9
20250412,4,3,14,5,12.3,787.0,31.0251,31.6591
20250412,7,3,13,8,60.4,641.0,17.6549,113.5075
20250413,3,3,14,10,485.7,1470.0,-34.558,18.4534
20250413,4,3,11,9,4.2,82.0,12.6638,43.9345
20250414,5,3,5,3,11.0,1346.0,12.8345,43.0918
20250414,6,3,5,1,16.7,79.0,11.2787,104.7182
20250414,8,3,10,6,1.6,33.0,13.7266,43.8343
20250415,8,3,7,6,48.9,198.0,13.2998,42.6279
20250416,5,3,5,6,5.3,65.0,31.306,32.13
20250416,7,3,19,11,133.5,867.0,42.6851,76.13159999999999
20250417,1,3,8,2,43.3,102.0,29.6543,31.735
20250417,4,3,13,1,28.5,44.0,12.7236,43.7539
20250417,8,3,10,9,23.1,136.0,29.542,32.3655
20250418,3,3,2,4,124.7,42.0,13.1748,71.6581
20250419,1,3,6,2,16.0,128.0,12.6722,42.3876
20250419,3,3,8,7,64.2,623.0,30.0,122.0
20250419,6,3,3,2,15.3,26.0,12.6,43.3
20250421,3,3,11,4,119.6,548.0,11.8403,42.7102
20250421,6,3,4,5,0.4,56.0,25.0,51.0
20250423,7,3,7,5,3.1,53.0,11.8223,44.2595
20250424,4,3,12,2,12.2,5.0,30.6,32.3
20250424,5,3,12,4,3.0,24.0,10.9982,62.7155
20250425,2,3,10,4,28.9,41.0,19.3705,105.4868
20250425,3,3,5,10,55.2,118.0,25.502,56.1149
20250425,5,3,9,12,111.10000000000001,4060.0,52.4892,112.4582
20250426,7,3,2,6,1.3,124.0,19.8496,112.29
20250427,6,3,7,10,0.1,116.0,12.1929,42.4679
20250428,5,3,8,6,12.4,97.0,12.6,43.3
20250429,4,3,14,8,1.1,8.0,10.2013,83.8804
20250430,3,3,2,8,4.7,13.0,13.2185,43.334
20250430,6,3,12,3,13.9,730.0,12.6,43.3
20250430,7,3,13,6,99.0,673.0,2.9769,100.9233
20250501,2,3,14,5,3.4,231.0,26.3,56.3
20250501,3,3,13,8,112.9,109.0,29.7431,31.8093
20250502,4,3,6,5,27.2,76.0,26.6566,104.1385
20250502,6,3,9,2,34.9,76.0,26.216,55.6483
20250503,3,3,16,6,104.0,956.0,55.6,83.3
20250503,4,3,2,3,34.8,147.0,11.8032,43.6155
20250503,5,3,10,6,6.1,117.0,11.989,42.4559
20250503,7,3,2,3,2.0,2.0,-34.6358,18.8974
20250504,7,3,7,9,2.2,457.0,26.9408,57.2581
20250505,7,3,4,4,10.2,82.0,25.0,51.0
20250506,7,3,16,14,27.5,103.0,59.415,125.5278
20250507,1,3,9,6,259.7,121.0,26.4886,56.654
20250507,2,3,10,1,3.2,55.0,25.4484,102.7622
20250508,4,3,7,3,1.2,57.0,-34.0,18.5
20250508,6,3,11,8,21.1,271.0,18.9262,48.1196
20250508,8,3,2,6,11.7,18.0,26.3,56.3
20250509,3,3,12,8,33.0,203.0,30.6,32.3
20250509,8,3,6,3,6.1,12.0,12.1511,42.3396
20250510,1,3,17,8,23.900000000000002,1250.0,54.5511,113.8102
20250510,2,3,15,6,68.2,406.0,30.2303,31.3771
20250510,6,3,12,2,7.3,54.0,12.6,43.3
20250511,6,3,6,5,5.5,144.0,29.9335,31.3107
20250512,7,3,14,3,262.2,894.0,12.6,43.3
20250513,1,3,2,13,149.79999999999998,1317.0,43.6455,75.1626
20250513,6,3,9,18,42.0,97.0,52.2522,107.02940000000001
20250514,7,3,13,7,32.3,192.0,30.2732,80.1673
20250516,8,3,8,7,21.3,8.0,12.6,43.3
20250517,4,3,16,15,23.700000000000003,101.0,39.5169,99.5252
20250517,6,3,12,2,2.5,85.0,2.5,101.9
20250518,6,3,13,2,54.1,93.0,13.7357,42.5696
20250519,7,3,11,8,35.6,1565.0,27.1472,56.2374
20250520,4,3,15,6,49.1,263.0,12.6306,42.788
20250520,8,3,9,4,55.5,950.0,26.9068,57.1433
20250521,4,3,3,2,8.5,8.0,12.6,43.3
20250521,6,3,7,8,104.8,2507.0,15.5492,65.4875
20250522,8,3,15,4,94.1,21.0,13.469,43.507
20250523,3,3,19,13,10.2,99.0,25.835,86.54839999999999
20250525,5,3,12,2,2.8,4.0,27.362,56.428
20250525,6,3,8,5,9.1,205.0,12.6,43.3
20250525,8,3,14,5,12.3,61.0,28.6567,42.5634
20250526,4,3,4,8,17.4,100.0,25.0,51.0
20250526,6,3,17,11,12.5,332.0,26.2842,87.2853
20250526,8,3,22,18,6.4,304.0,26.0285,87.2033
20250527,5,3,15,8,180.0,605.0,27.1964,56.5416
20250528,2,3,10,2,16.4,42.0,26.4991,55.6986
20250528,4,3,25,13,13.100000000000001,245.0,38.8077,99.78630000000001
20250529,5,3,8,3,1.3,144.0,26.3,56.3
20250529,6,3,11,2,51.7,98.0,26.5153,56.4446
20250529,8,3,3,3,29.6,226.0,12.6,43.3
20250530,4,3,2,5,6.0,158.0,14.4088,95.5179
20250530,7,3,11,9,49.2,689.0,13.0092,43.652
20250531,4,3,5,12,152.79999999999998,1507.0,31.355400000000003,144.163
20250531,7,3,8,3,28.2,125.0,12.6,43.3
20250601,1,3,3,6,18.1,163.0,26.3,56.3
20250601,2,3,13,10,2.5,4.0,30.7797,53.4104
20250601,3,3,3,5,80.2,158.0,26.3,56.3
20250601,4,3,15,8,136.7,3944.0,25.8874,56.3549
20250601,5,3,5,3,10.7,104.0,11.928,42.8335
20250602,4,3,15,5,16.8,133.0,26.3911,55.5825
20250602,8,3,20,10,54.5,1004.0,2.5416000000000025,178.93619999999999
20250603,3,3,6,9,92.6,210.0,27.1844,56.8932
20250603,7,3,5,10,3.3,92.0,2.927,100.8741
20250604,1,3,15,10,29.0,336.0,14.2032,87.2471
20250604,4,3,4,9,154.2,120.0,25.0,51.0
20250604,6,3,12,10,5.4,64.0,21.9742,114.0294
20250605,4,3,12,7,118.2,567.0,12.6,43.3
20250605,7,3,2,4,2.2,74.0,-34.2804,18.2727
20250605,8,3,7,10,0.5,86.0,11.8673,43.7723
20250606,5,3,10,8,8.4,81.0,27.4866,56.7327
20250606,7,3,11,5,7.7,9.0,25.6689,55.4817
20250606,8,3,11,9,45.2,270.0,12.195,42.7826
20250608,3,3,15,11,66.9,316.0,46.8989,96.56790000000001
20250608,8,3,5,2,7.0,19.0,5.5242,42.8983
20250609,3,3,15,10,1.1,132.0,27.1022,55.7814
20250609,7,3,7,14,2.5,211.0,37.6,94.3
20250609,8,3,15,2,40.2,19.0,18.7989,92.6753
20250610,2,3,2,3,10.9,62.0,-33.7125,18.7839
20250611,6,3,7,8,36.4,1249.0,27.1437,55.353
20250612,4,3,8,7,2.6,144.0,31.1262,31.5898
20250612,6,3,14,5,17.2,408.0,31.0708,32.4592
20250613,8,3,10,8,45.3,162.0,12.8497,44.0072
20250614,3,3,22,12,10.8,128.0,38.6852,99.05170000000001
20250614,4,3,1,3,21.7,329.0,31.3203,106.3924
20250614,5,3,7,1,18.0,98.0,2.329,102.5716
20250615,1,3,1,6,21.2,9.0,30.9438,115.0124
20250615,3,3,12,10,0.4,59.0,12.6,43.3
20250615,5,3,6,10,10.1,1446.0,25.7891,55.3734
20250615,8,3,3,10,1.7,36.0,26.3,56.3
20250616,2,3,14,4,43.0,1726.0,13.6942,106.7139
20250616,5,3,9,9,11.4,13.0,28.0688,100.0235
20250616,8,3,10,5,78.0,1096.0,25.0403,46.5556
20250617,4,3,1,10,50.2,30.0,-33.5609,18.7381
20250617,8,3,1,5,19.0,737.0,2.5,101.9
20250618,5,3,8,7,26.5,430.0,30.2234,33.186
20250619,2,3,10,4,51.5,695.0,23.0482,112.4265
20250619,5,3,6,9,1.7,45.0,30.5671,31.9086
20250619,7,3,9,6,48.8,40.0,31.3203,31.4317
20250620,4,3,1,3,9.8,987.0,8.7547,40.2315
20250620,5,3,6,3,95.7,374.0,30.6096,31.8871
20250621,7,3,13,10,35.0,389.0,1.6304,101.5303
20250622,6,3,7,4,20.9,26.0,27.1049,56.4857
20250623,5,3,18,12,53.199999999999996,215.0,24.6633,86.59219999999999
20250624,2,3,6,5,2.0,13.0,11.9445,43.176
20250624,4,3,3,4,4.2,124.0,26.3,56.3
20250624,7,3,10,6,162.6,886.0,12.0441,43.438
20250625,3,3,1,7,15.3,50.0,26.3,56.3
20250625,6,3,6,5,5.4,46.0,26.1426,56.8559
20250625,7,3,12,2,45.7,11.0,25.8791,56.6905
20250626,5,3,6,1,9.0,22.0,22.0597,44.7796
20250626,7,3,3,1,45.4,300.0,12.6,43.3
20250629,5,3,14,10,0.9,25.0,12.6,43.3
20250629,6,3,12,9,99.4,266.0,30.6,32.3
20250630,3,3,8,4,10.2,52.0,26.3,56.3
20250701,2,4,8,4,34.6,63.0,12.6,43.3
20250701,3,4,10,4,2.3,207.0,26.67,56.9509
20250701,6,4,13,3,32.1,5.0,26.8507,56.5117
20250702,1,4,3,2,12.9,72.0,26.3,56.3
20250702,5,4,5,2,255.1,94.0,25.9934,56.3177
20250702,7,4,9,5,1.1,10.0,12.6,43.3
20250703,7,4,13,7,135.6,2925.0,16.0815,145.1139
20250703,8,4,3,2,10.4,28.0,12.6,43.3
20250704,8,4,5,9,9.2,52.0,26.8347,85.9103
20250705,5,4,18,13,126.1,441.0,25.127699999999997,86.6377
20250705,6,4,6,7,1.3,58.0,7.2427,50.8253
20250705,8,4,9,1,1.3,133.0,34.4682,97.1286
20250706,2,4,9,1,92.8,189.0,12.6,43.3
20250706,5,4,5,2,3.2,3.0,11.82,42.3796
20250707,1,4,8,3,3.6,17.0,30.0424,31.3814
20250707,3,4,9,6,7.5,17.0,26.9426,57.0897
20250707,7,4,16,11,123.7,1165.0,51.4388,108.275
20250708,8,4,12,7,14.0,95.0,27.1554,56.0234
20250709,4,4,3,5,15.2,85.0,12.6,43.3
20250709,5,4,6,4,36.1,430.0,12.1823,114.0162
20250710,2,4,1,4,67.9,33.0,30.6,32.3
20250710,4,4,9,2,23.2,84.0,12.6,43.3
20250711,1,4,6,10,1.3,55.0,2.7775,102.5459
20250711,2,4,1,7,10.9,36.0,26.3,56.3
20250711,5,4,20,17,8.899999999999999,280.0,50.745400000000004,143.0292
20250712,4,4,7,7,5.4,105.0,27.3357,55.717
20250713,3,4,11,7,91.7,842.0,23.2653,64.768
20250713,4,4,11,1,10.0,50.0,2.9332,100.8087
20250713,5,4,8,8,104.1,224.0,-34.0,18.5
20250713,6,4,5,10,10.9,17.0,27.0568,56.5504
20250715,1,4,14,4,13.2,60.0,26.3,56.3
20250715,2,4,1,6,2.5,27.0,26.3,56.3
20250715,6,4,8,7,1.4,24.0,12.6,43.3
20250716,3,4,7,5,76.1,192.0,30.331,33.0809
20250716,5,4,10,7,110.8,381.0,25.5833,56.1054
20250716,6,4,8,8,141.7,310.0,26.3,56.3
20250716,8,4,10,9,15.2,68.0,12.8695,43.4928
20250717,3,4,26,12,39.0,1233.0,62.9217,200.2812
20250717,7,4,20,6,37.8,86.0,47.8225,126.8225
20250718,2,4,4,7,8.4,35.0,25.0,51.0
20250718,4,4,7,1,143.3,55.0,25.6613,55.8449
20250719,2,4,13,1,56.9,287.0,6.8648,99.2518
20250719,3,4,10,14,37.5,211.0,38.9,99.6
20250719,8,4,13,3,62.6,1067.0,-34.0,18.5
20250720,2,4,18,22,100.5,3076.0,53.684,244.39589999999998
20250720,3,4,8,8,2.6,766.0,2.5,101.9
20250720,6,4,2,8,10.3,207.0,-33.655,18.6157
20250720,8,4,24,15,14.8,195.0,39.3663,143.75529999999998
20250721,2,4,15,8,3.9,128.0,30.0884,32.9991
20250721,7,4,28,16,21.4,416.0,63.9639,150.681
20250722,1,4,15,8,6.9,4.0,3.3674,101.8369
20250722,2,4,7,5,5.6,1.0,-34.0,18.5
20250722,3,4,4,7,199.7,226.0,25.0,51.0
20250722,5,4,3,5,19.4,11.0,12.6,43.3
20250722,7,4,10,7,16.6,429.0,-34.0,18.5
20250723,7,4,9,10,10.3,17.0,27.1193,55.9422
20250725,6,4,8,6,0.8,5.0,26.3,56.3
20250726,5,4,11,7,26.5,45.0,26.2429,57.2651
20250727,1,4,19,15,194.89999999999998,627.0,42.519999999999996,98.00280000000001
20250727,2,4,2,7,11.3,163.0,11.8551,44.2479
20250727,8,4,8,1,11.0,83.0,26.3,56.3
20250728,5,4,5,10,54.2,250.0,26.5266,55.3697
20250729,7,4,5,2,24.2,342.0,-34.0,18.5
20250730,3,4,4,2,10.4,221.0,25.0,51.0
20250731,4,4,6,2,82.6,285.0,30.0217,33.158
20250801,3,4,12,4,0.4,198.0,12.6,43.3
20250801,6,4,6,2,7.4,39.0,13.3213,44.1319
20250802,5,4,28,14,137.9,435.0,88.6197,191.2086
20250802,6,4,14,17,14.3,102.0,44.3928,102.2415
20250802,7,4,8,4,3.7,194.0,31.211,32.2218
20250803,1,4,10,7,88.4,1202.0,-34.0,18.5
20250804,1,4,6,1,59.8,1009.0,13.2994,42.4562
20250804,2,4,13,9,11.6,129.0,12.1055,43.2653
20250804,4,4,10,6,1.8,27.0,29.6407,64.3124
20250804,5,4,12,18,55.400000000000006,1381.0,-3.3999999999999986,50.8
20250804,7,4,2,6,1.9,8.0,13.0225,42.4184
20250805,1,4,15,5,12.3,67.0,26.1668,57.2379
20250806,1,4,7,1,28.7,147.0,35.0873,95.2081
20250806,5,4,4,10,37.7,5.0,25.0,51.0
20250806,7,4,4,4,0.2,65.0,25.0,51.0
20250807,2,4,5,4,15.4,10.0,26.2378,56.0109
20250807,3,4,7,4,4.8,9.0,12.8877,43.9473
20250807,4,4,13,4,82.4,393.0,27.2475,56.2583
20250807,6,4,13,6,17.6,88.0,29.7878,31.6602
20250807,8,4,1,5,123.6,607.0,26.3,56.3
20250808,3,4,26,4,71.0,334.0,-11.354500000000002,88.8711
20250808,4,4,5,6,26.7,672.0,26.8718,58.3134
20250808,6,4,7,8,3.8,18.0,13.0349,43.6482
20250809,1,4,6,2,297.8,1183.0,12.1674,43.1656
20250809,2,4,8,7,27.0,81.0,12.6,43.3
20250809,3,4,5,5,9.9,9.0,13.5852,42.5676
20250809,4,4,1,10,38.5,299.0,26.3,56.3
20250809,7,4,1,3,2.5,29.0,26.3,56.3
20250810,1,4,8,10,38.1,805.0,12.6,43.3
20250811,3,4,15,8,9.6,442.0,13.74,43.6126
20250811,4,4,3,2,10.4,0.0,12.6,43.3
20250811,6,4,4,9,139.6,253.0,25.0,51.0
20250811,7,4,6,6,196.1,264.0,4.9838,113.9835
20250812,3,4,9,7,102.0,713.0,12.6,43.3
20250813,4,4,14,5,3.4,449.0,12.6,43.3
20250813,6,4,4,4,113.6,1116.0,25.0,51.0
20250813,8,4,1,5,175.6,217.0,12.232,42.6004
20250814,2,4,5,1,130.7,714.0,6.7705,40.6523
20250814,4,4,11,13,240.5,137.0,38.9,99.6
20250814,5,4,9,5,17.7,384.0,-34.3596,17.7594
20250814,8,4,7,7,50.3,263.0,6.5523,109.2101
20250815,2,4,9,5,16.8,193.0,12.6,43.3
20250816,1,4,13,16,405.5,2363.0,39.8185,99.2447
20250816,7,4,9,8,2.1,17.0,26.6784,55.5855
20250817,3,4,3,2,96.8,185.0,12.6,43.3
20250817,7,4,14,8,57.5,16.0,26.3,56.3
20250818,6,4,1,7,47.0,41.0,13.1498,43.7703
20250818,8,4,10,3,1.4,98.0,27.4862,55.4356
20250819,1,4,14,6,21.1,619.0,12.6,43.3
20250819,2,4,13,6,4.5,9.0,13.2705,42.3317
20250819,4,4,1,8,313.6,125.0,13.2896,43.9667
20250819,6,4,2,6,27.5,636.0,12.0821,42.4123
20250819,7,4,15,15,7.6,26.0,39.3259,99.6262
20250820,1,4,8,8,32.0,54.0,26.3,56.3
20250820,8,4,11,3,7.2,24.0,27.4485,55.9677
20250822,5,4,9,8,5.2,22.0,12.6,43.3
20250822,7,4,13,13,12.399999999999999,580.0,15.1,145.2
20250823,5,4,10,6,9.6,8.0,-34.0,18.5
20250823,6,4,4,2,273.3,1321.0,25.0,51.0
20250823,8,4,2,8,82.9,57.0,30.6,32.3
20250825,6,4,4,9,2.7,12.0,25.0,51.0
20250826,2,4,12,3,120.10000000000001,998.0,25.2,86.6
20250827,2,4,1,10,30.4,421.0,13.1449,42.8305
20250827,6,4,9,7,10.6,11.0,35.4201,73.8273
20250828,3,4,12,6,4.0,55.0,12.6,43.3
20250828,7,4,6,5,19.4,27.0,2.5089,100.9405
20250829,1,4,8,2,6.2,471.0,36.1013,90.0325
20250829,3,4,6,3,11.6,71.0,7.0669,40.637
20250829,6,4,10,2,47.2,50.0,25.5968,55.6459
20250829,7,4,8,1,17.5,179.0,-34.0,18.5
20250830,3,4,11,2,246.1,400.0,11.4362,75.6918
20250830,6,4,9,3,33.8,1871.0,17.0369,84.3592
20250830,7,4,9,10,56.8,62.0,26.4656,55.5835
20250831,1,4,8,2,81.9,1257.0,26.3,56.3
20250831,3,4,14,1,64.3,33.0,12.6,43.3
20250831,8,4,10,16,756.0,1357.0,-21.1207,62.3109
20250901,4,4,14,7,7.5,70.0,10.7391,105.5614
20250901,6,4,12,5,25.1,41.0,7.0941,105.1797
20250901,7,4,8,3,357.5,196.0,26.3,56.3
20250901,8,4,1,7,59.3,6.0,12.9622,42.7315
20250902,5,4,1,1,1.6,192.0,10.5642,74.9404
20250903,2,4,6,3,24.1,98.0,12.9961,43.2108
20250903,5,4,14,3,2.5,6.0,26.3,56.3
20250903,6,4,3,1,54.9,1587.0,26.3,56.3
20250903,7,4,3,4,248.6,219.0,12.6,43.3
20250904,2,4,4,12,5.2,153.0,-22.372499999999995,62.436899999999994
20250904,3,4,7,2,6.5,173.0,-34.0,18.5
20250904,6,4,7,7,20.6,133.0,11.981,42.8062
20250905,3,4,23,11,108.5,289.0,-7.557400000000001,75.70779999999999
20250905,6,4,4,9,47.1,152.0,25.0,51.0
20250905,7,4,13,6,3.8,19.0,8.0765,116.3659
20250906,1,4,14,8,46.2,404.0,26.3,56.3
20250907,2,4,12,10,29.2,871.0,12.6,43.3
20250908,2,4,7,6,8.6,232.0,29.8078,31.8422
20250910,4,4,25,8,48.3,503.0,-7.699999999999999,74.8
20250911,3,4,1,10,11.8,3.0,7.6402,79.6998
20250911,5,4,10,1,42.7,1.0,11.9097,43.8762
20250911,8,4,1,7,120.4,190.0,12.9504,43.2074
20250912,1,4,12,10,122.8,115.0,37.6,94.3
20250912,2,4,3,1,21.6,84.0,12.6,43.3
20250912,3,4,4,1,12.7,136.0,25.0,51.0
20250912,4,4,13,2,4.0,71.0,12.4388,43.9408
20250912,6,4,7,14,36.199999999999996,118.0,38.1958,100.91
20250912,8,4,9,1,3.3,127.0,31.6359,118.5073
20250913,2,4,3,2,8.8,154.0,12.6,43.3
20250913,7,4,4,10,292.5,13.0,25.0,51.0
20250914,4,4,8,9,0.1,104.0,12.6,43.3
20250915,5,4,5,9,143.6,25.0,-34.0,18.5
20250915,8,4,5,7,6.9,77.0,30.5648,33.1389
20250916,4,4,15,1,0.9,108.0,12.8077,42.7239
20250917,1,4,13,5,198.1,33.0,12.4661,43.6924
20250917,2,4,6,4,74.2,1314.0,-34.0,18.5
20250917,7,4,3,9,9.9,59.0,26.3,56.3
20250918,1,4,10,4,3.2,7.0,27.3296,56.4064
20250918,2,4,13,6,293.1,658.0,7.1594,72.2493
20250918,3,4,13,2,3.3,311.0,12.3048,42.9388
20250918,6,4,3,9,10.7,2.0,12.6,43.3
20250918,8,4,14,7,13.8,194.0,26.3,56.3
20250919,4,4,15,11,114.7,198.0,48.224199999999996,111.3786
20250920,1,4,5,3,26.4,254.0,-34.0,18.5
20250920,5,4,1,4,26.4,2664.0,10.9099,67.1918
20250921,2,4,7,1,45.0,129.0,-34.0,18.5
20250922,3,4,8,5,35.4,472.0,30.9219,32.0434
20250922,5,4,8,2,2.9,40.0,20.0,90.0
20250922,6,4,12,3,10.8,34.0,12.6,43.3
20250923,4,4,2,9,16.1,783.0,26.3,56.3
20250923,6,4,12,1,88.0,34.0,-34.0,18.5
20250923,7,4,15,5,8.3,79.0,-34.0,18.5
20250924,3,4,13,2,152.0,1496.0,11.945,44.1003
20250924,4,4,10,7,10.3,25.0,11.9458,43.2473
20250924,6,4,3,6,67.9,98.0,12.6,43.3
20250925,3,4,12,7,4.2,8.0,12.6,43.3
20250925,5,4,6,1,8.0,148.0,21.9177,68.2894
20250926,6,4,13,10,11.6,23.0,26.6587,55.5689
20250927,2,4,14,9,237.6,2733.0,12.6,43.3
20250927,3,4,3,4,2.2,16.0,12.6,43.3
20250927,4,4,4,4,0.9,37.0,25.0,51.0
20250927,6,4,7,4,60.0,937.0,-34.0,18.5
20250927,7,4,7,4,75.7,27.0,25.1303,80.6317
20250929,2,4,8,10,2.2,229.0,-34.0,18.5
20250929,3,4,5,10,19.6,2.0,3.0856,100.7834
20250929,8,4,30,15,126.3,956.0,51.2762,161.9959
20250930,4,4,7,13,87.8,593.0,40.8467,114.661
20250930,8,4,9,10,2.9,213.0,12.6,43.3
20251001,3,5,3,6,6.6,89.0,12.6,43.3
20251001,5,5,5,4,318.0,608.0,29.9169,32.4685
20251002,2,5,15,5,1.7,157.0,13.1089,43.6384
20251003,5,5,6,10,24.4,251.0,15.0862,107.5591
20251003,6,5,7,1,1.1,30.0,30.0911,32.5455
20251004,3,5,4,4,0.6,524.0,25.0,51.0
20251004,5,5,5,1,10.3,75.0,12.4633,43.5157
20251004,6,5,4,6,31.4,268.0,25.0,51.0
20251004,8,5,28,15,59.1,503.0,87.1385,174.4814
20251006,7,5,10,14,212.3,1078.0,30.1918,108.4422
20251007,3,5,14,2,4.7,42.0,17.2728,90.1194
20251007,5,5,15,1,29.3,901.0,30.1098,32.8971
20251007,6,5,9,10,9.7,67.0,21.1876,67.6348
20251009,1,5,4,6,2.1,86.0,25.0,51.0
20251009,5,5,14,5,3.8,7.0,-34.4638,18.7531
20251010,1,5,10,8,23.3,91.0,-34.0,18.5
20251010,4,5,8,2,13.6,98.0,12.6,43.3
20251010,5,5,13,3,22.6,307.0,30.7553,91.0123
20251010,7,5,1,4,21.1,150.0,26.3,56.3
20251011,1,5,15,6,85.9,149.0,27.2896,56.0998
20251011,3,5,8,9,440.9,394.0,12.6,43.3
20251011,6,5,7,1,4.2,16.0,26.7194,56.464
20251012,2,5,1,1,9.5,318.0,26.3,56.3
20251012,3,5,13,3,69.2,1072.0,26.2004,56.4579
20251012,4,5,6,4,0.2,29.0,13.6714,43.6717
20251012,7,5,1,9,14.8,41.0,26.3,56.3
20251012,8,5,1,3,1.2,129.0,-33.5507,18.7672
20251014,3,5,12,6,3.1,177.0,26.4359,57.1098
20251014,5,5,14,16,28.9,310.0,60.577999999999996,136.8542
20251015,4,5,4,12,123.4,364.0,59.6002,108.09299999999999
20251016,7,5,15,17,86.49999999999999,214.0,66.2454,156.1378
20251016,8,5,14,9,16.2,121.0,26.3,56.3
20251017,1,5,4,9,4.8,2.0,25.0,51.0
20251017,2,5,3,8,13.2,75.0,12.6,43.3
20251018,1,5,5,8,224.8,253.0,14.6629,69.865
20251018,2,5,3,3,12.5,40.0,26.3,56.3
20251019,5,5,7,7,116.6,100.0,12.7287,44.1851
20251019,7,5,2,8,53.7,319.0,32.6474,53.0578
20251019,8,5,14,9,12.0,44.0,12.6,43.3
20251020,6,5,2,6,5.1,137.0,-34.4285,18.4239
20251021,3,5,23,7,41.4,504.0,37.4679,218.3711
20251021,5,5,15,7,6.0,86.0,20.4979,46.3522
20251022,4,5,3,10,71.2,337.0,12.6,43.3
20251022,6,5,8,7,24.2,17.0,30.7904,33.0297
20251023,3,5,11,3,30.7,59.0,-34.0,18.5
20251023,7,5,7,3,209.8,72.0,30.8105,32.5047
20251023,8,5,7,10,32.2,213.0,22.842399999999998,151.21929999999998
20251024,3,5,5,1,10.0,12.0,26.3178,56.2142
20251024,4,5,5,9,76.6,437.0,26.2818,55.506
20251024,6,5,7,2,2.6,36.0,26.4616,56.6494
20251024,8,5,13,9,64.6,19.0,27.2748,55.5594
20251026,3,5,20,19,182.1,331.0,34.6991,177.62130000000002
20251027,5,5,12,2,49.0,198.0,30.6,32.3
20251027,8,5,16,10,45.0,107.0,37.6,94.3
20251028,1,5,5,7,19.9,1107.0,13.2869,43.0402
20251028,3,5,10,2,7.5,267.0,26.515,57.0982
20251028,5,5,1,7,7.5,259.0,26.3,56.3
20251028,7,5,8,9,18.3,7.0,12.6,43.3
20251028,8,5,15,8,44.6,382.0,23.1537,40.9563
20251029,5,5,2,4,4.0,18.0,26.3,56.3
20251031,2,5,12,3,7.1,87.0,60.4771,64.4093
20251031,4,5,8,8,124.6,92.0,15.0,65.0
20251031,6,5,1,9,7.6,26.0,19.8004,79.2338
20251102,6,5,10,4,5.2,118.0,2.7319,101.2231
20251102,8,5,3,9,11.4,8.0,12.6,43.3
20251104,1,5,17,4,7.3999999999999995,501.0,38.9,99.6
20251104,3,5,8,5,61.3,139.0,12.6,43.3
20251104,5,5,5,7,7.5,14.0,25.9588,55.3101
20251105,1,5,9,16,97.0,383.0,-8.114099999999997,74.78699999999999
20251105,2,5,14,2,3.5,16.0,12.6,43.3
20251105,5,5,4,10,21.7,240.0,25.0,51.0
20251105,7,5,10,9,6.8,13.0,26.9467,55.9797
20251105,8,5,15,6,8.5,33.0,12.6805,43.6875
20251106,5,5,4,10,150.9,509.0,25.0,51.0
20251106,6,5,15,10,4.8,91.0,29.6273,31.7939
20251106,8,5,6,8,16.4,110.0,13.081,43.7643
20251107,5,5,9,6,82.0,257.0,-34.6443,18.0464
20251107,7,5,15,1,27.4,1042.0,26.2756,56.0846
20251109,2,5,14,3,46.0,32.0,26.3,56.3
20251109,5,5,11,10,1.7,50.0,1.9655,100.848
20251109,6,5,12,3,22.3,26.0,12.6,43.3
20251110,1,5,14,2,1.6,54.0,28.9903,112.567
20251110,6,5,11,3,2.7,22.0,8.7812,89.3205
20251110,8,5,5,1,11.2,398.0,2.2915,100.8306
20251111,7,5,9,8,0.3,38.0,17.2509,103.3239
20251112,1,5,8,6,46.0,189.0,26.3,56.3
20251113,3,5,8,16,118.8,371.0,40.1807,99.2567
20251115,6,5,10,9,16.3,25.0,18.4992,95.2895
20251116,1,5,1,5,46.6,45.0,26.3,56.3
20251117,3,5,8,5,19.7,261.0,50.0,102.0
20251117,7,5,9,7,22.3,235.0,26.5235,56.2615
20251118,2,5,12,11,99.5,305.0,38.9,99.6
20251118,6,5,11,1,25.6,562.0,-34.0,18.5
20251118,8,5,5,2,18.8,177.0,11.8743,43.5614
20251119,5,5,8,3,36.7,16.0,30.0,122.0
20251119,7,5,8,14,239.9,826.0,-31.6552,118.91159999999999
20251119,8,5,12,18,27.6,159.0,51.3,107.3
20251120,4,5,4,6,2.4,62.0,25.0,51.0
20251121,1,5,9,3,13.4,94.0,-34.9894,19.1973
20251121,2,5,6,8,5.5,167.0,12.0979,43.1981
20251122,3,5,3,8,3.9,29.0,12.6,43.3
20251122,4,5,1,1,86.0,0.0,12.5125,42.8887
20251123,2,5,13,2,287.0,1748.0,-34.0,18.5
20251123,5,5,10,6,187.3,224.0,-34.0,18.5
20251124,2,5,10,5,1.7,23.0,12.2028,117.4357
20251124,3,5,10,2,5.3,169.0,6.9361,87.7008
20251124,7,5,2,2,2.7,15.0,11.8496,44.1615
20251125,5,5,7,4,23.8,287.0,20.8977,89.745
20251126,3,5,4,9,4.5,18.0,25.0,51.0
20251126,5,5,15,10,6.6,95.0,26.7153,56.6993
20251126,6,5,10,7,14.5,13.0,12.8784,43.6373
20251127,4,5,6,3,23.5,102.0,22.9316,109.1938
20251127,8,5,25,7,86.8,1684.0,39.5754,100.34649999999999
20251128,4,5,13,10,0.5,13.0,16.2901,115.725
20251128,6,5,9,6,60.2,574.0,12.6,43.3
20251129,1,5,9,5,177.4,415.0,29.7444,32.5948
20251129,2,5,12,2,7.9,138.0,6.4246,41.5495
20251129,3,5,1,3,47.9,358.0,26.3,56.3
20251129,6,5,9,7,42.0,23.0,30.4823,31.6494
20251129,7,5,21,13,113.9,745.0,-18.8871,58.8832
20251130,5,5,11,4,13.0,239.0,27.351,100.9366
20251201,2,5,7,4,5.6,107.0,-34.0,18.5
20251201,8,5,12,7,25.4,396.0,30.6,32.3
20251204,1,5,7,5,72.1,309.0,1.8002,102.2707
20251205,5,5,12,5,20.4,252.0,12.6,43.3
20251206,1,5,8,6,8.0,375.0,37.0,135.0
20251206,6,5,7,7,15.4,52.0,27.244,57.148
20251206,7,5,18,8,44.9,107.0,14.4991,145.0521
20251207,4,5,8,17,372.7,1247.0,38.5069,100.1424
20251208,6,5,7,2,1.5,48.0,5.4817,44.7494
20251209,4,5,12,3,4.5,106.0,12.6,43.3
20251209,6,5,11,9,144.7,662.0,26.1084,56.0456
20251209,7,5,3,2,67.5,95.0,12.6,43.3
20251209,8,5,7,10,5.9,41.0,27.222,55.7795
20251211,6,5,11,2,4.5,148.0,13.5831,43.0271
20251212,1,5,1,8,5.2,52.0,13.6278,44.0284
20251212,2,5,13,8,21.2,48.0,26.5077,57.1478
20251212,5,5,13,9,9.5,199.0,12.4109,108.0109
20251212,7,5,14,3,4.1,568.0,12.6,43.3
20251213,2,5,12,9,133.7,623.0,-34.0,18.5
20251213,3,5,3,1,109.3,422.0,12.6,43.3
20251213,6,5,6,6,8.3,222.0,2.7641,100.9469
20251214,5,5,14,2,14.5,41.0,26.3,56.3
20251214,6,5,1,7,28.6,115.0,12.5508,43.9992
20251218,4,5,3,5,12.6,110.0,26.3,56.3
20251218,5,5,14,10,2.9,545.0,12.6,43.3
20251218,6,5,10,8,9.8,32.0,34.3806,59.4472
20251220,8,5,9,6,100.5,604.0,25.677,56.9987
20251221,3,5,2,8,3.2,480.0,12.2236,57.8981
20251221,8,5,7,2,19.5,142.0,31.1777,33.1851
20251222,1,5,1,7,10.1,37.0,26.3,56.3
20251223,5,5,12,7,36.3,448.0,26.3495,55.9382
20251223,7,5,13,5,78.7,251.0,26.0257,56.6678
20251223,8,5,1,4,14.4,303.0,26.3,56.3
20251224,5,5,2,6,1.3,5.0,26.3,56.3
20251224,8,5,13,9,91.6,627.0,12.7134,42.8337
20251225,6,5,3,6,30.1,251.0,12.6,43.3
20251225,8,5,4,6,49.3,65.0,25.0,51.0
20251226,3,5,2,9,5.0,154.0,31.9114,117.9764
20251226,4,5,6,7,101.4,8.0,-34.0,18.5
20251226,7,5,6,3,11.2,197.0,12.1827,43.3023
20251227,2,5,15,5,52.3,153.0,57.8668,87.6952
20251227,6,5,2,8,57.9,450.0,30.6,32.3
20251228,2,5,5,1,185.2,112.0,30.1899,31.8057
20251229,6,5,6,6,0.5,6.0,10.7529,83.2072
20251230,3,5,4,9,10.4,5.0,25.0,51.0
20251230,6,5,6,9,285.1,153.0,26.0181,55.3257
20251230,7,5,4,7,0.9,88.0,25.0,51.0
20251231,1,5,3,9,827.0,2803.0,12.6,43.3
20251231,4,5,16,10,111.0,422.0,24.941499999999998,86.9609
20260101,8,6,10,9,3.0,419.0,23.2691,55.5176
20260102,1,6,11,6,16.6,20.0,13.2364,42.5566
20260102,4,6,13,10,17.4,484.0,11.8487,42.9918
20260103,3,6,11,3,1.4,95.0,25.5032,57.1565
20260104,5,6,4,3,91.3,999.0,25.0,51.0
20260104,7,6,13,5,16.1,52.0,30.8497,31.8903
20260105,3,6,7,8,75.4,684.0,30.1879,32.4109
20260105,5,6,10,1,23.5,596.0,9.5799,104.9333
20260106,6,6,1,7,0.4,1.0,12.9015,43.2584
20260107,4,6,3,3,5.2,31.0,12.6,43.3
20260108,4,6,6,6,80.2,573.0,12.3114,42.9887
20260109,2,6,11,10,42.3,632.0,30.5067,31.4894
20260109,3,6,3,3,5.8,0.0,12.6,43.3
20260109,7,6,8,1,7.1,24.0,-34.0,18.5
20260110,5,6,3,2,0.1,19.0,26.3,56.3
20260110,6,6,13,9,3.3,279.0,11.9641,42.3572
20260111,5,6,3,8,3.5,101.0,12.6,43.3
20260113,1,6,17,12,18.1,34.0,27.9725,158.5075
20260113,4,6,6,2,2.1,24.0,31.4315,32.8308
20260113,5,6,13,9,1.6,62.0,29.8996,61.3209
20260114,2,6,8,5,3.7,255.0,26.3,56.3
20260114,5,6,7,13,379.6,20.0,-22.538700000000002,62.9992
20260115,2,6,5,5,14.1,26.0,26.4629,56.189
20260115,6,6,10,8,160.6,926.0,29.6408,33.0197
20260116,8,6,9,6,3.3,122.0,26.6188,56.3178
20260117,4,6,7,2,18.3,1088.0,13.2587,44.0364
20260117,6,6,13,9,17.3,4.0,30.1992,31.4207
20260117,7,6,13,4,5.7,36.0,31.4102,32.7698
20260117,8,6,4,4,14.6,1290.0,25.0,51.0
20260118,1,6,8,7,81.1,91.0,12.6,43.3
20260118,6,6,2,1,53.8,2657.0,2.5,101.9
20260119,2,6,9,3,5.9,26.0,27.0158,56.6593
20260120,8,6,15,5,33.6,38.0,30.9014,31.384
20260121,7,6,3,5,10.5,711.0,26.3,56.3
20260122,1,6,2,5,16.0,119.0,-33.6375,19.0369
20260123,3,6,4,4,80.4,666.0,25.0,51.0
20260124,7,6,11,10,0.4,8.0,30.7591,32.4318
20260124,8,6,12,16,2.4,78.0,44.0015,165.03179999999998
20260128,8,6,10,2,6.0,236.0,-34.0,18.5
20260129,3,6,13,2,5.8,49.0,13.6461,44.0672
20260129,7,6,10,1,10.7,778.0,13.5712,42.8249
20260131,3,6,8,10,13.1,24.0,-34.0,18.5
20260131,5,6,5,6,43.0,460.0,30.9235,33.126
20260201,4,6,8,5,34.7,46.0,30.3052,32.6651
20260202,5,6,9,8,16.6,172.0,26.0704,57.1095
20260202,6,6,7,1,12.3,412.0,1.7516,101.2358
20260202,7,6,14,7,19.5,109.0,9.192,59.0057
20260203,2,6,14,1,135.3,511.0,12.6,43.3
20260203,3,6,8,8,0.7,18.0,26.3,56.3
20260203,8,6,9,8,40.1,267.0,12.6,43.3
20260204,1,6,1,5,8.0,142.0,26.3,56.3
20260204,8,6,3,7,94.6,58.0,12.6,43.3
20260205,4,6,15,6,6.2,79.0,25.3814,44.9712
20260205,6,6,5,10,13.7,262.0,25.9739,55.5778
20260205,7,6,3,5,2.6,5.0,12.6,43.3
20260206,4,6,9,7,0.1,103.0,-34.3157,18.9319
20260208,5,6,4,9,1.2,2.0,25.0,51.0
20260209,8,6,5,10,24.1,81.0,30.354,31.6901
20260210,1,6,6,9,111.9,1129.0,8.9946,118.983
20260210,5,6,6,3,28.8,1913.0,13.3085,43.5041
20260211,1,6,15,6,11.2,102.0,30.5976,31.6269
20260211,4,6,2,7,23.7,190.0,26.3,56.3
20260212,1,6,11,8,5.7,69.0,30.4802,31.8595
20260212,8,6,14,1,15.0,241.0,26.3,56.3
20260213,1,6,4,6,0.0,14.0,25.0,51.0
20260213,2,6,9,3,10.0,181.0,29.621,32.7633
20260213,5,6,2,3,90.0,272.0,32.4425,52.3299
20260214,6,6,11,9,1.2,229.0,12.5759,43.9984
20260214,8,6,14,6,1.4,82.0,30.0207,55.5185
20260216,7,6,11,2,20.7,122.0,12.7364,44.1235
20260217,3,6,1,8,7.7,61.0,32.9785,80.5839
20260217,6,6,1,1,82.7,430.0,30.6,32.3
20260219,3,6,10,1,47.6,583.0,12.533,44.0939
20260219,4,6,15,10,25.3,373.0,-34.0,18.5
20260219,5,6,14,7,3.7,2.0,12.6,43.3
20260220,2,6,9,1,19.9,33.0,27.5451,46.3345
20260221,1,6,14,7,0.3,34.0,14.7571,112.5757
20260221,2,6,7,3,8.9,44.0,29.9205,33.1545
20260221,4,6,10,10,7.1,1.0,25.8257,56.9211
20260221,7,6,6,2,31.6,188.0,15.4436,107.9776
20260223,1,6,10,5,7.8,31.0,26.6138,57.1856
20260223,4,6,8,8,12.5,482.0,26.3,56.3
20260223,5,6,10,4,106.0,249.0,12.193,43.9572
20260223,6,6,9,9,7.1,26.0,12.6,43.3
20260224,5,6,1,6,2.8,61.0,29.9887,59.7086
20260226,1,6,5,5,8.3,19.0,29.4124,89.4084
20260227,3,6,21,13,78.3,904.0,46.1951,126.0628
20260227,5,6,3,8,3.5,10.0,12.6,43.3
20260301,1,6,12,3,5.1,4.0,30.6,32.3
20260302,6,6,2,5,0.3,136.0,2.5,101.9
20260303,1,6,23,16,177.6,2015.0,24.8968,86.09129999999999
20260303,8,6,5,1,0.2,313.0,12.2706,42.7269
20260305,1,6,19,8,21.3,397.0,52.9536,113.09110000000001
20260305,2,6,1,3,1.7,146.0,26.3,56.3
20260305,3,6,13,7,25.2,474.0,2.9166,102.2821
20260305,5,6,4,6,36.2,108.0,25.0,51.0
20260307,5,6,14,6,639.5,552.0,26.3,56.3
20260307,8,6,8,6,4.8,81.0,12.6,43.3
20260309,1,6,1,2,9.9,27.0,12.6054,44.1763
20260309,7,6,5,8,29.3,700.0,25.8333,56.8452
20260311,1,6,7,4,6.1,91.0,27.1179,56.6845
20260311,2,6,4,8,14.9,32.0,25.0,51.0
20260311,6,6,11,2,17.4,765.0,13.0668,43.1144
20260311,8,6,13,8,206.8,570.0,1.5645,102.1148
20260312,4,6,1,8,0.6,180.0,13.482,42.4784
20260312,5,6,10,4,7.5,3.0,5.9184,65.1259
20260313,4,6,7,3,15.0,1584.0,-34.0,18.5
20260313,5,6,13,1,12.0,345.0,12.6805,43.6407
20260313,8,6,9,8,28.8,137.0,12.6,43.3
20260314,8,6,10,5,34.4,927.0,18.0578,101.7905
20260315,6,6,2,2,190.7,1254.0,13.6003,44.0584
20260316,1,6,7,3,38.0,13.0,28.7871,118.45
20260316,2,6,5,5,1.8,30.0,12.2285,42.8045
20260316,6,6,5,6,101.9,19.0,13.4731,42.8242
20260318,5,6,2,7,29.7,1.0,26.3,56.3
20260320,3,6,8,3,16.9,146.0,12.6,43.3
20260320,6,6,10,6,7.8,163.0,12.8533,42.5286
20260320,7,6,10,5,60.6,233.0,-34.0,18.5
20260321,4,6,10,5,20.8,226.0,12.8671,42.9621
20260322,1,6,14,6,455.3,80.0,26.3,56.3
20260322,3,6,26,11,122.1,508.0,38.9,99.6
20260322,8,6,11,15,4.2,311.0,38.9,99.6
20260323,6,6,7,10,0.1,61.0,-34.0,18.5
20260324,2,6,11,10,118.2,547.0,27.3486,57.0351
20260324,4,6,8,9,6.2,14.0,12.6,43.3
20260324,8,6,5,4,51.6,629.0,8.0674,74.8848
20260325,3,6,10,10,236.8,775.0,29.6955,115.9076
20260325,6,6,3,1,50.8,199.0,12.6,43.3
