country_key,date_key,conflict_phase_key,supply_chain_disruption_index,estimated_gdp_impact_musd,avg_delivery_delay_days,input_cost_increase_pct,inventory_stress_score,supplier_diversification_score,import_volume_kbpd,me_share_pct,alternative_source_pct,price_premium_pct,disruption_risk_score,spr_days_cover,estimated_cost_musd,effectiveness_score,me_dependency_reduction_pct,brent_crude_usd_bbl,wti_crude_usd_bbl,dubai_oman_crude_usd_bbl,henry_hub_ng_usd_mmbtu,jkm_lng_usd_mmbtu,singapore_gasoil_usd_bbl,jet_fuel_usd_bbl,coal_newcastle_usd_ton,brent_wti_spread,asian_premium_pct,volatility_index
1,20241001,1,80.4,0.0,8.1,0.0,14.1,52.0,10959.3,262.77,329.0,0.0,9.3,526.0,5.3999999999999995,5.833333333333333,0.0,85.26,81.33,82.88,2.74,10.98,95.74,100.36,129.13,3.93,300.73,
1,20241101,1,81.0,0.0,7.9,0.0,14.3,52.0,11026.0,262.37,338.95,0.0,9.7,551.0,2.7,5.300000000000001,0.0,83.12,81.42,85.88,4.02,10.47,102.48,105.75,118.96,1.7,160.45,0.6
1,20241201,1,74.9,0.0,8.3,0.0,14.0,52.0,11624.9,264.65,322.27,0.0,10.0,525.0,7.4,4.2,0.0,80.65,82.51,91.0,4.4,11.83,104.83,104.16,118.91,-1.86,168.86,0.5
1,20250101,2,109.0,5.0,34.0,17.3,20.3,56.8,10386.300000000001,262.17,352.63,15.54,13.3,540.0,11.0,2.3,0.93,81.67,87.92,92.02,5.04,11.86,96.47,107.56,112.67,-6.25,135.32,0.6
1,20250201,2,114.0,5.0,37.1,16.88,20.1,56.8,10976.5,261.35,359.45,15.1,11.9,499.0,5.8,5.9,0.94,81.43,84.79,90.32,5.71,10.39,100.47,105.25,111.92,-3.36,81.96,0.6
1,20250301,2,99.7,5.4,37.8,16.59,20.299999999999997,56.8,10582.1,261.45,352.03,16.57,13.2,549.0,7.0,7.1,0.89,80.64,84.01,91.63,6.43,14.76,99.6,108.14,116.42,-3.37,129.55,0.6
1,20250401,3,141.2,9.9,70.0,33.11,25.6,61.6,10710.4,249.16,359.9,33.04,17.6,541.0,6.0,4.6,1.99,84.19,82.6,91.69,5.42,15.47,91.95,111.41,120.47,1.59,185.42,0.6
1,20250501,3,136.2,10.1,77.2,35.730000000000004,25.9,61.6,10714.7,251.16,364.24,31.45,17.5,524.0,9.8,8.0,1.83,87.45,79.1,92.41,5.46,15.31,94.86,112.78,120.56,8.35,180.4,0.6
1,20250601,3,134.9,10.7,75.4,33.1,24.5,61.6,10293.5,249.07999999999998,364.48,30.74,15.0,519.0,8.171428571428573,6.8,1.7757142857142856,87.38,84.42,92.76,5.66,12.62,96.01,108.72,114.49,2.96,122.97,0.6
1,20250701,4,177.8,15.6,101.3,53.0,31.2,66.4,10155.300000000001,250.74,365.15999999999997,46.38,20.4,542.0,10.45,6.25,2.7825,85.89,86.16,90.75,5.57,13.93,96.77,109.82,116.07,-0.27,150.09,0.7
1,20250801,4,170.2,16.0,110.8,54.04,31.4,66.4,10734.6,249.56,362.98,49.83,19.7,522.0,8.200000000000001,5.8,2.8800000000000003,87.19,88.3,92.06,5.46,14.5,96.5,114.14,112.65,-1.11,165.57,0.5
1,20250901,4,170.8,16.1,112.0,52.480000000000004,31.4,66.4,9793.3,247.67,359.12,47.75,20.6,515.0,14.533333333333333,6.266666666666667,2.5833333333333335,91.41,91.01,95.19,6.33,15.82,89.97,115.53,113.0,0.4,149.92,0.4
1,20251001,5,127.0,7.7,50.5,25.330000000000002,22.8,59.2,10617.9,253.31,358.84000000000003,24.03,14.4,516.0,6.65,5.15,1.545,90.27,100.02,97.3,6.74,17.64,87.66,118.17,117.61,-9.75,161.72,0.4
1,20251101,5,121.80000000000001,7.9,52.2,26.7,22.7,59.2,10308.6,257.53999999999996,347.49,24.080000000000002,14.2,510.0,9.0,5.1,1.46,92.24,102.61,100.27,6.33,16.99,91.88,116.94,113.49,-10.37,168.4,0.6
1,20251201,5,123.8,7.8999999999999995,54.6,25.13,22.4,59.2,10762.699999999999,253.27,368.65999999999997,22.490000000000002,16.0,562.0,7.2,6.6,1.1400000000000001,96.22,107.16,104.39,6.64,18.46,90.94,118.88,99.34,-10.94,178.01,0.5
1,20260101,6,94.8,4.1,26.2,13.46,19.3,55.2,10912.300000000001,257.87,360.6,12.23,12.0,542.0,6.6,6.6,0.5700000000000001,91.84,102.17,103.06,6.89,17.95,85.16,127.85,100.39,-10.33,160.52,0.5
1,20260201,6,109.8,3.7,27.7,12.33,19.1,55.2,11080.5,258.35,358.5,11.65,11.7,536.0,8.8,4.6,0.52,91.53,110.42,103.77,6.53,19.83,83.76,127.53,98.04,-18.89,203.68,0.7
1,20260301,6,110.5,4.0,27.9,12.879999999999999,19.2,55.2,11357.3,261.44,355.84000000000003,11.65,11.7,530.0,6.4,6.4,0.79,91.07,113.19,101.4,6.66,18.65,84.45,123.33,94.61,-22.12,180.03,0.5
2,20241001,1,107.9,0.0,7.7,0.0,20.0,40.0,5039.3,374.18,225.07999999999998,0.0,13.2,350.0,0.7,5.1,0.0,85.26,81.33,82.88,2.74,10.98,95.74,100.36,129.13,3.93,300.73,
2,20241101,1,110.5,0.0,8.0,0.0,20.0,40.0,4907.5,373.90999999999997,227.9,0.0,13.6,389.0,1.3,7.8,0.0,83.12,81.42,85.88,4.02,10.47,102.48,105.75,118.96,1.7,160.45,0.6
2,20241201,1,112.7,0.0,8.1,0.0,20.6,40.0,4965.2,374.68,224.51,0.0,12.1,400.0,0.9,8.3,0.0,80.65,82.51,91.0,4.4,11.83,104.83,104.16,118.91,-1.86,168.86,0.5
2,20250101,2,155.5,1.5,50.2,22.11,28.3,44.8,4553.6,363.28,257.21,21.38,17.8,371.0,2.1999999999999997,5.566666666666666,1.3666666666666665,81.67,87.92,92.02,5.04,11.86,96.47,107.56,112.67,-6.25,135.32,0.6
2,20250201,2,152.7,1.7000000000000002,51.7,25.41,28.8,44.8,4587.9,361.16,253.45,22.740000000000002,18.1,417.0,1.8333333333333333,6.6000000000000005,1.3033333333333335,81.43,84.79,90.32,5.71,10.39,100.47,105.25,111.92,-3.36,81.96,0.6
2,20250301,2,156.9,1.5,50.1,23.13,28.5,44.8,4808.0,366.26,256.97,23.04,18.2,383.0,2.4,6.9,1.17,80.64,84.01,91.63,6.43,14.76,99.6,108.14,116.42,-3.37,129.55,0.6
2,20250401,3,193.6,3.3,99.7,45.04,37.1,49.6,4174.9,360.96999999999997,279.2,44.78,24.4,338.0,2.82,6.5200000000000005,2.664,84.19,82.6,91.69,5.42,15.47,91.95,111.41,120.47,1.59,185.42,0.6
2,20250501,3,197.9,3.4000000000000004,99.6,46.03,36.9,49.6,4224.2,362.87,274.49,44.07,24.9,389.0,3.15,5.3,2.4775,87.45,79.1,92.41,5.46,15.31,94.86,112.78,120.56,8.35,180.4,0.6
2,20250601,3,209.2,3.2,98.1,51.6,35.8,49.6,4517.2,354.37,288.7,45.83,23.4,407.0,2.3,2.2,2.66,87.38,84.42,92.76,5.66,12.62,96.01,108.72,114.49,2.96,122.97,0.6
2,20250701,4,242.20000000000002,4.8,147.5,72.01,44.7,54.4,3921.7,347.82,313.62,65.64,28.9,409.0,3.133333333333333,7.433333333333333,4.3533333333333335,85.89,86.16,90.75,5.57,13.93,96.77,109.82,116.07,-0.27,150.09,0.7
2,20250801,4,242.4,4.5,148.0,71.67,44.7,54.4,4055.6,344.36,315.57,66.06,29.6,381.0,2.566666666666667,6.533333333333334,3.44,87.19,88.3,92.06,5.46,14.5,96.5,114.14,112.65,-1.11,165.57,0.5
2,20250901,4,251.8,4.4,145.7,70.09,45.5,54.4,4261.0,350.22,299.06,68.06,28.599999999999998,432.0,4.24,5.88,3.6380000000000003,91.41,91.01,95.19,6.33,15.82,89.97,115.53,113.0,0.4,149.92,0.4
2,20251001,5,181.1,2.5,74.6,33.480000000000004,31.0,47.2,4515.0,360.68,271.55,33.54,21.7,403.0,1.5,7.733333333333333,1.9066666666666665,90.27,100.02,97.3,6.74,17.64,87.66,118.17,117.61,-9.75,161.72,0.4
2,20251101,5,187.8,2.4,78.9,37.21,31.8,47.2,4362.7,360.21,265.54,32.45,21.3,404.0,2.8333333333333335,5.166666666666667,1.7533333333333332,92.24,102.61,100.27,6.33,16.99,91.88,116.94,113.49,-10.37,168.4,0.6
2,20251201,5,183.0,2.4,76.7,36.980000000000004,31.7,47.2,4592.0,362.15,267.84,32.97,20.3,421.0,3.8,7.2,1.7,96.22,107.16,104.39,6.64,18.46,90.94,118.88,99.34,-10.94,178.01,0.5
2,20260101,6,141.6,1.1,37.6,18.18,25.9,44.0,4512.9,365.17,252.82,16.73,15.9,390.0,2.075,6.05,0.9199999999999999,91.84,102.17,103.06,6.89,17.95,85.16,127.85,100.39,-10.33,160.52,0.5
2,20260201,6,141.5,1.2000000000000002,37.0,17.38,25.4,44.0,4790.1,362.11,255.70000000000002,16.93,16.4,364.0,1.4666666666666668,5.0,1.1133333333333333,91.53,110.42,103.77,6.53,19.83,83.76,127.53,98.04,-18.89,203.68,0.7
2,20260301,6,140.4,1.2000000000000002,36.2,19.42,26.5,44.0,4530.1,370.94,243.39,17.36,17.1,373.0,1.5333333333333332,4.6000000000000005,0.9900000000000001,91.07,113.19,101.4,6.66,18.65,84.45,123.33,94.61,-22.12,180.03,0.5
3,20241001,1,154.9,0.0,8.0,0.0,28.5,24.0,3062.6,523.5600000000001,78.15,0.0,18.599999999999998,1406.0,1.6666666666666667,7.8,0.0,85.26,81.33,82.88,2.74,10.98,95.74,100.36,129.13,3.93,300.73,
3,20241101,1,147.5,0.0,8.0,0.0,28.700000000000003,24.0,2943.6,526.0600000000001,74.7,0.0,18.2,1374.0,1.7,7.5,0.0,83.12,81.42,85.88,4.02,10.47,102.48,105.75,118.96,1.7,160.45,0.6
3,20241201,1,157.6,0.0,7.9,0.0,28.3,24.0,3207.1,525.15,75.63,0.0,18.1,1395.0,2.7800000000000002,6.12,0.0,80.65,82.51,91.0,4.4,11.83,104.83,104.16,118.91,-1.86,168.86,0.5
3,20250101,2,231.4,2.2,70.3,32.77,40.2,28.8,2816.2,510.27,111.13,31.729999999999997,26.3,1363.0,3.25,5.5,1.7225000000000001,81.67,87.92,92.02,5.04,11.86,96.47,107.56,112.67,-6.25,135.32,0.6
3,20250201,2,217.4,2.4,72.0,33.89,39.3,28.8,2845.6,519.21,98.4,30.5,25.7,1363.0,3.0666666666666664,6.8999999999999995,1.6266666666666667,81.43,84.79,90.32,5.71,10.39,100.47,105.25,111.92,-3.36,81.96,0.6
3,20250301,2,221.9,2.5,75.0,32.33,39.0,28.8,2824.9,510.84,107.75999999999999,32.0,25.8,1361.0,3.6333333333333333,6.683333333333334,1.7883333333333333,80.64,84.01,91.63,6.43,14.76,99.6,108.14,116.42,-3.37,129.55,0.6
3,20250401,3,276.6,4.8,141.2,67.17,49.0,33.6,2682.2,502.68,139.8,61.3,34.6,1396.0,5.475,5.975,3.44375,84.19,82.6,91.69,5.42,15.47,91.95,111.41,120.47,1.59,185.42,0.6
3,20250501,3,283.40000000000003,4.9,138.7,74.32,49.3,33.6,2716.8,508.68,128.38,63.75,33.8,1353.0,5.5,6.4,3.64,87.45,79.1,92.41,5.46,15.31,94.86,112.78,120.56,8.35,180.4,0.6
3,20250601,3,271.8,5.0,141.4,70.31,50.1,33.6,2805.7999999999997,507.19,133.5,61.160000000000004,32.9,1414.0,3.8333333333333335,5.6499999999999995,3.9116666666666666,87.38,84.42,92.76,5.66,12.62,96.01,108.72,114.49,2.96,122.97,0.6
3,20250701,4,337.7,6.8,213.9,106.38,57.9,38.4,2562.3,495.09,161.92,99.31,41.7,1392.0,3.55,5.3,5.675,85.89,86.16,90.75,5.57,13.93,96.77,109.82,116.07,-0.27,150.09,0.7
3,20250801,4,347.4,7.2,210.3,102.62,58.9,38.4,2408.5,494.65999999999997,164.83,92.82000000000001,41.1,1371.0,4.266666666666667,6.3999999999999995,5.058333333333333,87.19,88.3,92.06,5.46,14.5,96.5,114.14,112.65,-1.11,165.57,0.5
3,20250901,4,340.0,7.0,215.0,100.3,59.4,38.4,2451.4,490.73,170.17000000000002,97.95,40.1,1390.0,5.9799999999999995,6.6,5.392,91.41,91.01,95.19,6.33,15.82,89.97,115.53,113.0,0.4,149.92,0.4
3,20251001,5,258.5,3.6,109.10000000000001,51.92,45.4,31.2,2874.3,510.7,119.16,44.43,30.3,1360.0,2.966666666666667,6.7,2.626666666666667,90.27,100.02,97.3,6.74,17.64,87.66,118.17,117.61,-9.75,161.72,0.4
3,20251101,5,236.2,3.6,101.6,51.43,45.3,31.2,2705.9,503.88,129.89000000000001,49.1,29.1,1385.0,2.975,6.525,2.615,92.24,102.61,100.27,6.33,16.99,91.88,116.94,113.49,-10.37,168.4,0.6
3,20251201,5,256.1,3.6,109.9,50.56,45.5,31.2,2836.2,508.44,119.43,47.19,30.1,1392.0,3.2,6.4375,2.78875,96.22,107.16,104.39,6.64,18.46,90.94,118.88,99.34,-10.94,178.01,0.5
3,20260101,6,195.4,1.8,53.6,25.84,38.2,27.2,2890.7,521.16,93.63,23.63,23.7,1406.0,2.433333333333333,4.933333333333333,1.4333333333333333,91.84,102.17,103.06,6.89,17.95,85.16,127.85,100.39,-10.33,160.52,0.5
3,20260201,6,210.7,1.7000000000000002,49.4,26.5,36.7,27.2,3090.1,519.79,95.0,22.95,24.2,1376.0,2.5,3.9,1.2650000000000001,91.53,110.42,103.77,6.53,19.83,83.76,127.53,98.04,-18.89,203.68,0.7
3,20260301,6,197.8,1.8,55.2,25.94,37.8,27.2,2942.4,521.12,93.81,23.5,24.5,1377.0,2.875,5.225,1.1925,91.07,113.19,101.4,6.66,18.65,84.45,123.33,94.61,-22.12,180.03,0.5
4,20241001,1,129.6,0.0,7.9,0.0,23.3,33.6,2679.4,429.54999999999995,172.5,0.0,14.8,1109.0,0.75,6.050000000000001,0.0,85.26,81.33,82.88,2.74,10.98,95.74,100.36,129.13,3.93,300.73,
4,20241101,1,131.3,0.0,8.3,0.0,22.7,33.6,2630.0,430.15999999999997,169.52,0.0,15.6,1075.0,0.4,7.1,0.0,83.12,81.42,85.88,4.02,10.47,102.48,105.75,118.96,1.7,160.45,0.6
4,20241201,1,129.2,0.0,8.4,0.0,23.7,33.6,2680.1,430.28999999999996,166.84,0.0,15.0,1040.0,0.82,5.76,0.0,80.65,82.51,91.0,4.4,11.83,104.83,104.16,118.91,-1.86,168.86,0.5
4,20250101,2,182.2,0.8,56.0,26.62,32.9,38.4,2451.2999999999997,422.02,191.93,25.86,20.4,1084.0,0.7,7.9,1.46,81.67,87.92,92.02,5.04,11.86,96.47,107.56,112.67,-6.25,135.32,0.6
4,20250201,2,183.7,0.8,60.599999999999994,28.46,33.5,38.4,2679.1,420.84000000000003,202.51,26.23,20.8,1101.0,0.9500000000000001,5.15,1.445,81.43,84.79,90.32,5.71,10.39,100.47,105.25,111.92,-3.36,81.96,0.6
4,20250301,2,183.3,0.9,60.4,27.23,32.7,38.4,2467.0,419.9,193.48,26.43,20.8,1106.0,0.74,6.4,1.308,80.64,84.01,91.63,6.43,14.76,99.6,108.14,116.42,-3.37,129.55,0.6
4,20250401,3,238.3,1.5,114.60000000000001,57.9,41.7,43.2,2488.0,418.21000000000004,226.83,48.54,26.799999999999997,1101.0,1.54,6.62,2.56,84.19,82.6,91.69,5.42,15.47,91.95,111.41,120.47,1.59,185.42,0.6
4,20250501,3,217.9,1.6,119.5,56.79,43.6,43.2,2374.3,411.85,225.89999999999998,51.09,27.9,1056.0,1.3,6.8,3.2533333333333334,87.45,79.1,92.41,5.46,15.31,94.86,112.78,120.56,8.35,180.4,0.6
4,20250601,3,225.5,1.6,119.6,57.68,40.6,43.2,2403.8,415.93,217.39999999999998,51.47,26.9,1075.0,1.6199999999999999,6.540000000000001,2.784,87.38,84.42,92.76,5.66,12.62,96.01,108.72,114.49,2.96,122.97,0.6
4,20250701,4,281.9,2.6,170.7,81.02,49.5,48.0,2166.3,411.35,244.89,75.44,32.0,1080.0,1.9666666666666668,6.566666666666666,4.243333333333333,85.89,86.16,90.75,5.57,13.93,96.77,109.82,116.07,-0.27,150.09,0.7
4,20250801,4,292.6,2.6,182.4,83.36,50.3,48.0,2194.1,408.4,252.43,82.36,32.8,1088.0,1.6800000000000002,5.35,4.571,87.19,88.3,92.06,5.46,14.5,96.5,114.14,112.65,-1.11,165.57,0.5
4,20250901,4,276.9,2.2,174.6,81.00999999999999,48.4,48.0,2397.9,403.98,249.37,75.84,33.5,1079.0,1.0666666666666667,4.466666666666666,3.7266666666666666,91.41,91.01,95.19,6.33,15.82,89.97,115.53,113.0,0.4,149.92,0.4
4,20251001,5,196.3,1.3,87.3,39.75,37.7,40.8,2485.1,422.32,204.57999999999998,40.57,23.1,1082.0,1.275,5.95,2.4,90.27,100.02,97.3,6.74,17.64,87.66,118.17,117.61,-9.75,161.72,0.4
4,20251101,5,200.2,1.3,86.8,40.5,39.0,40.8,2483.2,419.85,208.1,39.510000000000005,24.3,1043.0,0.9750000000000001,4.45,2.0324999999999998,92.24,102.61,100.27,6.33,16.99,91.88,116.94,113.49,-10.37,168.4,0.6
4,20251201,5,207.60000000000002,1.1,88.4,42.58,37.9,40.8,2465.7,416.53,209.66000000000003,38.72,23.5,1101.0,1.9000000000000001,6.766666666666667,2.2666666666666666,96.22,107.16,104.39,6.64,18.46,90.94,118.88,99.34,-10.94,178.01,0.5
4,20260101,6,163.3,0.6000000000000001,44.1,19.75,30.9,37.6,2569.2,430.70000000000005,181.22,19.56,19.4,1113.0,0.75,5.6,0.96,91.84,102.17,103.06,6.89,17.95,85.16,127.85,100.39,-10.33,160.52,0.5
4,20260201,6,168.7,0.7000000000000001,41.8,21.41,30.2,37.6,2590.3,421.34000000000003,192.35999999999999,18.88,19.7,1076.0,1.2,7.95,1.1600000000000001,91.53,110.42,103.77,6.53,19.83,83.76,127.53,98.04,-18.89,203.68,0.7
4,20260301,6,171.3,0.6000000000000001,45.5,20.19,30.6,37.6,2621.6,425.33,186.20999999999998,18.04,20.5,1094.0,1.2333333333333334,7.033333333333334,1.06,91.07,113.19,101.4,6.66,18.65,84.45,123.33,94.61,-22.12,180.03,0.5
5,20241001,1,27.1,0.0,8.2,0.0,4.9,70.4,664.1999999999999,92.07,346.14,0.0,3.1,326.0,0.1,7.5,0.0,85.26,81.33,82.88,2.74,10.98,95.74,100.36,129.13,3.93,300.73,
5,20241101,1,25.2,0.0,7.6000000000000005,0.0,4.8,70.4,663.6,90.37,359.6,0.0,4.5,389.0,0.1,6.1,0.0,83.12,81.42,85.88,4.02,10.47,102.48,105.75,118.96,1.7,160.45,0.6
5,20241201,1,27.9,0.0,7.5,0.0,4.8,70.4,643.9,89.55,360.87,0.0,3.2,324.0,0.1,6.9,0.0,80.65,82.51,91.0,4.4,11.83,104.83,104.16,118.91,-1.86,168.86,0.5
5,20250101,2,37.7,0.0,12.7,5.64,6.9,75.2,660.1999999999999,88.22,355.53,5.2,5.6000000000000005,334.0,0.3,7.2,0.33,81.67,87.92,92.02,5.04,11.86,96.47,107.56,112.67,-6.25,135.32,0.6
5,20250201,2,37.8,0.0,12.5,5.86,6.9,75.2,615.2,88.77,359.66,5.32,4.8,317.0,0.2,5.2,0.25,81.43,84.79,90.32,5.71,10.39,100.47,105.25,111.92,-3.36,81.96,0.6
5,20250301,2,37.2,0.0,13.2,5.93,6.4,75.2,629.7,88.74,354.5,5.3,3.6,341.0,0.2,3.7,0.28,80.64,84.01,91.63,6.43,14.76,99.6,108.14,116.42,-3.37,129.55,0.6
5,20250401,3,48.9,0.30000000000000004,25.0,12.44,8.3,80.0,647.8,86.38,362.24,9.879999999999999,6.7,337.0,0.5,5.7,0.46,84.19,82.6,91.69,5.42,15.47,91.95,111.41,120.47,1.59,185.42,0.6
5,20250501,3,47.7,0.2,24.6,11.32,8.7,80.0,630.3,86.11,350.77,10.86,6.3,338.0,0.2,6.8,0.61,87.45,79.1,92.41,5.46,15.31,94.86,112.78,120.56,8.35,180.4,0.6
5,20250601,3,47.1,0.2,24.9,11.01,8.8,80.0,609.3,86.4,355.65999999999997,10.66,7.6,356.0,0.4,6.3,0.56,87.38,84.42,92.76,5.66,12.62,96.01,108.72,114.49,2.96,122.97,0.6
5,20250701,4,59.5,0.5,37.3,16.65,10.8,80.0,644.5,84.45,364.90999999999997,16.07,7.6,352.0,0.3333333333333333,6.5,0.8866666666666667,85.89,86.16,90.75,5.57,13.93,96.77,109.82,116.07,-0.27,150.09,0.7
5,20250801,4,60.0,0.5,35.3,18.38,10.2,80.0,601.0,83.75,371.35,16.44,6.5,335.0,0.6,7.0,0.78,87.19,88.3,92.06,5.46,14.5,96.5,114.14,112.65,-1.11,165.57,0.5
5,20250901,4,60.7,0.4,36.8,18.5,10.7,80.0,638.8,85.27,369.85,16.080000000000002,6.3,331.0,0.2,6.7,0.98,91.41,91.01,95.19,6.33,15.82,89.97,115.53,113.0,0.4,149.92,0.4
5,20251001,5,43.1,0.0,18.7,8.629999999999999,7.8,77.6,614.9,88.28,363.54,8.34,4.2,300.0,0.3,7.0,0.45,90.27,100.02,97.3,6.74,17.64,87.66,118.17,117.61,-9.75,161.72,0.4
5,20251101,5,41.8,0.1,19.4,8.95,7.6,77.6,661.6,89.1,363.23,8.34,4.5,348.0,0.2,5.449999999999999,0.44500000000000006,92.24,102.61,100.27,6.33,16.99,91.88,116.94,113.49,-10.37,168.4,0.6
5,20251201,5,43.699999999999996,0.1,18.4,8.93,7.800000000000001,77.6,635.6,86.53,365.79,8.32,4.9,320.0,0.2,8.9,0.39,96.22,107.16,104.39,6.64,18.46,90.94,118.88,99.34,-10.94,178.01,0.5
5,20260101,6,34.8,0.0,10.4,4.38,6.2,73.6,612.8,88.73,362.96,3.92,4.2,342.0,0.1,4.5,0.25,91.84,102.17,103.06,6.89,17.95,85.16,127.85,100.39,-10.33,160.52,0.5
5,20260201,6,33.9,0.0,10.3,4.24,6.3,73.6,622.0999999999999,89.37,361.75,4.09,5.0,351.0,0.3,4.5,0.17,91.53,110.42,103.77,6.53,19.83,83.76,127.53,98.04,-18.89,203.68,0.7
5,20260301,6,35.2,0.0,10.4,4.18,6.4,73.6,641.9,89.61,357.82,4.18,3.4,307.0,0.1,6.9,0.28,91.07,113.19,101.4,6.66,18.65,84.45,123.33,94.61,-22.12,180.03,0.5
6,20241001,1,31.700000000000003,0.0,7.9,0.0,5.8,68.8,881.7,107.78999999999999,357.04,0.0,3.1,222.0,0.2,6.6,0.0,85.26,81.33,82.88,2.74,10.98,95.74,100.36,129.13,3.93,300.73,
6,20241101,1,30.4,0.0,7.6,0.0,5.9,68.8,819.8,108.25,363.22,0.0,4.2,238.0,0.2,7.8,0.0,83.12,81.42,85.88,4.02,10.47,102.48,105.75,118.96,1.7,160.45,0.6
6,20241201,1,31.299999999999997,0.0,8.0,0.0,5.9,68.8,875.3,106.57,365.36,0.0,5.3,251.0,0.2,3.7,0.0,80.65,82.51,91.0,4.4,11.83,104.83,104.16,118.91,-1.86,168.86,0.5
6,20250101,2,43.2,0.0,13.7,7.23,7.9,73.6,875.0,103.92999999999999,355.81,6.1899999999999995,5.0,218.0,0.3,7.366666666666667,0.37666666666666665,81.67,87.92,92.02,5.04,11.86,96.47,107.56,112.67,-6.25,135.32,0.6
6,20250201,2,43.0,0.0,15.4,6.640000000000001,8.6,73.6,813.5,106.26,357.45,6.609999999999999,4.6,258.0,0.2,5.4,0.45,81.43,84.79,90.32,5.71,10.39,100.47,105.25,111.92,-3.36,81.96,0.6
6,20250301,2,44.599999999999994,0.0,14.0,6.890000000000001,7.9,73.6,827.6,106.49000000000001,360.05,6.59,5.3,259.0,0.15000000000000002,5.5,0.375,80.64,84.01,91.63,6.43,14.76,99.6,108.14,116.42,-3.37,129.55,0.6
6,20250401,3,56.2,0.2,30.6,14.78,10.3,78.4,844.3,103.53999999999999,369.31,12.57,7.3,267.0,0.5,5.7,0.79,84.19,82.6,91.69,5.42,15.47,91.95,111.41,120.47,1.59,185.42,0.6
6,20250501,3,57.3,0.30000000000000004,30.0,13.969999999999999,10.5,78.4,773.6,104.22,354.58,12.6,8.0,223.0,0.1,4.8,0.88,87.45,79.1,92.41,5.46,15.31,94.86,112.78,120.56,8.35,180.4,0.6
6,20250601,3,56.6,0.30000000000000004,28.1,14.18,10.4,78.4,822.8,102.75,357.87,12.95,8.1,216.0,0.3,6.3,0.8,87.38,84.42,92.76,5.66,12.62,96.01,108.72,114.49,2.96,122.97,0.6
6,20250701,4,70.9,0.4,40.5,21.29,12.9,80.0,806.0,99.5,370.51,20.12,8.4,229.0,0.2,6.3,1.05,85.89,86.16,90.75,5.57,13.93,96.77,109.82,116.07,-0.27,150.09,0.7
6,20250801,4,69.8,0.4,43.4,20.84,12.4,80.0,784.9,102.1,356.87,19.4,8.2,231.0,0.2,6.8,0.81,87.19,88.3,92.06,5.46,14.5,96.5,114.14,112.65,-1.11,165.57,0.5
6,20250901,4,74.5,0.5,41.1,21.9,13.3,80.0,781.3,101.75,358.71999999999997,18.66,8.6,213.0,0.3,4.6,1.23,91.41,91.01,95.19,6.33,15.82,89.97,115.53,113.0,0.4,149.92,0.4
6,20251001,5,50.1,0.1,21.3,10.13,9.2,76.0,828.1999999999999,105.85,359.36,9.97,6.199999999999999,218.0,0.3,6.6,0.5549999999999999,90.27,100.02,97.3,6.74,17.64,87.66,118.17,117.61,-9.75,161.72,0.4
6,20251101,5,51.900000000000006,0.1,21.3,10.01,9.2,76.0,807.4,104.28,372.74,9.1,5.9,218.0,0.3,3.7,0.51,92.24,102.61,100.27,6.33,16.99,91.88,116.94,113.49,-10.37,168.4,0.6
6,20251201,5,50.5,0.1,21.7,9.94,8.7,76.0,828.6,104.47,353.35,10.16,6.2,246.0,0.3,2.5,0.42,96.22,107.16,104.39,6.64,18.46,90.94,118.88,99.34,-10.94,178.01,0.5
6,20260101,6,43.3,0.0,11.5,5.46,7.2,72.0,854.4,106.11,357.0,5.04,4.7,238.0,0.1,6.5,0.25,91.84,102.17,103.06,6.89,17.95,85.16,127.85,100.39,-10.33,160.52,0.5
6,20260201,6,40.7,0.0,11.0,5.24,7.7,72.0,801.6,106.11,368.21,5.05,5.2,204.0,0.25,6.55,0.26,91.53,110.42,103.77,6.53,19.83,83.76,127.53,98.04,-18.89,203.68,0.7
6,20260301,6,39.7,0.0,11.700000000000001,5.54,7.7,72.0,843.1999999999999,106.09,366.35,4.89,5.9,212.0,0.3,4.1,0.32,91.07,113.19,101.4,6.66,18.65,84.45,123.33,94.61,-22.12,180.03,0.5
7,20241001,1,97.0,0.0,8.3,0.0,17.5,44.8,915.9999999999999,327.35,269.5,0.0,12.0,239.0,0.2,5.25,0.0,85.26,81.33,82.88,2.74,10.98,95.74,100.36,129.13,3.93,300.73,
7,20241101,1,103.0,0.0,7.8,0.0,17.3,44.8,910.6,328.87,270.01,0.0,11.2,221.0,0.3,7.9,0.0,83.12,81.42,85.88,4.02,10.47,102.48,105.75,118.96,1.7,160.45,0.6
7,20241201,1,99.7,0.0,8.0,0.0,18.1,44.8,897.6,325.53,278.32,0.0,11.7,268.0,0.15000000000000002,7.1000000000000005,0.0,80.65,82.51,91.0,4.4,11.83,104.83,104.16,118.91,-1.86,168.86,0.5
7,20250101,2,127.30000000000001,0.0,43.5,19.669999999999998,24.9,49.6,899.5,324.27,295.57,19.57,14.9,264.0,0.2333333333333333,6.933333333333334,0.9933333333333333,81.67,87.92,92.02,5.04,11.86,96.47,107.56,112.67,-6.25,135.32,0.6
7,20250201,2,138.2,0.0,44.1,20.59,26.1,49.6,875.3000000000001,320.37,297.53,19.01,16.9,210.0,0.19999999999999998,6.2,1.1300000000000001,81.43,84.79,90.32,5.71,10.39,100.47,105.25,111.92,-3.36,81.96,0.6
7,20250301,2,135.8,0.0,46.6,20.99,24.2,49.6,900.5999999999999,319.69,306.74,20.79,16.6,278.0,0.15000000000000002,5.550000000000001,1.035,80.64,84.01,91.63,6.43,14.76,99.6,108.14,116.42,-3.37,129.55,0.6
7,20250401,3,179.4,0.4,87.7,43.99,31.4,54.4,849.6,321.89,308.85,38.47,21.0,224.0,0.3666666666666667,4.466666666666666,2.453333333333333,84.19,82.6,91.69,5.42,15.47,91.95,111.41,120.47,1.59,185.42,0.6
7,20250501,3,174.6,0.30000000000000004,83.0,44.79,33.1,54.4,875.3,314.08,324.16,41.37,20.4,220.0,0.25,4.85,2.505,87.45,79.1,92.41,5.46,15.31,94.86,112.78,120.56,8.35,180.4,0.6
7,20250601,3,166.2,0.4,88.3,39.69,30.9,54.4,843.7,314.99,319.63,39.5,20.9,217.0,0.4666666666666666,4.966666666666667,2.32,87.38,84.42,92.76,5.66,12.62,96.01,108.72,114.49,2.96,122.97,0.6
7,20250701,4,204.39999999999998,0.6000000000000001,121.3,68.15,37.9,59.2,850.0,312.97,345.45,59.92,24.9,223.0,0.45999999999999996,5.86,3.482,85.89,86.16,90.75,5.57,13.93,96.77,109.82,116.07,-0.27,150.09,0.7
7,20250801,4,228.5,0.5,127.9,65.63,39.5,59.2,823.5,313.11,339.49,59.730000000000004,25.1,204.0,0.48,6.26,3.408,87.19,88.3,92.06,5.46,14.5,96.5,114.14,112.65,-1.11,165.57,0.5
7,20250901,4,217.0,0.5,133.9,60.7,39.0,59.2,836.3000000000001,309.98,353.36,63.75,26.1,215.0,0.4,6.1,3.3049999999999997,91.41,91.01,95.19,6.33,15.82,89.97,115.53,113.0,0.4,149.92,0.4
7,20251001,5,153.2,0.1,65.3,30.7,29.0,52.0,889.7,318.49,309.71,30.62,18.1,232.0,0.2,7.0,1.74,90.27,100.02,97.3,6.74,17.64,87.66,118.17,117.61,-9.75,161.72,0.4
7,20251101,5,153.4,0.1,66.8,32.879999999999995,27.700000000000003,52.0,861.6999999999999,320.46,300.4,29.61,19.1,272.0,0.3,6.659999999999999,1.54,92.24,102.61,100.27,6.33,16.99,91.88,116.94,113.49,-10.37,168.4,0.6
7,20251201,5,153.0,0.1,67.7,33.34,29.0,52.0,851.8,319.09000000000003,301.96999999999997,29.67,18.4,242.0,0.3,5.466666666666666,1.4366666666666668,96.22,107.16,104.39,6.64,18.46,90.94,118.88,99.34,-10.94,178.01,0.5
7,20260101,6,126.0,0.0,34.1,16.490000000000002,23.7,48.0,918.9,328.49,282.13,15.05,15.100000000000001,226.0,0.2333333333333333,6.933333333333334,0.7466666666666667,91.84,102.17,103.06,6.89,17.95,85.16,127.85,100.39,-10.33,160.52,0.5
7,20260201,6,127.8,0.0,31.700000000000003,16.85,23.1,48.0,924.0,318.68,298.47,14.31,14.7,244.0,0.2,6.3,0.75,91.53,110.42,103.77,6.53,19.83,83.76,127.53,98.04,-18.89,203.68,0.7
7,20260301,6,127.4,0.0,33.2,15.51,24.1,48.0,940.4,320.08,293.90999999999997,14.92,15.7,254.0,0.2,6.6,0.65,91.07,113.19,101.4,6.66,18.65,84.45,123.33,94.61,-22.12,180.03,0.5
8,20241001,1,40.199999999999996,0.0,8.1,0.0,7.0,65.6,385.3,131.39,361.52,0.0,4.2,249.0,0.1,4.35,0.0,85.26,81.33,82.88,2.74,10.98,95.74,100.36,129.13,3.93,300.73,
8,20241101,1,39.7,0.0,8.0,0.0,7.0,65.6,393.5,131.59,361.2,0.0,5.2,250.0,0.1,7.3,0.0,83.12,81.42,85.88,4.02,10.47,102.48,105.75,118.96,1.7,160.45,0.6
8,20241201,1,39.2,0.0,7.7,0.0,7.1,65.6,375.2,132.26,360.77,0.0,5.0,235.0,0.1,5.6,0.0,80.65,82.51,91.0,4.4,11.83,104.83,104.16,118.91,-1.86,168.86,0.5
8,20250101,2,56.3,0.0,17.6,9.5,9.9,70.4,380.5,128.64,366.22,7.81,6.0,259.0,0.1,7.1,0.35,81.67,87.92,92.02,5.04,11.86,96.47,107.56,112.67,-6.25,135.32,0.6
8,20250201,2,55.4,0.0,17.6,8.64,9.6,70.4,396.8,129.06,365.08,8.16,7.6,235.0,0.1,6.2,0.53,81.43,84.79,90.32,5.71,10.39,100.47,105.25,111.92,-3.36,81.96,0.6
8,20250301,2,52.8,0.0,18.8,8.33,10.0,70.4,394.7,132.21,360.32,8.32,7.6,210.0,0.1,9.9,0.49,80.64,84.01,91.63,6.43,14.76,99.6,108.14,116.42,-3.37,129.55,0.6
8,20250401,3,68.4,0.0,36.6,16.62,12.8,75.2,397.5,125.24,356.11,16.39,8.0,260.0,0.1,5.75,0.865,84.19,82.6,91.69,5.42,15.47,91.95,111.41,120.47,1.59,185.42,0.6
8,20250501,3,72.30000000000001,0.0,36.3,16.32,12.7,75.2,361.0,125.36,353.95,16.240000000000002,8.9,229.0,0.15000000000000002,6.85,1.0150000000000001,87.45,79.1,92.41,5.46,15.31,94.86,112.78,120.56,8.35,180.4,0.6
8,20250601,3,72.8,0.0,36.0,16.240000000000002,12.7,75.2,379.0,125.47,361.06,16.07,8.6,267.0,0.1,4.699999999999999,0.88,87.38,84.42,92.76,5.66,12.62,96.01,108.72,114.49,2.96,122.97,0.6
8,20250701,4,85.1,0.0,54.2,23.759999999999998,15.3,80.0,375.1,125.57,363.02,24.2,10.2,224.0,0.1,5.0,1.48,85.89,86.16,90.75,5.57,13.93,96.77,109.82,116.07,-0.27,150.09,0.7
8,20250801,4,85.4,0.1,53.6,25.97,16.1,80.0,361.8,123.51,361.92,22.38,10.8,254.0,0.2,3.2,1.21,87.19,88.3,92.06,5.46,14.5,96.5,114.14,112.65,-1.11,165.57,0.5
8,20250901,4,88.3,0.0,55.4,25.689999999999998,15.3,80.0,361.8,122.83,356.49,23.04,9.8,247.0,0.2,6.1,1.15,91.41,91.01,95.19,6.33,15.82,89.97,115.53,113.0,0.4,149.92,0.4
8,20251001,5,64.9,0.0,26.1,13.27,11.5,72.8,380.8,128.5,354.27,11.74,8.3,246.0,0.1,8.0,0.76,90.27,100.02,97.3,6.74,17.64,87.66,118.17,117.61,-9.75,161.72,0.4
8,20251101,5,58.8,0.0,26.900000000000002,12.71,11.2,72.8,391.9,127.33,356.78000000000003,11.36,7.1000000000000005,234.0,0.1,6.4,0.6,92.24,102.61,100.27,6.33,16.99,91.88,116.94,113.49,-10.37,168.4,0.6
8,20251201,5,64.3,0.0,26.4,12.46,11.2,72.8,380.40000000000003,127.47,357.92,11.68,6.1,235.0,0.1,4.6,0.64,96.22,107.16,104.39,6.64,18.46,90.94,118.88,99.34,-10.94,178.01,0.5
8,20260101,6,49.9,0.0,13.1,6.17,9.1,69.6,386.8,131.12,365.74,6.15,6.2,240.0,0.1,5.2,0.35,91.84,102.17,103.06,6.89,17.95,85.16,127.85,100.39,-10.33,160.52,0.5
8,20260201,6,49.400000000000006,0.0,14.2,6.52,8.8,69.6,388.0,129.56,363.65,5.75,5.6,279.0,0.1,6.45,0.36,91.53,110.42,103.77,6.53,19.83,83.76,127.53,98.04,-18.89,203.68,0.7
8,20260301,6,52.9,0.0,13.100000000000001,6.029999999999999,9.0,69.6,368.0,131.79000000000002,358.26,5.93,6.4,216.0,0.1,7.8,0.27,91.07,113.19,101.4,6.66,18.65,84.45,123.33,94.61,-22.12,180.03,0.5
9,20241001,1,113.3,0.0,7.9,0.0,19.8,41.6,317.2,364.96,235.23,0.0,12.4,245.0,0.2,5.1,0.0,85.26,81.33,82.88,2.74,10.98,95.74,100.36,129.13,3.93,300.73,
9,20241101,1,100.4,0.0,8.1,0.0,19.0,41.6,309.8,358.72,244.35,0.0,13.5,236.0,0.2,5.0,0.0,83.12,81.42,85.88,4.02,10.47,102.48,105.75,118.96,1.7,160.45,0.6
9,20241201,1,105.5,0.0,8.0,0.0,18.8,41.6,316.4,363.01,236.82,0.0,12.299999999999999,264.0,0.1,5.9,0.0,80.65,82.51,91.0,4.4,11.83,104.83,104.16,118.91,-1.86,168.86,0.5
9,20250101,2,158.8,0.0,47.5,24.23,28.2,46.4,303.5,351.31,269.02,22.04,19.0,240.0,0.3,6.9,1.49,81.67,87.92,92.02,5.04,11.86,96.47,107.56,112.67,-6.25,135.32,0.6
9,20250201,2,142.7,0.0,46.8,21.759999999999998,27.700000000000003,46.4,284.8,354.22,262.06,22.15,18.2,239.0,0.16666666666666666,6.7,1.3099999999999998,81.43,84.79,90.32,5.71,10.39,100.47,105.25,111.92,-3.36,81.96,0.6
9,20250301,2,151.7,0.0,46.6,21.93,28.0,46.4,292.0,351.88,270.26,22.08,18.6,203.0,0.2,5.2,1.2850000000000001,80.64,84.01,91.63,6.43,14.76,99.6,108.14,116.42,-3.37,129.55,0.6
9,20250401,3,180.4,0.30000000000000004,95.6,46.129999999999995,34.6,51.2,279.3,350.69,284.5,41.620000000000005,20.9,225.0,0.25,6.300000000000001,2.605,84.19,82.6,91.69,5.42,15.47,91.95,111.41,120.47,1.59,185.42,0.6
9,20250501,3,188.0,0.4,93.9,44.59,35.1,51.2,278.0,348.14,286.42,43.82,21.7,258.0,0.39999999999999997,6.733333333333333,2.6766666666666663,87.45,79.1,92.41,5.46,15.31,94.86,112.78,120.56,8.35,180.4,0.6
9,20250601,3,192.2,0.2,91.5,45.39,35.3,51.2,283.1,344.29,297.75,42.08,22.8,222.0,0.5,3.6,2.25,87.38,84.42,92.76,5.66,12.62,96.01,108.72,114.49,2.96,122.97,0.6
9,20250701,4,239.7,0.5,141.7,72.69,44.7,56.0,280.8,340.6,320.73,64.9,28.1,248.0,0.39999999999999997,5.433333333333334,4.010000000000001,85.89,86.16,90.75,5.57,13.93,96.77,109.82,116.07,-0.27,150.09,0.7
9,20250801,4,233.0,0.6000000000000001,153.0,73.42999999999999,41.7,56.0,265.1,333.8,329.93,66.15,28.2,220.0,0.4666666666666666,6.8,4.003333333333333,87.19,88.3,92.06,5.46,14.5,96.5,114.14,112.65,-1.11,165.57,0.5
9,20250901,4,235.5,0.5,149.4,72.78999999999999,41.1,56.0,282.4,340.25,316.90999999999997,68.67,28.0,245.0,0.3,6.0,4.12,91.41,91.01,95.19,6.33,15.82,89.97,115.53,113.0,0.4,149.92,0.4
9,20251001,5,175.0,0.0,70.4,35.15,31.9,48.8,280.0,353.04,271.08,32.94,21.1,237.0,0.2,5.5,1.79,90.27,100.02,97.3,6.74,17.64,87.66,118.17,117.61,-9.75,161.72,0.4
9,20251101,5,175.6,0.1,71.1,35.730000000000004,30.799999999999997,48.8,299.9,341.13,294.38,32.66,20.4,248.0,0.26666666666666666,5.533333333333334,1.8666666666666665,92.24,102.61,100.27,6.33,16.99,91.88,116.94,113.49,-10.37,168.4,0.6
9,20251201,5,166.6,0.1,73.5,35.22,31.4,48.8,296.3,351.68,275.54,31.990000000000002,20.2,249.0,0.24285714285714285,5.2,1.8800000000000001,96.22,107.16,104.39,6.64,18.46,90.94,118.88,99.34,-10.94,178.01,0.5
9,20260101,6,135.4,0.0,36.9,16.62,24.5,45.6,306.8,360.69,257.92,15.99,16.5,297.0,0.20000000000000004,6.433333333333334,0.94,91.84,102.17,103.06,6.89,17.95,85.16,127.85,100.39,-10.33,160.52,0.5
9,20260201,6,146.5,0.0,36.0,16.47,24.8,45.6,294.7,350.07,266.41,16.17,18.0,255.0,0.25,7.0,1.0750000000000002,91.53,110.42,103.77,6.53,19.83,83.76,127.53,98.04,-18.89,203.68,0.7
9,20260301,6,142.5,0.0,36.0,17.47,25.7,45.6,300.4,349.35,259.40999999999997,16.53,16.6,223.0,0.1,6.2,0.9,91.07,113.19,101.4,6.66,18.65,84.45,123.33,94.61,-22.12,180.03,0.5
10,20241001,1,20.6,0.0,8.1,0.0,3.9,72.0,407.4,72.16,354.72,0.0,2.0,235.0,0.1,7.7,0.0,85.26,81.33,82.88,2.74,10.98,95.74,100.36,129.13,3.93,300.73,
10,20241101,1,22.3,0.0,8.3,0.0,3.9,72.0,435.7,71.9,354.24,0.0,3.1,266.0,0.1,6.3,0.0,83.12,81.42,85.88,4.02,10.47,102.48,105.75,118.96,1.7,160.45,0.6
10,20241201,1,21.1,0.0,8.1,0.0,3.8,72.0,438.59999999999997,71.11,359.7,0.0,2.6,231.0,0.1,7.7,0.0,80.65,82.51,91.0,4.4,11.83,104.83,104.16,118.91,-1.86,168.86,0.5
10,20250101,2,31.4,0.0,10.8,4.7,5.5,76.8,407.90000000000003,71.48,362.40999999999997,4.41,2.9,226.0,0.1,3.4,0.26,81.67,87.92,92.02,5.04,11.86,96.47,107.56,112.67,-6.25,135.32,0.6
10,20250201,2,28.7,0.0,10.7,4.57,5.4,76.8,436.3,71.06,353.17,4.26,4.3,231.0,0.1,5.0,0.23,81.43,84.79,90.32,5.71,10.39,100.47,105.25,111.92,-3.36,81.96,0.6
10,20250301,2,30.1,0.0,10.6,4.7,5.3,76.8,416.6,71.35,356.05,4.3,3.0,231.0,0.1,5.4,0.19,80.64,84.01,91.63,6.43,14.76,99.6,108.14,116.42,-3.37,129.55,0.6
10,20250401,3,38.0,0.0,20.8,9.61,6.9,80.0,412.90000000000003,70.36,353.4,8.98,4.3,261.0,0.1,4.6,0.45,84.19,82.6,91.69,5.42,15.47,91.95,111.41,120.47,1.59,185.42,0.6
10,20250501,3,38.4,0.0,19.0,9.41,6.9,80.0,410.79999999999995,69.65,357.2,8.56,4.8,245.0,0.1,4.9,0.38,87.45,79.1,92.41,5.46,15.31,94.86,112.78,120.56,8.35,180.4,0.6
10,20250601,3,41.7,0.0,19.5,9.2,7.0,80.0,430.0,70.25,362.9,8.42,4.800000000000001,250.0,0.1,6.35,0.44999999999999996,87.38,84.42,92.76,5.66,12.62,96.01,108.72,114.49,2.96,122.97,0.6
10,20250701,4,49.9,0.0,28.4,13.57,8.5,80.0,413.5,67.98,357.55,12.71,4.7,239.0,0.1,4.85,0.8049999999999999,85.89,86.16,90.75,5.57,13.93,96.77,109.82,116.07,-0.27,150.09,0.7
10,20250801,4,46.3,0.0,28.6,14.26,8.5,80.0,417.0,67.83,355.67,13.2,4.3,271.0,0.1,5.8,0.9,87.19,88.3,92.06,5.46,14.5,96.5,114.14,112.65,-1.11,165.57,0.5
10,20250901,4,48.099999999999994,0.0,30.1,13.97,8.8,80.0,420.6,68.07,356.17,12.790000000000001,5.0,257.0,0.1,8.3,0.77,91.41,91.01,95.19,6.33,15.82,89.97,115.53,113.0,0.4,149.92,0.4
10,20251001,5,36.7,0.0,15.1,7.28,6.1,79.2,405.9,69.67,366.41,6.4,4.4,235.0,0.1,7.7,0.37,90.27,100.02,97.3,6.74,17.64,87.66,118.17,117.61,-9.75,161.72,0.4
10,20251101,5,33.4,0.0,15.1,6.97,5.9,79.2,442.0,69.19,362.3,6.5,3.0,274.0,0.1,6.1,0.31,92.24,102.61,100.27,6.33,16.99,91.88,116.94,113.49,-10.37,168.4,0.6
10,20251201,5,34.7,0.0,15.100000000000001,6.83,6.3,79.2,414.3,70.35,360.04,6.52,3.4000000000000004,275.0,0.1,4.85,0.32,96.22,107.16,104.39,6.64,18.46,90.94,118.88,99.34,-10.94,178.01,0.5
10,20260101,6,29.299999999999997,0.0,8.6,3.35,5.0,76.0,421.6,72.25,358.84,3.26,3.0999999999999996,215.0,0.1,5.7,0.18,91.84,102.17,103.06,6.89,17.95,85.16,127.85,100.39,-10.33,160.52,0.5
10,20260201,6,29.599999999999998,0.0,9.3,3.52,5.1,76.0,405.2,71.5,363.26,3.32,3.9,241.0,0.1,8.4,0.14,91.53,110.42,103.77,6.53,19.83,83.76,127.53,98.04,-18.89,203.68,0.7
10,20260301,6,28.900000000000002,0.0,8.8,3.51,5.1,76.0,433.7,71.59,349.5,3.31,2.5,255.0,0.1,5.9,0.19,91.07,113.19,101.4,6.66,18.65,84.45,123.33,94.61,-22.12,180.03,0.5
11,20241001,1,139.4,0.0,7.8,0.0,23.8,32.0,464.4,446.19,157.72,0.0,16.3,274.0,0.2,5.3,0.0,85.26,81.33,82.88,2.74,10.98,95.74,100.36,129.13,3.93,300.73,
11,20241101,1,128.0,0.0,7.9,0.0,24.8,32.0,482.8,445.43,156.84,0.0,16.3,243.0,0.10000000000000002,5.7,0.0,83.12,81.42,85.88,4.02,10.47,102.48,105.75,118.96,1.7,160.45,0.6
11,20241201,1,132.7,0.0,8.0,0.0,24.2,32.0,472.3,449.01,153.16,0.0,15.2,256.0,0.2,7.3,0.0,80.65,82.51,91.0,4.4,11.83,104.83,104.16,118.91,-1.86,168.86,0.5
11,20250101,2,186.1,0.0,60.6,28.939999999999998,33.7,36.8,446.09999999999997,431.82,189.48000000000002,27.03,21.9,252.0,0.2714285714285714,5.928571428571429,1.375714285714286,81.67,87.92,92.02,5.04,11.86,96.47,107.56,112.67,-6.25,135.32,0.6
11,20250201,2,186.29999999999998,0.0,62.4,29.78,34.0,36.8,457.5,444.29,173.95,26.34,22.4,258.0,0.25,7.15,1.58,81.43,84.79,90.32,5.71,10.39,100.47,105.25,111.92,-3.36,81.96,0.6
11,20250301,2,182.7,0.0,58.6,28.59,33.4,36.8,474.2,434.39,183.63,26.67,22.4,248.0,0.26666666666666666,6.866666666666667,1.6266666666666667,80.64,84.01,91.63,6.43,14.76,99.6,108.14,116.42,-3.37,129.55,0.6
11,20250401,3,243.1,0.4,122.8,62.1,44.4,41.6,438.1,431.43,208.19,52.29,28.1,236.0,0.42000000000000004,5.92,2.852,84.19,82.6,91.69,5.42,15.47,91.95,111.41,120.47,1.59,185.42,0.6
11,20250501,3,239.2,0.30000000000000004,117.5,58.620000000000005,43.9,41.6,451.9,432.63,201.4,53.6,28.4,211.0,0.19999999999999998,6.583333333333333,3.1133333333333333,87.45,79.1,92.41,5.46,15.31,94.86,112.78,120.56,8.35,180.4,0.6
11,20250601,3,232.5,0.30000000000000004,124.7,56.65,44.7,41.6,441.7,432.73,205.87,53.59,28.4,269.0,0.3,7.233333333333333,2.9933333333333336,87.38,84.42,92.76,5.66,12.62,96.01,108.72,114.49,2.96,122.97,0.6
11,20250701,4,298.0,0.5,181.8,85.48,51.8,46.4,404.90000000000003,418.77000000000004,239.74,84.6,34.8,202.0,0.4666666666666666,6.3,3.8983333333333334,85.89,86.16,90.75,5.57,13.93,96.77,109.82,116.07,-0.27,150.09,0.7
11,20250801,4,281.5,0.5,178.6,89.52,51.599999999999994,46.4,410.3,427.86,233.45,82.53999999999999,34.1,239.0,0.35,6.01,4.794,87.19,88.3,92.06,5.46,14.5,96.5,114.14,112.65,-1.11,165.57,0.5
11,20250901,4,303.8,0.6000000000000001,182.7,85.01,50.2,46.4,391.09999999999997,428.2,228.16,81.69,34.3,247.0,0.4,6.066666666666666,4.522222222222222,91.41,91.01,95.19,6.33,15.82,89.97,115.53,113.0,0.4,149.92,0.4
11,20251001,5,203.4,0.1,89.8,45.769999999999996,38.0,39.2,459.40000000000003,442.74,185.26,39.68,24.799999999999997,246.0,0.25,6.175,2.3075,90.27,100.02,97.3,6.74,17.64,87.66,118.17,117.61,-9.75,161.72,0.4
11,20251101,5,216.8,0.1,94.4,43.620000000000005,39.5,39.2,418.1,437.68,190.06,40.730000000000004,24.6,211.0,0.3,5.58,2.316,92.24,102.61,100.27,6.33,16.99,91.88,116.94,113.49,-10.37,168.4,0.6
11,20251201,5,220.5,0.1,86.0,42.88,38.5,39.2,463.5,432.56,197.42000000000002,41.5,25.5,219.0,0.26666666666666666,5.466666666666666,2.35,96.22,107.16,104.39,6.64,18.46,90.94,118.88,99.34,-10.94,178.01,0.5
11,20260101,6,177.0,0.0,43.699999999999996,20.43,31.5,36.0,465.4,440.71,173.87,20.77,19.9,238.0,0.15000000000000002,5.6,1.015,91.84,102.17,103.06,6.89,17.95,85.16,127.85,100.39,-10.33,160.52,0.5
11,20260201,6,181.3,0.0,46.8,22.63,31.7,36.0,460.0,449.06,163.82,19.37,19.8,245.0,0.16666666666666666,7.0,1.1566666666666665,91.53,110.42,103.77,6.53,19.83,83.76,127.53,98.04,-18.89,203.68,0.7
11,20260301,6,166.7,0.0,46.699999999999996,21.84,31.4,36.0,453.0,445.09000000000003,169.05,19.57,21.4,247.0,0.20000000000000004,5.8,0.9566666666666667,91.07,113.19,101.4,6.66,18.65,84.45,123.33,94.61,-22.12,180.03,0.5
12,20241001,1,71.2,0.0,7.6000000000000005,0.0,13.2,52.8,138.0,253.97,349.93,0.0,6.7,245.0,0.2,5.2,0.0,85.26,81.33,82.88,2.74,10.98,95.74,100.36,129.13,3.93,300.73,
12,20241101,1,75.1,0.0,8.700000000000001,0.0,13.7,52.8,145.7,251.14,341.04,0.0,8.4,239.0,0.1,8.3,0.0,83.12,81.42,85.88,4.02,10.47,102.48,105.75,118.96,1.7,160.45,0.6
12,20241201,1,76.3,0.0,7.800000000000001,0.0,13.5,52.8,138.5,253.24,342.39,0.0,9.8,233.0,0.1,4.1,0.0,80.65,82.51,91.0,4.4,11.83,104.83,104.16,118.91,-1.86,168.86,0.5
12,20250101,2,103.5,0.0,34.9,16.46,18.9,57.6,136.9,249.47,357.15,14.91,12.5,266.0,0.13333333333333333,6.3999999999999995,0.8366666666666666,81.67,87.92,92.02,5.04,11.86,96.47,107.56,112.67,-6.25,135.32,0.6
12,20250201,2,99.8,0.0,32.1,16.31,19.4,57.6,144.9,248.7,364.33,14.65,11.4,259.0,0.15000000000000002,5.525,0.8875,81.43,84.79,90.32,5.71,10.39,100.47,105.25,111.92,-3.36,81.96,0.6
12,20250301,2,110.2,0.0,34.2,17.05,18.9,57.6,128.6,245.67000000000002,366.61,15.870000000000001,11.5,252.0,0.1,3.2,0.92,80.64,84.01,91.63,6.43,14.76,99.6,108.14,116.42,-3.37,129.55,0.6
12,20250401,3,141.1,0.1,66.1,32.57,23.9,62.4,134.5,244.86,363.32,29.9,16.3,244.0,0.20000000000000004,5.033333333333333,1.83,84.19,82.6,91.69,5.42,15.47,91.95,111.41,120.47,1.59,185.42,0.6
12,20250501,3,139.9,0.1,67.5,31.38,25.2,62.4,134.9,241.32999999999998,351.23,31.1,16.2,261.0,0.2,6.5,1.71,87.45,79.1,92.41,5.46,15.31,94.86,112.78,120.56,8.35,180.4,0.6
12,20250601,3,140.9,0.1,67.1,34.41,24.0,62.4,136.6,240.1,353.90999999999997,29.66,16.0,224.0,0.2,7.35,1.76,87.38,84.42,92.76,5.66,12.62,96.01,108.72,114.49,2.96,122.97,0.6
12,20250701,4,163.1,0.1,100.2,45.07,29.8,67.2,131.1,241.76,356.47,46.56,19.4,236.0,0.20000000000000004,6.0,2.3766666666666665,85.89,86.16,90.75,5.57,13.93,96.77,109.82,116.07,-0.27,150.09,0.7
12,20250801,4,172.9,0.30000000000000004,103.2,50.93,29.7,67.2,126.39999999999999,236.76,359.64,46.73,20.0,267.0,0.25,5.925,2.6125,87.19,88.3,92.06,5.46,14.5,96.5,114.14,112.65,-1.11,165.57,0.5
12,20250901,4,168.8,0.2,104.2,51.540000000000006,28.6,67.2,127.0,240.57999999999998,361.16,46.410000000000004,19.2,251.0,0.15000000000000002,6.6,2.3775,91.41,91.01,95.19,6.33,15.82,89.97,115.53,113.0,0.4,149.92,0.4
12,20251001,5,121.4,0.0,53.8,23.330000000000002,21.9,60.0,135.5,243.12,370.74,21.47,14.0,257.0,0.2,7.35,1.045,90.27,100.02,97.3,6.74,17.64,87.66,118.17,117.61,-9.75,161.72,0.4
12,20251101,5,119.2,0.0,53.9,25.35,22.0,60.0,133.2,244.23000000000002,358.07,22.79,15.4,213.0,0.15000000000000002,6.4,1.345,92.24,102.61,100.27,6.33,16.99,91.88,116.94,113.49,-10.37,168.4,0.6
12,20251201,5,115.6,0.0,51.7,24.03,20.7,60.0,129.7,241.8,355.9,23.7,14.100000000000001,249.0,0.1,6.8,1.49,96.22,107.16,104.39,6.64,18.46,90.94,118.88,99.34,-10.94,178.01,0.5
12,20260101,6,101.4,0.0,25.5,12.49,18.0,56.8,129.6,249.01,357.68,10.87,11.5,233.0,0.17500000000000002,5.6,0.665,91.84,102.17,103.06,6.89,17.95,85.16,127.85,100.39,-10.33,160.52,0.5
12,20260201,6,93.6,0.0,26.2,12.27,17.4,56.8,140.79999999999998,247.91,364.59,10.82,12.3,216.0,0.2,9.5,0.56,91.53,110.42,103.77,6.53,19.83,83.76,127.53,98.04,-18.89,203.68,0.7
12,20260301,6,101.2,0.0,24.2,12.17,17.5,56.8,137.2,244.94,358.29,11.72,12.5,208.0,0.15000000000000002,6.15,0.63,91.07,113.19,101.4,6.66,18.65,84.45,123.33,94.61,-22.12,180.03,0.5
13,20241001,1,133.3,0.0,8.4,0.0,25.5,30.4,855.5,465.13,138.28,0.0,16.1,253.0,0.39999999999999997,5.8999999999999995,0.0,85.26,81.33,82.88,2.74,10.98,95.74,100.36,129.13,3.93,300.73,
13,20241101,1,141.1,0.0,8.3,0.0,25.299999999999997,30.4,840.4,470.11,132.82,0.0,16.9,242.0,0.6,7.4,0.0,83.12,81.42,85.88,4.02,10.47,102.48,105.75,118.96,1.7,160.45,0.6
13,20241201,1,133.6,0.0,8.0,0.0,25.0,30.4,915.8,473.96999999999997,125.87,0.0,15.4,248.0,0.4,5.4,0.0,80.65,82.51,91.0,4.4,11.83,104.83,104.16,118.91,-1.86,168.86,0.5
13,20250101,2,194.5,0.4,59.7,32.58,34.8,35.2,859.4,464.53999999999996,157.71,27.96,22.7,242.0,0.5333333333333333,6.8,1.5566666666666666,81.67,87.92,92.02,5.04,11.86,96.47,107.56,112.67,-6.25,135.32,0.6
13,20250201,2,199.7,0.4,66.8,29.81,36.2,35.2,868.8,459.76,162.23,28.1,22.1,207.0,0.675,6.65,1.4175,81.43,84.79,90.32,5.71,10.39,100.47,105.25,111.92,-3.36,81.96,0.6
13,20250301,2,189.9,0.4,63.6,31.58,35.2,35.2,863.8,457.90999999999997,162.81,27.79,22.0,195.0,0.42000000000000004,6.779999999999999,1.6199999999999999,80.64,84.01,91.63,6.43,14.76,99.6,108.14,116.42,-3.37,129.55,0.6
13,20250401,3,254.4,0.8,129.0,61.34,45.3,40.0,761.4,448.22,190.19,56.36,29.1,242.0,0.9,4.933333333333334,2.9933333333333336,84.19,82.6,91.69,5.42,15.47,91.95,111.41,120.47,1.59,185.42,0.6
13,20250501,3,246.3,0.8,124.2,60.22,44.8,40.0,803.1,445.6,195.12,54.05,30.299999999999997,227.0,0.6666666666666666,6.716666666666666,2.8366666666666664,87.45,79.1,92.41,5.46,15.31,94.86,112.78,120.56,8.35,180.4,0.6
13,20250601,3,253.8,0.8,126.6,61.07,45.8,40.0,793.9,456.82,182.88,54.81999999999999,29.5,227.0,0.6166666666666667,5.45,3.516666666666667,87.38,84.42,92.76,5.66,12.62,96.01,108.72,114.49,2.96,122.97,0.6
13,20250701,4,310.3,1.2000000000000002,186.4,87.55,52.599999999999994,44.8,743.1,438.96000000000004,221.06,85.8,36.3,223.0,0.7000000000000001,5.966666666666666,4.636666666666667,85.89,86.16,90.75,5.57,13.93,96.77,109.82,116.07,-0.27,150.09,0.7
13,20250801,4,307.3,1.2000000000000002,180.5,96.05,52.4,44.8,706.0,429.36,230.01999999999998,85.2,36.6,252.0,0.7,5.76,4.772,87.19,88.3,92.06,5.46,14.5,96.5,114.14,112.65,-1.11,165.57,0.5
13,20250901,4,281.3,1.1,175.70000000000002,85.32,52.2,44.8,725.8,444.47999999999996,215.74,79.32000000000001,35.8,256.0,0.7,5.9,4.515,91.41,91.01,95.19,6.33,15.82,89.97,115.53,113.0,0.4,149.92,0.4
13,20251001,5,228.7,0.6000000000000001,93.6,45.99,40.0,37.6,850.2,458.83,171.6,38.9,25.1,238.0,0.5666666666666667,4.7,2.21,90.27,100.02,97.3,6.74,17.64,87.66,118.17,117.61,-9.75,161.72,0.4
13,20251101,5,215.6,0.5,97.4,44.86,41.0,37.6,810.1,453.4,174.57,39.37,25.9,243.0,0.64,6.9,2.2619999999999996,92.24,102.61,100.27,6.33,16.99,91.88,116.94,113.49,-10.37,168.4,0.6
13,20251201,5,218.0,0.7000000000000001,94.1,42.56,41.3,37.6,809.4,455.4,170.15,41.019999999999996,25.9,247.0,0.8500000000000001,6.0,2.8200000000000003,96.22,107.16,104.39,6.64,18.46,90.94,118.88,99.34,-10.94,178.01,0.5
13,20260101,6,179.2,0.1,44.9,22.53,31.6,33.6,851.4,456.33,159.82,20.63,20.6,258.0,0.5599999999999999,5.959999999999999,1.2,91.84,102.17,103.06,6.89,17.95,85.16,127.85,100.39,-10.33,160.52,0.5
13,20260201,6,175.9,0.2,46.4,23.03,32.4,33.6,833.1,455.88,156.61,21.68,21.1,231.0,0.575,5.75,1.225,91.53,110.42,103.77,6.53,19.83,83.76,127.53,98.04,-18.89,203.68,0.7
13,20260301,6,182.9,0.2,46.9,21.87,34.4,33.6,833.2,459.38,155.19,21.59,21.3,250.0,0.47500000000000003,6.5,1.29,91.07,113.19,101.4,6.66,18.65,84.45,123.33,94.61,-22.12,180.03,0.5
14,20241001,1,135.0,0.0,7.9,0.0,26.7,28.8,1339.8,487.48,115.35,0.0,17.2,247.0,0.26666666666666666,4.8999999999999995,0.0,85.26,81.33,82.88,2.74,10.98,95.74,100.36,129.13,3.93,300.73,
14,20241101,1,140.1,0.0,8.1,0.0,25.5,28.8,1349.2,479.29,122.71000000000001,0.0,16.0,271.0,0.19999999999999998,5.933333333333333,0.0,83.12,81.42,85.88,4.02,10.47,102.48,105.75,118.96,1.7,160.45,0.6
14,20241201,1,145.4,0.0,7.800000000000001,0.0,26.8,28.8,1334.9,487.23,112.44,0.0,16.7,198.0,0.325,5.625,0.0,80.65,82.51,91.0,4.4,11.83,104.83,104.16,118.91,-1.86,168.86,0.5
14,20250101,2,205.8,0.1,63.9,31.98,37.4,33.6,1230.0,470.46000000000004,150.9,28.72,23.8,242.0,0.6,6.1,1.53,81.67,87.92,92.02,5.04,11.86,96.47,107.56,112.67,-6.25,135.32,0.6
14,20250201,2,185.7,0.1,64.6,30.1,36.4,33.6,1201.3,472.76,148.0,28.849999999999998,23.599999999999998,226.0,0.38,5.9799999999999995,1.6780000000000002,81.43,84.79,90.32,5.71,10.39,100.47,105.25,111.92,-3.36,81.96,0.6
14,20250301,2,207.89999999999998,0.1,62.9,30.06,36.4,33.6,1219.5,469.62,147.95,28.32,24.1,190.0,0.30000000000000004,4.7,1.46,80.64,84.01,91.63,6.43,14.76,99.6,108.14,116.42,-3.37,129.55,0.6
14,20250401,3,237.1,0.5,130.6,62.59,47.3,38.4,1152.7,463.26,170.76,55.46,29.9,242.0,0.36,6.459999999999999,3.176,84.19,82.6,91.69,5.42,15.47,91.95,111.41,120.47,1.59,185.42,0.6
14,20250501,3,255.7,0.5,126.3,62.769999999999996,44.9,38.4,1177.2,461.73,174.31,59.56,30.0,264.0,0.6333333333333333,6.033333333333334,3.66,87.45,79.1,92.41,5.46,15.31,94.86,112.78,120.56,8.35,180.4,0.6
14,20250601,3,266.8,0.5,126.0,64.36,45.5,38.4,1106.1,468.07,172.75,56.26,28.9,200.0,0.37142857142857144,7.142857142857143,3.3871428571428575,87.38,84.42,92.76,5.66,12.62,96.01,108.72,114.49,2.96,122.97,0.6
14,20250701,4,310.6,0.7000000000000001,196.6,91.58,55.2,43.2,1089.9,450.38,204.99,83.67,36.4,217.0,0.58,6.840000000000001,4.64,85.89,86.16,90.75,5.57,13.93,96.77,109.82,116.07,-0.27,150.09,0.7
14,20250801,4,321.3,0.8,182.3,95.24,53.7,43.2,1074.0,455.68,200.97,88.06,37.6,226.0,0.6142857142857142,5.614285714285714,4.812857142857142,87.19,88.3,92.06,5.46,14.5,96.5,114.14,112.65,-1.11,165.57,0.5
14,20250901,4,303.9,0.9,197.2,89.78,52.8,43.2,1052.3999999999999,452.42,209.66,87.36,37.6,230.0,0.5833333333333334,5.016666666666667,4.888333333333333,91.41,91.01,95.19,6.33,15.82,89.97,115.53,113.0,0.4,149.92,0.4
14,20251001,5,226.5,0.30000000000000004,90.6,47.04,41.9,36.0,1165.7,468.22,159.96,42.02,28.3,220.0,0.5,4.2,2.17,90.27,100.02,97.3,6.74,17.64,87.66,118.17,117.61,-9.75,161.72,0.4
14,20251101,5,224.9,0.4,97.2,44.25,41.1,36.0,1154.1,471.52000000000004,158.60999999999999,41.83,27.9,224.0,0.4,5.18,2.464,92.24,102.61,100.27,6.33,16.99,91.88,116.94,113.49,-10.37,168.4,0.6
14,20251201,5,224.5,0.4,95.2,49.19,42.699999999999996,36.0,1161.1,462.31,167.5,43.92,27.200000000000003,216.0,0.45,6.7,2.08,96.22,107.16,104.39,6.64,18.46,90.94,118.88,99.34,-10.94,178.01,0.5
14,20260101,6,194.6,0.0,47.5,23.59,34.2,32.0,1260.0,475.4,135.2,20.18,23.1,245.0,0.25,3.45,1.42,91.84,102.17,103.06,6.89,17.95,85.16,127.85,100.39,-10.33,160.52,0.5
14,20260201,6,195.5,0.0,47.0,24.21,32.9,32.0,1275.2,473.39,136.84,22.21,21.4,248.0,0.28,6.38,1.202,91.53,110.42,103.77,6.53,19.83,83.76,127.53,98.04,-18.89,203.68,0.7
14,20260301,6,181.1,0.1,51.6,23.03,34.6,32.0,1276.4,472.21,143.71,21.09,21.6,234.0,0.37777777777777777,6.577777777777778,1.2177777777777778,91.07,113.19,101.4,6.66,18.65,84.45,123.33,94.61,-22.12,180.03,0.5
15,20241001,1,52.5,0.0,8.1,0.0,9.1,62.4,132.9,169.1,360.71,0.0,6.3,255.0,0.1,8.3,0.0,85.26,81.33,82.88,2.74,10.98,95.74,100.36,129.13,3.93,300.73,
15,20241101,1,51.0,0.0,8.1,0.0,8.7,62.4,134.5,167.97,362.1,0.0,5.6,227.0,0.1,7.4,0.0,83.12,81.42,85.88,4.02,10.47,102.48,105.75,118.96,1.7,160.45,0.6
15,20241201,1,50.3,0.0,8.4,0.0,9.1,62.4,145.79999999999998,168.32999999999998,372.76,0.0,6.5,239.0,0.1,5.9,0.0,80.65,82.51,91.0,4.4,11.83,104.83,104.16,118.91,-1.86,168.86,0.5
15,20250101,2,70.2,0.0,21.8,10.6,13.0,67.2,137.79999999999998,165.6,366.82,10.47,8.7,237.0,0.1,5.9,0.46,81.67,87.92,92.02,5.04,11.86,96.47,107.56,112.67,-6.25,135.32,0.6
15,20250201,2,70.9,0.0,22.3,11.52,12.9,67.2,136.7,165.69,370.27,10.2,8.6,213.0,0.1,7.3,0.57,81.43,84.79,90.32,5.71,10.39,100.47,105.25,111.92,-3.36,81.96,0.6
15,20250301,2,70.7,0.0,23.4,11.08,12.3,67.2,135.1,165.1,361.28999999999996,10.040000000000001,8.9,218.0,0.1,5.300000000000001,0.635,80.64,84.01,91.63,6.43,14.76,99.6,108.14,116.42,-3.37,129.55,0.6
15,20250401,3,92.0,0.0,46.6,20.89,16.4,72.0,128.9,162.89,360.52,19.9,11.200000000000001,268.0,0.10000000000000002,5.566666666666666,1.08,84.19,82.6,91.69,5.42,15.47,91.95,111.41,120.47,1.59,185.42,0.6
15,20250501,3,92.0,0.0,44.8,22.12,15.8,72.0,131.9,161.07,355.3,19.59,11.5,263.0,0.10000000000000002,5.233333333333333,1.0466666666666666,87.45,79.1,92.41,5.46,15.31,94.86,112.78,120.56,8.35,180.4,0.6
15,20250601,3,91.3,0.0,43.7,22.34,16.8,72.0,132.4,159.48,356.76,19.68,10.6,213.0,0.1,6.3,1.03,87.38,84.42,92.76,5.66,12.62,96.01,108.72,114.49,2.96,122.97,0.6
15,20250701,4,112.4,0.0,70.2,33.88,20.3,76.8,126.3,157.82,357.05,31.47,12.9,234.0,0.1,3.9,1.43,85.89,86.16,90.75,5.57,13.93,96.77,109.82,116.07,-0.27,150.09,0.7
15,20250801,4,113.1,0.0,70.0,33.5,20.3,76.8,131.1,160.77,359.8,28.94,13.2,199.0,0.1,4.55,1.65,87.19,88.3,92.06,5.46,14.5,96.5,114.14,112.65,-1.11,165.57,0.5
15,20250901,4,110.5,0.0,66.5,32.11,20.1,76.8,139.0,155.52,353.53000000000003,28.93,12.9,216.0,0.1,5.6,1.975,91.41,91.01,95.19,6.33,15.82,89.97,115.53,113.0,0.4,149.92,0.4
15,20251001,5,80.9,0.0,34.3,16.8,13.9,69.6,132.9,163.89000000000001,359.03999999999996,15.92,9.2,271.0,0.10000000000000002,7.0,0.8366666666666666,90.27,100.02,97.3,6.74,17.64,87.66,118.17,117.61,-9.75,161.72,0.4
15,20251101,5,77.7,0.0,34.9,15.58,14.2,69.6,144.1,162.97,355.94,16.06,9.2,252.0,0.1,3.75,0.8300000000000001,92.24,102.61,100.27,6.33,16.99,91.88,116.94,113.49,-10.37,168.4,0.6
15,20251201,5,83.6,0.0,35.2,15.06,14.5,69.6,142.5,163.28,353.18,15.5,10.6,277.0,0.10000000000000002,4.333333333333333,0.9333333333333332,96.22,107.16,104.39,6.64,18.46,90.94,118.88,99.34,-10.94,178.01,0.5
15,20260101,6,67.2,0.0,17.2,7.66,12.3,65.6,132.79999999999998,166.94,361.36,7.4,7.6,208.0,0.1,6.3,0.33,91.84,102.17,103.06,6.89,17.95,85.16,127.85,100.39,-10.33,160.52,0.5
15,20260201,6,63.5,0.0,16.4,8.31,11.6,65.6,141.1,165.26999999999998,363.3,7.26,8.7,260.0,0.1,6.4,0.5,91.53,110.42,103.77,6.53,19.83,83.76,127.53,98.04,-18.89,203.68,0.7
15,20260301,6,63.6,0.0,17.3,8.28,11.8,65.6,143.2,167.27,361.21999999999997,7.75,8.4,259.0,0.1,5.8,0.38,91.07,113.19,101.4,6.66,18.65,84.45,123.33,94.61,-22.12,180.03,0.5
16,20241001,1,159.6,0.0,8.1,0.0,28.900000000000002,22.4,77.7,543.64,57.85,0.0,18.1,255.0,0.1,5.699999999999999,0.0,85.26,81.33,82.88,2.74,10.98,95.74,100.36,129.13,3.93,300.73,
16,20241101,1,156.1,0.0,8.1,0.0,28.9,22.4,83.3,539.72,59.39,0.0,17.3,221.0,0.10000000000000002,4.866666666666667,0.0,83.12,81.42,85.88,4.02,10.47,102.48,105.75,118.96,1.7,160.45,0.6
16,20241201,1,153.9,0.0,8.0,0.0,30.200000000000003,22.4,78.9,541.46,58.07,0.0,17.9,253.0,0.1,5.9399999999999995,0.0,80.65,82.51,91.0,4.4,11.83,104.83,104.16,118.91,-1.86,168.86,0.5
16,20250101,2,213.8,0.0,69.8,34.47,41.5,27.2,78.4,528.09,88.24,31.450000000000003,26.0,255.0,0.1,7.05,1.8275000000000001,81.67,87.92,92.02,5.04,11.86,96.47,107.56,112.67,-6.25,135.32,0.6
16,20250201,2,212.8,0.0,73.4,37.85,39.6,27.2,75.89999999999999,527.54,92.67999999999999,33.55,24.9,247.0,0.1,6.357142857142857,1.8071428571428572,81.43,84.79,90.32,5.71,10.39,100.47,105.25,111.92,-3.36,81.96,0.6
16,20250301,2,216.8,0.0,74.7,35.94,42.0,27.2,73.0,536.23,81.37,31.31,26.4,189.0,0.1,5.175,1.81,80.64,84.01,91.63,6.43,14.76,99.6,108.14,116.42,-3.37,129.55,0.6
16,20250401,3,284.4,0.0,145.9,71.28999999999999,51.5,32.0,67.8,507.17,134.67000000000002,64.88,35.4,222.0,0.1,6.25,3.61,84.19,82.6,91.69,5.42,15.47,91.95,111.41,120.47,1.59,185.42,0.6
16,20250501,3,275.9,0.0,146.7,69.00999999999999,51.5,32.0,71.8,517.35,121.8,65.11,34.1,253.0,0.10000000000000002,6.466666666666666,3.526666666666667,87.45,79.1,92.41,5.46,15.31,94.86,112.78,120.56,8.35,180.4,0.6
16,20250601,3,301.0,0.0,152.2,69.46,51.7,32.0,67.2,523.0,114.81,64.68,34.1,210.0,0.1,5.225,3.8975,87.38,84.42,92.76,5.66,12.62,96.01,108.72,114.49,2.96,122.97,0.6
16,20250701,4,338.1,0.0,205.2,102.88,59.1,36.8,63.8,515.67,142.38,96.75,41.7,214.0,0.1,5.3,4.585,85.89,86.16,90.75,5.57,13.93,96.77,109.82,116.07,-0.27,150.09,0.7
16,20250801,4,341.7,0.0,224.9,104.07,57.2,36.8,64.9,510.22,144.34,99.36,42.9,238.0,0.1142857142857143,6.985714285714286,5.7942857142857145,87.19,88.3,92.06,5.46,14.5,96.5,114.14,112.65,-1.11,165.57,0.5
16,20250901,4,371.0,0.0,223.5,106.59,58.1,36.8,64.5,504.75,149.42000000000002,98.75,41.9,227.0,0.15000000000000002,6.9,4.8100000000000005,91.41,91.01,95.19,6.33,15.82,89.97,115.53,113.0,0.4,149.92,0.4
16,20251001,5,270.9,0.0,105.8,53.42,44.7,29.6,72.0,525.56,102.17,47.379999999999995,31.3,239.0,0.1,5.4,2.782222222222222,90.27,100.02,97.3,6.74,17.64,87.66,118.17,117.61,-9.75,161.72,0.4
16,20251101,5,253.7,0.0,110.1,56.519999999999996,47.1,29.6,70.0,520.39,108.3,48.13,30.2,259.0,0.1,6.75,2.865,92.24,102.61,100.27,6.33,16.99,91.88,116.94,113.49,-10.37,168.4,0.6
16,20251201,5,231.9,0.0,112.7,53.74,45.6,29.6,72.2,523.79,103.82,49.53,30.3,228.0,0.1,6.75,2.7249999999999996,96.22,107.16,104.39,6.64,18.46,90.94,118.88,99.34,-10.94,178.01,0.5
16,20260101,6,213.4,0.0,53.5,25.93,37.9,25.6,74.6,529.14,82.87,24.34,24.3,217.0,0.1,6.45,1.395,91.84,102.17,103.06,6.89,17.95,85.16,127.85,100.39,-10.33,160.52,0.5
16,20260201,6,211.3,0.0,53.5,26.27,37.0,25.6,75.6,537.6,76.76,24.97,26.0,228.0,0.10000000000000002,4.666666666666667,1.2766666666666666,91.53,110.42,103.77,6.53,19.83,83.76,127.53,98.04,-18.89,203.68,0.7
16,20260301,6,217.89999999999998,0.0,52.7,24.6,37.9,25.6,75.0,530.86,83.61,23.46,23.1,254.0,0.1,5.825,1.41875,91.07,113.19,101.4,6.66,18.65,84.45,123.33,94.61,-22.12,180.03,0.5
17,20241001,1,57.8,0.0,8.1,0.0,11.3,57.6,68.5,206.64,360.81,0.0,7.4,248.0,0.1,6.4,0.0,85.26,81.33,82.88,2.74,10.98,95.74,100.36,129.13,3.93,300.73,
17,20241101,1,61.1,0.0,8.2,0.0,11.6,57.6,72.0,207.59,358.37,0.0,7.2,236.0,0.1,4.5,0.0,83.12,81.42,85.88,4.02,10.47,102.48,105.75,118.96,1.7,160.45,0.6
17,20241201,1,67.4,0.0,8.0,0.0,11.5,57.6,71.8,209.99,361.02,0.0,8.0,212.0,0.1,5.699999999999999,0.0,80.65,82.51,91.0,4.4,11.83,104.83,104.16,118.91,-1.86,168.86,0.5
17,20250101,2,91.5,0.0,28.2,13.690000000000001,16.1,62.4,69.9,210.7,361.98,12.629999999999999,9.9,206.0,0.1,4.7,0.77,81.67,87.92,92.02,5.04,11.86,96.47,107.56,112.67,-6.25,135.32,0.6
17,20250201,2,81.1,0.0,30.200000000000003,13.86,15.9,62.4,66.4,202.45,363.33,12.55,10.5,226.0,0.1,6.4,0.535,81.43,84.79,90.32,5.71,10.39,100.47,105.25,111.92,-3.36,81.96,0.6
17,20250301,2,86.3,0.0,30.099999999999998,14.01,15.799999999999999,62.4,69.1,206.97000000000003,346.43,12.52,9.8,203.0,0.1,7.8,0.75,80.64,84.01,91.63,6.43,14.76,99.6,108.14,116.42,-3.37,129.55,0.6
17,20250401,3,114.6,0.0,58.3,27.57,20.6,67.2,65.3,200.97,363.35,25.63,13.4,228.0,0.1,3.9,1.09,84.19,82.6,91.69,5.42,15.47,91.95,111.41,120.47,1.59,185.42,0.6
17,20250501,3,109.3,0.0,56.5,25.34,20.5,67.2,64.3,201.35999999999999,351.95,25.029999999999998,13.7,251.0,0.1,6.050000000000001,1.38,87.45,79.1,92.41,5.46,15.31,94.86,112.78,120.56,8.35,180.4,0.6
17,20250601,3,117.1,0.0,59.6,27.59,21.2,67.2,65.7,198.85000000000002,364.21,25.61,13.3,226.0,0.1,6.1,1.05,87.38,84.42,92.76,5.66,12.62,96.01,108.72,114.49,2.96,122.97,0.6
17,20250701,4,138.7,0.0,82.4,41.85,24.6,72.0,60.8,199.85999999999999,360.64,37.37,15.8,214.0,0.1,6.425,2.3,85.89,86.16,90.75,5.57,13.93,96.77,109.82,116.07,-0.27,150.09,0.7
17,20250801,4,135.4,0.0,83.0,38.589999999999996,26.0,72.0,64.0,196.87,355.01,38.64,15.0,250.0,0.1,6.8,2.54,87.19,88.3,92.06,5.46,14.5,96.5,114.14,112.65,-1.11,165.57,0.5
17,20250901,4,136.6,0.0,83.3,42.03,25.2,72.0,63.7,197.66,360.36,36.51,16.2,253.0,0.1,6.871428571428572,2.152857142857143,91.41,91.01,95.19,6.33,15.82,89.97,115.53,113.0,0.4,149.92,0.4
17,20251001,5,98.7,0.0,42.4,20.68,18.5,64.8,67.5,202.82999999999998,361.87,18.43,10.9,245.0,0.1,5.9,0.895,90.27,100.02,97.3,6.74,17.64,87.66,118.17,117.61,-9.75,161.72,0.4
17,20251101,5,106.5,0.0,41.5,19.42,17.9,64.8,70.5,203.09,362.56,18.74,10.6,238.0,0.1,5.1,0.99,92.24,102.61,100.27,6.33,16.99,91.88,116.94,113.49,-10.37,168.4,0.6
17,20251201,5,103.5,0.0,42.2,21.61,18.2,64.8,66.1,204.69,367.33,18.33,11.1,252.0,0.1,8.4,0.935,96.22,107.16,104.39,6.64,18.46,90.94,118.88,99.34,-10.94,178.01,0.5
17,20260101,6,74.89999999999999,0.0,21.7,10.02,14.2,61.6,66.3,204.94,364.88,9.68,9.3,233.0,0.1,7.5,0.47,91.84,102.17,103.06,6.89,17.95,85.16,127.85,100.39,-10.33,160.52,0.5
17,20260201,6,79.5,0.0,21.3,10.19,15.2,61.6,69.0,209.53,354.65,9.58,9.6,239.0,0.1,6.0,0.62,91.53,110.42,103.77,6.53,19.83,83.76,127.53,98.04,-18.89,203.68,0.7
17,20260301,6,81.4,0.0,21.9,10.21,14.4,61.6,70.2,207.43,356.46000000000004,9.67,9.6,243.0,0.1,6.45,0.45,91.07,113.19,101.4,6.66,18.65,84.45,123.33,94.61,-22.12,180.03,0.5
18,20241001,1,73.2,0.0,8.4,0.0,13.2,54.4,44.4,240.5,359.32,0.0,7.5,243.0,0.1,5.9,0.0,85.26,81.33,82.88,2.74,10.98,95.74,100.36,129.13,3.93,300.73,
18,20241101,1,75.2,0.0,8.200000000000001,0.0,12.7,54.4,42.6,243.06,350.73,0.0,8.8,234.0,0.1,5.3,0.0,83.12,81.42,85.88,4.02,10.47,102.48,105.75,118.96,1.7,160.45,0.6
18,20241201,1,71.6,0.0,8.2,0.0,12.3,54.4,45.8,238.52,369.56,0.0,6.5,250.0,0.1,7.4,0.0,80.65,82.51,91.0,4.4,11.83,104.83,104.16,118.91,-1.86,168.86,0.5
18,20250101,2,99.80000000000001,0.0,34.0,15.07,18.4,59.2,41.8,235.1,362.06,14.76,11.8,248.0,0.1,4.6,0.7,81.67,87.92,92.02,5.04,11.86,96.47,107.56,112.67,-6.25,135.32,0.6
18,20250201,2,95.5,0.0,33.5,15.5,17.8,59.2,44.7,234.89999999999998,349.2,14.68,12.3,255.0,0.1,8.05,0.85,81.43,84.79,90.32,5.71,10.39,100.47,105.25,111.92,-3.36,81.96,0.6
18,20250301,2,95.0,0.0,30.9,14.76,17.9,59.2,44.099999999999994,234.35,359.82,15.09,12.4,241.0,0.1,3.0,0.64,80.64,84.01,91.63,6.43,14.76,99.6,108.14,116.42,-3.37,129.55,0.6
18,20250401,3,127.7,0.0,63.6,33.4,23.4,64.0,42.0,229.75,359.62,29.61,14.8,265.0,0.1,5.05,1.56,84.19,82.6,91.69,5.42,15.47,91.95,111.41,120.47,1.59,185.42,0.6
18,20250501,3,128.9,0.0,62.2,31.77,23.5,64.0,41.800000000000004,229.74,363.35,29.06,14.1,222.0,0.1,5.225,1.59,87.45,79.1,92.41,5.46,15.31,94.86,112.78,120.56,8.35,180.4,0.6
18,20250601,3,127.1,0.0,62.2,33.53,23.4,64.0,42.1,230.42000000000002,356.51,29.669999999999998,15.0,265.0,0.1,6.4,1.52,87.38,84.42,92.76,5.66,12.62,96.01,108.72,114.49,2.96,122.97,0.6
18,20250701,4,156.3,0.0,93.6,47.769999999999996,28.1,68.8,38.9,227.43,352.57,42.65,18.7,236.0,0.10000000000000002,7.933333333333334,2.1166666666666667,85.89,86.16,90.75,5.57,13.93,96.77,109.82,116.07,-0.27,150.09,0.7
18,20250801,4,165.7,0.0,102.5,46.87,28.9,68.8,41.4,226.76,361.62,42.93,19.1,239.0,0.10000000000000002,5.566666666666666,2.433333333333333,87.19,88.3,92.06,5.46,14.5,96.5,114.14,112.65,-1.11,165.57,0.5
18,20250901,4,155.3,0.0,99.0,47.95,28.8,68.8,38.9,226.7,357.98,42.68,18.1,249.0,0.1,7.2,2.59,91.41,91.01,95.19,6.33,15.82,89.97,115.53,113.0,0.4,149.92,0.4
18,20251001,5,119.1,0.0,50.9,22.61,20.3,61.6,42.9,231.19,363.82,22.47,12.7,255.0,0.1,8.6,1.48,90.27,100.02,97.3,6.74,17.64,87.66,118.17,117.61,-9.75,161.72,0.4
18,20251101,5,111.0,0.0,48.199999999999996,20.94,20.3,61.6,44.800000000000004,235.95,360.84,21.41,13.8,261.0,0.1,4.9,1.0950000000000002,92.24,102.61,100.27,6.33,16.99,91.88,116.94,113.49,-10.37,168.4,0.6
18,20251201,5,117.6,0.0,48.3,23.25,20.9,61.6,43.6,232.05,363.5,21.42,12.4,252.0,0.1,4.1,1.165,96.22,107.16,104.39,6.64,18.46,90.94,118.88,99.34,-10.94,178.01,0.5
18,20260101,6,92.5,0.0,24.5,11.62,17.0,57.6,44.0,238.05,364.78,11.01,11.0,226.0,0.1,6.7,0.66,91.84,102.17,103.06,6.89,17.95,85.16,127.85,100.39,-10.33,160.52,0.5
18,20260201,6,93.3,0.0,24.5,12.33,16.5,57.6,44.9,238.95,363.3,10.38,10.6,255.0,0.1,5.550000000000001,0.585,91.53,110.42,103.77,6.53,19.83,83.76,127.53,98.04,-18.89,203.68,0.7
18,20260301,6,88.8,0.0,23.4,11.16,17.1,57.6,46.5,234.57,354.41,10.89,11.8,228.0,0.1,6.5,0.48,91.07,113.19,101.4,6.66,18.65,84.45,123.33,94.61,-22.12,180.03,0.5
19,20241001,1,17.5,0.0,7.9,0.0,3.4,73.6,15.7,59.47,359.76,0.0,0.7,251.0,0.1,5.5,0.0,85.26,81.33,82.88,2.74,10.98,95.74,100.36,129.13,3.93,300.73,
19,20241101,1,17.7,0.0,8.0,0.0,3.3,73.6,14.8,60.06,358.08,0.0,1.9000000000000001,255.0,0.1,8.9,0.0,83.12,81.42,85.88,4.02,10.47,102.48,105.75,118.96,1.7,160.45,0.6
19,20241201,1,17.4,0.0,7.8,0.0,3.3,73.6,15.3,61.12,359.03,0.0,1.9000000000000001,218.0,0.1,7.5,0.0,80.65,82.51,91.0,4.4,11.83,104.83,104.16,118.91,-1.86,168.86,0.5
19,20250101,2,24.8,0.0,9.1,3.92,4.4,78.4,14.4,59.21,366.84,3.46,1.7,220.0,0.1,6.3,0.17,81.67,87.92,92.02,5.04,11.86,96.47,107.56,112.67,-6.25,135.32,0.6
19,20250201,2,26.2,0.0,9.4,4.03,4.6,78.4,15.7,58.7,368.32,3.63,2.8,262.0,0.1,5.2,0.25,81.43,84.79,90.32,5.71,10.39,100.47,105.25,111.92,-3.36,81.96,0.6
19,20250301,2,25.3,0.0,9.2,4.0,4.6,78.4,14.3,58.730000000000004,364.1,3.58,2.7,211.0,0.1,9.0,0.22,80.64,84.01,91.63,6.43,14.76,99.6,108.14,116.42,-3.37,129.55,0.6
19,20250401,3,30.5,0.0,17.4,7.29,5.9,80.0,14.2,58.28,356.84000000000003,7.08,4.2,214.0,0.1,5.5,0.36,84.19,82.6,91.69,5.42,15.47,91.95,111.41,120.47,1.59,185.42,0.6
19,20250501,3,31.0,0.0,15.4,7.640000000000001,5.7,80.0,14.4,57.11,372.85,6.98,3.4,236.0,0.1,8.2,0.39,87.45,79.1,92.41,5.46,15.31,94.86,112.78,120.56,8.35,180.4,0.6
19,20250601,3,30.5,0.0,16.4,7.75,5.8,80.0,15.299999999999999,58.13,362.13,7.09,4.4,251.0,0.1,7.0,0.47,87.38,84.42,92.76,5.66,12.62,96.01,108.72,114.49,2.96,122.97,0.6
19,20250701,4,37.8,0.0,24.6,11.54,7.1,80.0,14.8,56.68,363.37,10.42,4.7,248.0,0.1,5.9,0.73,85.89,86.16,90.75,5.57,13.93,96.77,109.82,116.07,-0.27,150.09,0.7
19,20250801,4,41.4,0.0,25.1,11.46,7.0,80.0,14.2,55.91,360.41,11.03,2.8,257.0,0.1,4.7,0.71,87.19,88.3,92.06,5.46,14.5,96.5,114.14,112.65,-1.11,165.57,0.5
19,20250901,4,41.0,0.0,24.6,11.01,7.0,80.0,14.299999999999999,57.0,369.43,10.65,4.8,256.0,0.1,5.9,0.52,91.41,91.01,95.19,6.33,15.82,89.97,115.53,113.0,0.4,149.92,0.4
19,20251001,5,28.2,0.0,12.9,5.9,5.1,80.0,14.2,57.64,361.35,5.49,4.2,289.0,0.1,6.9,0.25,90.27,100.02,97.3,6.74,17.64,87.66,118.17,117.61,-9.75,161.72,0.4
19,20251101,5,28.8,0.0,12.7,5.949999999999999,5.4,80.0,14.5,58.29,370.12,5.32,1.9000000000000001,257.0,0.1,7.6,0.31,92.24,102.61,100.27,6.33,16.99,91.88,116.94,113.49,-10.37,168.4,0.6
19,20251201,5,27.7,0.0,11.7,5.5,5.3,80.0,15.6,58.629999999999995,360.99,5.66,3.2,254.0,0.1,6.9,0.29,96.22,107.16,104.39,6.64,18.46,90.94,118.88,99.34,-10.94,178.01,0.5
19,20260101,6,22.0,0.0,8.2,2.93,4.5,76.8,15.2,59.550000000000004,365.56,2.77,2.1,201.0,0.1,4.4,0.12,91.84,102.17,103.06,6.89,17.95,85.16,127.85,100.39,-10.33,160.52,0.5
19,20260201,6,23.7,0.0,8.6,2.97,4.1,76.8,14.799999999999999,58.900000000000006,360.66,2.76,2.9,292.0,0.1,7.1,0.13,91.53,110.42,103.77,6.53,19.83,83.76,127.53,98.04,-18.89,203.68,0.7
19,20260301,6,24.0,0.0,8.2,2.88,4.1,76.8,14.4,59.47,350.64,2.73,3.9,209.0,0.1,6.7,0.11,91.07,113.19,101.4,6.66,18.65,84.45,123.33,94.61,-22.12,180.03,0.5
20,20241001,1,9.2,0.0,8.0,0.0,1.6,76.8,25.3,30.310000000000002,358.47,0.0,1.7,239.0,0.1,6.0,0.0,85.26,81.33,82.88,2.74,10.98,95.74,100.36,129.13,3.93,300.73,
20,20241101,1,9.4,0.0,7.9,0.0,1.5,76.8,26.1,30.22,355.13,0.0,0.7,256.0,0.1,5.1,0.0,83.12,81.42,85.88,4.02,10.47,102.48,105.75,118.96,1.7,160.45,0.6
20,20241201,1,8.7,0.0,8.4,0.0,1.6,76.8,24.0,29.92,354.01,0.0,-0.7,249.0,0.1,5.1,0.0,80.65,82.51,91.0,4.4,11.83,104.83,104.16,118.91,-1.86,168.86,0.5
20,20250101,2,11.8,0.0,8.0,2.09,2.1,80.0,25.1,29.46,370.88,1.71,2.0,232.0,0.1,7.2,0.09,81.67,87.92,92.02,5.04,11.86,96.47,107.56,112.67,-6.25,135.32,0.6
20,20250201,2,12.0,0.0,8.1,1.97,2.3,80.0,25.1,29.74,357.9,1.79,1.9,250.0,0.1,5.5,0.09,81.43,84.79,90.32,5.71,10.39,100.47,105.25,111.92,-3.36,81.96,0.6
20,20250301,2,11.9,0.0,8.0,1.9500000000000002,2.2,80.0,24.1,29.08,356.73,1.72,1.6,244.0,0.1,7.0,0.12,80.64,84.01,91.63,6.43,14.76,99.6,108.14,116.42,-3.37,129.55,0.6
20,20250401,3,15.5,0.0,9.8,3.63,2.9,80.0,24.9,29.09,359.58,3.59,1.7,253.0,0.1,4.2,0.2,84.19,82.6,91.69,5.42,15.47,91.95,111.41,120.47,1.59,185.42,0.6
20,20250501,3,16.4,0.0,8.9,3.89,2.9,80.0,24.6,28.47,354.15000000000003,3.62,2.5,253.0,0.1,3.7,0.22,87.45,79.1,92.41,5.46,15.31,94.86,112.78,120.56,8.35,180.4,0.6
20,20250601,3,16.7,0.0,9.0,4.05,2.8,80.0,26.2,28.65,351.1,3.8,0.9,237.0,0.1,5.2,0.18,87.38,84.42,92.76,5.66,12.62,96.01,108.72,114.49,2.96,122.97,0.6
20,20250701,4,18.5,0.0,11.9,5.92,3.6,80.0,24.8,28.14,370.75,5.46,1.6,206.0,0.1,6.5,0.33,85.89,86.16,90.75,5.57,13.93,96.77,109.82,116.07,-0.27,150.09,0.7
20,20250801,4,19.599999999999998,0.0,12.5,5.92,3.7,80.0,24.400000000000002,28.54,361.21,5.43,2.7,228.0,0.1,6.2,0.33,87.19,88.3,92.06,5.46,14.5,96.5,114.14,112.65,-1.11,165.57,0.5
20,20250901,4,18.8,0.0,12.1,6.28,3.4,80.0,24.2,27.95,363.46,5.41,2.7,203.0,0.1,5.4,0.34,91.41,91.01,95.19,6.33,15.82,89.97,115.53,113.0,0.4,149.92,0.4
20,20251001,5,13.5,0.0,8.2,3.07,2.6,80.0,25.3,28.919999999999998,361.46,2.8200000000000003,1.6,230.0,0.1,4.2,0.13,90.27,100.02,97.3,6.74,17.64,87.66,118.17,117.61,-9.75,161.72,0.4
20,20251101,5,13.7,0.0,8.4,2.82,2.6,80.0,25.6,29.43,356.35,2.76,2.6,250.0,0.1,3.3,0.16,92.24,102.61,100.27,6.33,16.99,91.88,116.94,113.49,-10.37,168.4,0.6
20,20251201,5,13.100000000000001,0.0,8.4,3.17,2.5,80.0,26.5,29.5,360.12,2.65,1.7,276.0,0.1,9.1,0.14,96.22,107.16,104.39,6.64,18.46,90.94,118.88,99.34,-10.94,178.01,0.5
20,20260101,6,11.6,0.0,8.100000000000001,1.48,2.0,80.0,26.1,29.72,356.56,1.32,1.4000000000000001,241.0,0.1,4.1,0.08,91.84,102.17,103.06,6.89,17.95,85.16,127.85,100.39,-10.33,160.52,0.5
20,20260201,6,11.7,0.0,8.0,1.47,2.2,80.0,24.0,29.12,351.09,1.44,1.2,228.0,0.1,5.8,0.09,91.53,110.42,103.77,6.53,19.83,83.76,127.53,98.04,-18.89,203.68,0.7
20,20260301,6,11.9,0.0,8.200000000000001,1.39,2.1,80.0,24.0,29.68,358.4,1.37,0.5,277.0,0.1,7.6,0.09,91.07,113.19,101.4,6.66,18.65,84.45,123.33,94.61,-22.12,180.03,0.5
