response_key,response_category,institution
RSP-00001,SPR Release,Emergency Management Agency
RSP-00002,Cyber Defense for Energy Grid,Ministry of Energy
RSP-00003,Port Security Enhancement,Emergency Management Agency
RSP-00004,LNG Terminal Fast-Track,Ministry of Finance
RSP-00005,Alternative Supplier Agreement,Emergency Management Agency
RSP-00006,Coal-to-Gas Switching Ban,Maritime Authority
RSP-00007,Strategic Fuel Stockpile Mandate,Maritime Authority
RSP-00008,Alternative Supplier Agreement,Ministry of Defense
RSP-00009,Refinery Capacity Expansion,Central Bank
RSP-00010,Maritime Insurance Fund,Ministry of Energy
RSP-00011,Strategic Fuel Stockpile Mandate,Emergency Management Agency
RSP-00012,Coal-to-Gas Switching Ban,Central Bank
RSP-00013,Maritime Insurance Fund,Ministry of Defense
RSP-00014,SPR Release,Ministry of Trade
RSP-00015,Renewable Energy Fast-Track,Emergency Management Agency
RSP-00016,Port Security Enhancement,Ministry of Defense
RSP-00017,Renewable Energy Fast-Track,Maritime Authority
RSP-00018,Cyber Defense for Energy Grid,Maritime Authority
RSP-00019,Refinery Capacity Expansion,Emergency Management Agency
RSP-00020,Maritime Insurance Fund,Ministry of Trade
RSP-00021,Port Security Enhancement,Emergency Management Agency
RSP-00022,Emergency Energy Import Deal,Central Bank
RSP-00023,Refinery Capacity Expansion,Maritime Authority
RSP-00024,Port Security Enhancement,National Oil Company
RSP-00025,Alternative Supplier Agreement,Ministry of Energy
RSP-00026,SPR Release,Maritime Authority
RSP-00027,Refinery Capacity Expansion,Maritime Authority
RSP-00028,Coal-to-Gas Switching Ban,National Oil Company
RSP-00029,Cyber Defense for Energy Grid,Ministry of Defense
RSP-00030,Refinery Capacity Expansion,Emergency Management Agency
RSP-00031,Coal-to-Gas Switching Ban,Ministry of Defense
RSP-00032,Maritime Insurance Fund,Ministry of Energy
RSP-00033,Strategic Fuel Stockpile Mandate,National Oil Company
RSP-00034,Bilateral Defense Pact,Ministry of Defense
RSP-00035,Fuel Subsidy Increase,Ministry of Finance
RSP-00036,Cyber Defense for Energy Grid,Ministry of Energy
RSP-00037,Fuel Subsidy Increase,Ministry of Trade
RSP-00038,Cyber Defense for Energy Grid,Ministry of Trade
RSP-00039,Emergency Energy Import Deal,Emergency Management Agency
RSP-00040,Naval Escort Deployment,Emergency Management Agency
RSP-00041,Coal-to-Gas Switching Ban,Maritime Authority
RSP-00042,Renewable Energy Fast-Track,Ministry of Finance
RSP-00043,Renewable Energy Fast-Track,Ministry of Defense
RSP-00044,Port Security Enhancement,Emergency Management Agency
RSP-00045,Refinery Capacity Expansion,Ministry of Trade
RSP-00046,Freight Corridor Agreement,Central Bank
RSP-00047,Emergency Energy Import Deal,Ministry of Defense
RSP-00048,Port Security Enhancement,Ministry of Trade
RSP-00049,Freight Corridor Agreement,Ministry of Trade
RSP-00050,Port Security Enhancement,Central Bank
RSP-00051,Cyber Defense for Energy Grid,Ministry of Defense
RSP-00052,Port Security Enhancement,Ministry of Defense
RSP-00053,Fuel Subsidy Increase,Emergency Management Agency
RSP-00054,Emergency Energy Import Deal,Ministry of Energy
RSP-00055,Cyber Defense for Energy Grid,Central Bank
RSP-00056,Port Security Enhancement,Ministry of Defense
RSP-00057,Fuel Subsidy Increase,Central Bank
RSP-00058,LNG Terminal Fast-Track,Ministry of Energy
RSP-00059,Bilateral Defense Pact,Ministry of Trade
RSP-00060,Coal-to-Gas Switching Ban,Central Bank
RSP-00061,Freight Corridor Agreement,Emergency Management Agency
RSP-00062,Port Security Enhancement,Ministry of Trade
RSP-00063,Fuel Subsidy Increase,Central Bank
RSP-00064,Fuel Subsidy Increase,Central Bank
RSP-00065,Alternative Supplier Agreement,Emergency Management Agency
RSP-00066,SPR Release,National Oil Company
RSP-00067,Fuel Subsidy Increase,Emergency Management Agency
RSP-00068,Cyber Defense for Energy Grid,Ministry of Finance
RSP-00069,Emergency Energy Import Deal,Ministry of Energy
RSP-00070,Freight Corridor Agreement,National Oil Company
RSP-00071,Coal-to-Gas Switching Ban,Ministry of Energy
RSP-00072,Refinery Capacity Expansion,Ministry of Trade
RSP-00073,LNG Terminal Fast-Track,Ministry of Trade
RSP-00074,Maritime Insurance Fund,Ministry of Trade
RSP-00075,LNG Terminal Fast-Track,Ministry of Finance
RSP-00076,LNG Terminal Fast-Track,National Oil Company
RSP-00077,Maritime Insurance Fund,National Oil Company
RSP-00078,Fuel Subsidy Increase,Emergency Management Agency
RSP-00079,Maritime Insurance Fund,Maritime Authority
RSP-00080,Bilateral Defense Pact,Ministry of Trade
RSP-00081,Strategic Fuel Stockpile Mandate,Maritime Authority
RSP-00082,Coal-to-Gas Switching Ban,National Oil Company
RSP-00083,Renewable Energy Fast-Track,Maritime Authority
RSP-00084,Coal-to-Gas Switching Ban,National Oil Company
RSP-00085,Freight Corridor Agreement,Central Bank
RSP-00086,Port Security Enhancement,Maritime Authority
RSP-00087,Maritime Insurance Fund,Emergency Management Agency
RSP-00088,Emergency Energy Import Deal,Central Bank
RSP-00089,Coal-to-Gas Switching Ban,Maritime Authority
RSP-00090,Maritime Insurance Fund,Emergency Management Agency
RSP-00091,Emergency Energy Import Deal,Central Bank
RSP-00092,Bilateral Defense Pact,Central Bank
RSP-00093,Coal-to-Gas Switching Ban,Central Bank
RSP-00094,Maritime Insurance Fund,Maritime Authority
RSP-00095,Alternative Supplier Agreement,Central Bank
RSP-00096,Fuel Subsidy Increase,Ministry of Finance
RSP-00097,Strategic Fuel Stockpile Mandate,Ministry of Energy
RSP-00098,Emergency Energy Import Deal,Ministry of Trade
RSP-00099,Maritime Insurance Fund,National Oil Company
RSP-00100,Bilateral Defense Pact,Maritime Authority
RSP-00101,Refinery Capacity Expansion,Ministry of Energy
RSP-00102,Alternative Supplier Agreement,Ministry of Trade
RSP-00103,Emergency Energy Import Deal,Ministry of Defense
RSP-00104,Freight Corridor Agreement,Emergency Management Agency
RSP-00105,Coal-to-Gas Switching Ban,Ministry of Trade
RSP-00106,Naval Escort Deployment,Ministry of Trade
RSP-00107,Maritime Insurance Fund,Central Bank
RSP-00108,Port Security Enhancement,Ministry of Energy
RSP-00109,LNG Terminal Fast-Track,Ministry of Defense
RSP-00110,Cyber Defense for Energy Grid,Ministry of Energy
RSP-00111,Bilateral Defense Pact,Ministry of Defense
RSP-00112,Refinery Capacity Expansion,National Oil Company
RSP-00113,Maritime Insurance Fund,Central Bank
RSP-00114,Emergency Energy Import Deal,Emergency Management Agency
RSP-00115,Alternative Supplier Agreement,National Oil Company
RSP-00116,Fuel Subsidy Increase,Ministry of Energy
RSP-00117,Coal-to-Gas Switching Ban,National Oil Company
RSP-00118,Naval Escort Deployment,Maritime Authority
RSP-00119,Fuel Subsidy Increase,Ministry of Finance
RSP-00120,Freight Corridor Agreement,Ministry of Defense
RSP-00121,Port Security Enhancement,Ministry of Defense
RSP-00122,Alternative Supplier Agreement,Ministry of Trade
RSP-00123,Freight Corridor Agreement,Ministry of Trade
RSP-00124,Cyber Defense for Energy Grid,Ministry of Defense
RSP-00125,Port Security Enhancement,Emergency Management Agency
RSP-00126,Freight Corridor Agreement,Ministry of Trade
RSP-00127,Refinery Capacity Expansion,Ministry of Trade
RSP-00128,Bilateral Defense Pact,Central Bank
RSP-00129,Bilateral Defense Pact,Ministry of Energy
RSP-00130,Strategic Fuel Stockpile Mandate,Central Bank
RSP-00131,Naval Escort Deployment,Emergency Management Agency
RSP-00132,Alternative Supplier Agreement,Emergency Management Agency
RSP-00133,Strategic Fuel Stockpile Mandate,Ministry of Energy
RSP-00134,Refinery Capacity Expansion,National Oil Company
RSP-00135,Port Security Enhancement,Ministry of Energy
RSP-00136,Emergency Energy Import Deal,Maritime Authority
RSP-00137,Cyber Defense for Energy Grid,National Oil Company
RSP-00138,Maritime Insurance Fund,Ministry of Finance
RSP-00139,Port Security Enhancement,Central Bank
RSP-00140,Alternative Supplier Agreement,National Oil Company
RSP-00141,Emergency Energy Import Deal,Ministry of Trade
RSP-00142,Emergency Energy Import Deal,Maritime Authority
RSP-00143,Alternative Supplier Agreement,Central Bank
RSP-00144,Refinery Capacity Expansion,Emergency Management Agency
RSP-00145,Bilateral Defense Pact,Ministry of Trade
RSP-00146,Bilateral Defense Pact,Ministry of Finance
RSP-00147,Refinery Capacity Expansion,Ministry of Energy
RSP-00148,Alternative Supplier Agreement,Ministry of Defense
RSP-00149,Naval Escort Deployment,Ministry of Finance
RSP-00150,Bilateral Defense Pact,Ministry of Energy
RSP-00151,Alternative Supplier Agreement,Ministry of Trade
RSP-00152,Coal-to-Gas Switching Ban,National Oil Company
RSP-00153,Strategic Fuel Stockpile Mandate,Ministry of Finance
RSP-00154,Strategic Fuel Stockpile Mandate,Ministry of Trade
RSP-00155,Renewable Energy Fast-Track,Emergency Management Agency
RSP-00156,Naval Escort Deployment,Emergency Management Agency
RSP-00157,Coal-to-Gas Switching Ban,National Oil Company
RSP-00158,Coal-to-Gas Switching Ban,Maritime Authority
RSP-00159,Fuel Subsidy Increase,Emergency Management Agency
RSP-00160,Renewable Energy Fast-Track,Ministry of Trade
RSP-00161,Coal-to-Gas Switching Ban,Ministry of Finance
RSP-00162,Port Security Enhancement,Central Bank
RSP-00163,Fuel Subsidy Increase,Ministry of Defense
RSP-00164,Cyber Defense for Energy Grid,National Oil Company
RSP-00165,Fuel Subsidy Increase,Ministry of Energy
RSP-00166,Renewable Energy Fast-Track,Emergency Management Agency
RSP-00167,Bilateral Defense Pact,Central Bank
RSP-00168,Cyber Defense for Energy Grid,Ministry of Finance
RSP-00169,SPR Release,Ministry of Energy
RSP-00170,SPR Release,Maritime Authority
RSP-00171,Emergency Energy Import Deal,Emergency Management Agency
RSP-00172,Bilateral Defense Pact,Emergency Management Agency
RSP-00173,Emergency Energy Import Deal,National Oil Company
RSP-00174,Freight Corridor Agreement,Ministry of Energy
RSP-00175,Emergency Energy Import Deal,Ministry of Energy
RSP-00176,Strategic Fuel Stockpile Mandate,Central Bank
RSP-00177,Emergency Energy Import Deal,Ministry of Defense
RSP-00178,Port Security Enhancement,Central Bank
RSP-00179,Bilateral Defense Pact,National Oil Company
RSP-00180,Emergency Energy Import Deal,Maritime Authority
RSP-00181,Freight Corridor Agreement,Ministry of Finance
RSP-00182,Coal-to-Gas Switching Ban,National Oil Company
RSP-00183,Freight Corridor Agreement,Ministry of Finance
RSP-00184,Freight Corridor Agreement,Emergency Management Agency
RSP-00185,Emergency Energy Import Deal,Maritime Authority
RSP-00186,Port Security Enhancement,Maritime Authority
RSP-00187,Emergency Energy Import Deal,Emergency Management Agency
RSP-00188,Naval Escort Deployment,Ministry of Energy
RSP-00189,Naval Escort Deployment,Ministry of Energy
RSP-00190,Alternative Supplier Agreement,National Oil Company
RSP-00191,Alternative Supplier Agreement,Maritime Authority
RSP-00192,Bilateral Defense Pact,Ministry of Energy
RSP-00193,Emergency Energy Import Deal,Central Bank
RSP-00194,Maritime Insurance Fund,Maritime Authority
RSP-00195,Port Security Enhancement,Ministry of Energy
RSP-00196,Freight Corridor Agreement,National Oil Company
RSP-00197,LNG Terminal Fast-Track,Ministry of Finance
RSP-00198,Bilateral Defense Pact,Maritime Authority
RSP-00199,Emergency Energy Import Deal,Ministry of Energy
RSP-00200,Alternative Supplier Agreement,Ministry of Defense
RSP-00201,Bilateral Defense Pact,Central Bank
RSP-00202,Naval Escort Deployment,National Oil Company
RSP-00203,Maritime Insurance Fund,Central Bank
RSP-00204,Cyber Defense for Energy Grid,Maritime Authority
RSP-00205,Fuel Subsidy Increase,Central Bank
RSP-00206,Emergency Energy Import Deal,National Oil Company
RSP-00207,SPR Release,Maritime Authority
RSP-00208,Strategic Fuel Stockpile Mandate,Central Bank
RSP-00209,Coal-to-Gas Switching Ban,Ministry of Energy
RSP-00210,Port Security Enhancement,Emergency Management Agency
RSP-00211,Bilateral Defense Pact,Central Bank
RSP-00212,Emergency Energy Import Deal,Ministry of Defense
RSP-00213,Maritime Insurance Fund,Maritime Authority
RSP-00214,Fuel Subsidy Increase,Maritime Authority
RSP-00215,SPR Release,Ministry of Finance
RSP-00216,Refinery Capacity Expansion,Ministry of Finance
RSP-00217,Cyber Defense for Energy Grid,Emergency Management Agency
RSP-00218,Port Security Enhancement,Central Bank
RSP-00219,Bilateral Defense Pact,Ministry of Finance
RSP-00220,Renewable Energy Fast-Track,Emergency Management Agency
RSP-00221,LNG Terminal Fast-Track,Ministry of Energy
RSP-00222,SPR Release,Maritime Authority
RSP-00223,Naval Escort Deployment,Ministry of Defense
RSP-00224,Alternative Supplier Agreement,Emergency Management Agency
RSP-00225,SPR Release,Ministry of Energy
RSP-00226,LNG Terminal Fast-Track,Ministry of Energy
RSP-00227,SPR Release,Central Bank
RSP-00228,Cyber Defense for Energy Grid,Central Bank
RSP-00229,Strategic Fuel Stockpile Mandate,Central Bank
RSP-00230,Bilateral Defense Pact,Ministry of Finance
RSP-00231,Coal-to-Gas Switching Ban,Ministry of Defense
RSP-00232,Naval Escort Deployment,Ministry of Defense
RSP-00233,Naval Escort Deployment,National Oil Company
RSP-00234,Freight Corridor Agreement,Maritime Authority
RSP-00235,Emergency Energy Import Deal,Central Bank
RSP-00236,Naval Escort Deployment,Ministry of Trade
RSP-00237,Refinery Capacity Expansion,National Oil Company
RSP-00238,Renewable Energy Fast-Track,Maritime Authority
RSP-00239,Naval Escort Deployment,Ministry of Finance
RSP-00240,Strategic Fuel Stockpile Mandate,National Oil Company
RSP-00241,Cyber Defense for Energy Grid,National Oil Company
RSP-00242,Coal-to-Gas Switching Ban,Maritime Authority
RSP-00243,Renewable Energy Fast-Track,Emergency Management Agency
RSP-00244,Naval Escort Deployment,National Oil Company
RSP-00245,Renewable Energy Fast-Track,Central Bank
RSP-00246,Bilateral Defense Pact,Emergency Management Agency
RSP-00247,Fuel Subsidy Increase,National Oil Company
RSP-00248,Coal-to-Gas Switching Ban,Ministry of Defense
RSP-00249,Freight Corridor Agreement,Ministry of Finance
RSP-00250,Renewable Energy Fast-Track,Emergency Management Agency
RSP-00251,Alternative Supplier Agreement,Ministry of Trade
RSP-00252,Naval Escort Deployment,National Oil Company
RSP-00253,Cyber Defense for Energy Grid,Ministry of Defense
RSP-00254,Naval Escort Deployment,Emergency Management Agency
RSP-00255,Emergency Energy Import Deal,National Oil Company
RSP-00256,Alternative Supplier Agreement,Emergency Management Agency
RSP-00257,Strategic Fuel Stockpile Mandate,Ministry of Energy
RSP-00258,Fuel Subsidy Increase,Ministry of Energy
RSP-00259,Emergency Energy Import Deal,National Oil Company
RSP-00260,Refinery Capacity Expansion,Central Bank
RSP-00261,LNG Terminal Fast-Track,Maritime Authority
RSP-00262,Freight Corridor Agreement,Emergency Management Agency
RSP-00263,Strategic Fuel Stockpile Mandate,Ministry of Energy
RSP-00264,Coal-to-Gas Switching Ban,Emergency Management Agency
RSP-00265,Freight Corridor Agreement,Maritime Authority
RSP-00266,Port Security Enhancement,Ministry of Defense
RSP-00267,Cyber Defense for Energy Grid,Central Bank
RSP-00268,Coal-to-Gas Switching Ban,Ministry of Trade
RSP-00269,Fuel Subsidy Increase,Ministry of Finance
RSP-00270,LNG Terminal Fast-Track,Ministry of Energy
RSP-00271,Port Security Enhancement,Central Bank
RSP-00272,Port Security Enhancement,Ministry of Finance
RSP-00273,Fuel Subsidy Increase,Ministry of Defense
RSP-00274,Fuel Subsidy Increase,Emergency Management Agency
RSP-00275,Port Security Enhancement,Emergency Management Agency
RSP-00276,Fuel Subsidy Increase,National Oil Company
RSP-00277,Cyber Defense for Energy Grid,Emergency Management Agency
RSP-00278,Strategic Fuel Stockpile Mandate,National Oil Company
RSP-00279,Naval Escort Deployment,Central Bank
RSP-00280,Cyber Defense for Energy Grid,Ministry of Defense
RSP-00281,Emergency Energy Import Deal,Ministry of Finance
RSP-00282,Renewable Energy Fast-Track,Maritime Authority
RSP-00283,Coal-to-Gas Switching Ban,National Oil Company
RSP-00284,Port Security Enhancement,Central Bank
RSP-00285,Bilateral Defense Pact,Central Bank
RSP-00286,Port Security Enhancement,Maritime Authority
RSP-00287,Cyber Defense for Energy Grid,Emergency Management Agency
RSP-00288,Fuel Subsidy Increase,Ministry of Energy
RSP-00289,Alternative Supplier Agreement,National Oil Company
RSP-00290,Emergency Energy Import Deal,National Oil Company
RSP-00291,Alternative Supplier Agreement,Ministry of Trade
RSP-00292,Fuel Subsidy Increase,Ministry of Energy
RSP-00293,Strategic Fuel Stockpile Mandate,Ministry of Finance
RSP-00294,LNG Terminal Fast-Track,Ministry of Defense
RSP-00295,Alternative Supplier Agreement,Ministry of Trade
RSP-00296,Emergency Energy Import Deal,National Oil Company
RSP-00297,Strategic Fuel Stockpile Mandate,Maritime Authority
RSP-00298,Renewable Energy Fast-Track,National Oil Company
RSP-00299,Naval Escort Deployment,Ministry of Defense
RSP-00300,Emergency Energy Import Deal,Ministry of Energy
RSP-00301,Emergency Energy Import Deal,Maritime Authority
RSP-00302,Renewable Energy Fast-Track,Emergency Management Agency
RSP-00303,Freight Corridor Agreement,Ministry of Finance
RSP-00304,Freight Corridor Agreement,Ministry of Finance
RSP-00305,Emergency Energy Import Deal,Ministry of Trade
RSP-00306,Coal-to-Gas Switching Ban,Ministry of Defense
RSP-00307,Coal-to-Gas Switching Ban,Central Bank
RSP-00308,Emergency Energy Import Deal,Emergency Management Agency
RSP-00309,Naval Escort Deployment,Ministry of Trade
RSP-00310,Freight Corridor Agreement,Central Bank
RSP-00311,SPR Release,Ministry of Finance
RSP-00312,Cyber Defense for Energy Grid,National Oil Company
RSP-00313,Bilateral Defense Pact,Ministry of Finance
RSP-00314,Coal-to-Gas Switching Ban,Ministry of Defense
RSP-00315,Freight Corridor Agreement,National Oil Company
RSP-00316,Maritime Insurance Fund,Ministry of Defense
RSP-00317,Cyber Defense for Energy Grid,Ministry of Finance
RSP-00318,Port Security Enhancement,National Oil Company
RSP-00319,Naval Escort Deployment,Ministry of Energy
RSP-00320,Coal-to-Gas Switching Ban,Ministry of Finance
RSP-00321,SPR Release,Emergency Management Agency
RSP-00322,Freight Corridor Agreement,Ministry of Energy
RSP-00323,Coal-to-Gas Switching Ban,Emergency Management Agency
RSP-00324,Bilateral Defense Pact,Maritime Authority
RSP-00325,Freight Corridor Agreement,National Oil Company
RSP-00326,Renewable Energy Fast-Track,Central Bank
RSP-00327,Port Security Enhancement,Ministry of Finance
RSP-00328,Refinery Capacity Expansion,Ministry of Energy
RSP-00329,Emergency Energy Import Deal,Ministry of Finance
RSP-00330,Maritime Insurance Fund,Ministry of Energy
RSP-00331,Port Security Enhancement,Central Bank
RSP-00332,Alternative Supplier Agreement,Ministry of Trade
RSP-00333,Coal-to-Gas Switching Ban,Ministry of Defense
RSP-00334,Alternative Supplier Agreement,Ministry of Trade
RSP-00335,Coal-to-Gas Switching Ban,Central Bank
RSP-00336,Bilateral Defense Pact,Central Bank
RSP-00337,Renewable Energy Fast-Track,National Oil Company
RSP-00338,Freight Corridor Agreement,Ministry of Trade
RSP-00339,Port Security Enhancement,Central Bank
RSP-00340,Coal-to-Gas Switching Ban,Ministry of Finance
RSP-00341,Coal-to-Gas Switching Ban,Ministry of Finance
RSP-00342,Alternative Supplier Agreement,Ministry of Energy
RSP-00343,Emergency Energy Import Deal,Ministry of Defense
RSP-00344,LNG Terminal Fast-Track,Emergency Management Agency
RSP-00345,Refinery Capacity Expansion,Ministry of Finance
RSP-00346,Fuel Subsidy Increase,Ministry of Finance
RSP-00347,Coal-to-Gas Switching Ban,Ministry of Defense
RSP-00348,Alternative Supplier Agreement,Central Bank
RSP-00349,Strategic Fuel Stockpile Mandate,Ministry of Trade
RSP-00350,Cyber Defense for Energy Grid,Emergency Management Agency
RSP-00351,Refinery Capacity Expansion,Ministry of Energy
RSP-00352,Freight Corridor Agreement,Ministry of Energy
RSP-00353,Port Security Enhancement,Ministry of Finance
RSP-00354,Naval Escort Deployment,Ministry of Trade
RSP-00355,LNG Terminal Fast-Track,Ministry of Energy
RSP-00356,Refinery Capacity Expansion,Ministry of Trade
RSP-00357,Coal-to-Gas Switching Ban,Ministry of Energy
RSP-00358,Strategic Fuel Stockpile Mandate,Emergency Management Agency
RSP-00359,Strategic Fuel Stockpile Mandate,Ministry of Finance
RSP-00360,Refinery Capacity Expansion,Central Bank
RSP-00361,Refinery Capacity Expansion,Central Bank
RSP-00362,LNG Terminal Fast-Track,Ministry of Energy
RSP-00363,Renewable Energy Fast-Track,Ministry of Finance
RSP-00364,Refinery Capacity Expansion,Ministry of Defense
RSP-00365,SPR Release,Maritime Authority
RSP-00366,Cyber Defense for Energy Grid,Emergency Management Agency
RSP-00367,Naval Escort Deployment,Emergency Management Agency
RSP-00368,Renewable Energy Fast-Track,Emergency Management Agency
RSP-00369,Port Security Enhancement,National Oil Company
RSP-00370,Coal-to-Gas Switching Ban,Emergency Management Agency
RSP-00371,Renewable Energy Fast-Track,Emergency Management Agency
RSP-00372,Fuel Subsidy Increase,Maritime Authority
RSP-00373,Naval Escort Deployment,Emergency Management Agency
RSP-00374,Refinery Capacity Expansion,Ministry of Trade
RSP-00375,Maritime Insurance Fund,Ministry of Finance
RSP-00376,Coal-to-Gas Switching Ban,Ministry of Defense
RSP-00377,Maritime Insurance Fund,Ministry of Energy
RSP-00378,SPR Release,Ministry of Trade
RSP-00379,Bilateral Defense Pact,Maritime Authority
RSP-00380,Port Security Enhancement,Ministry of Trade
RSP-00381,LNG Terminal Fast-Track,Ministry of Trade
RSP-00382,Refinery Capacity Expansion,Ministry of Finance
RSP-00383,Refinery Capacity Expansion,Ministry of Trade
RSP-00384,Alternative Supplier Agreement,Ministry of Finance
RSP-00385,LNG Terminal Fast-Track,National Oil Company
RSP-00386,Maritime Insurance Fund,Central Bank
RSP-00387,LNG Terminal Fast-Track,Ministry of Finance
RSP-00388,LNG Terminal Fast-Track,Ministry of Trade
RSP-00389,Naval Escort Deployment,Ministry of Finance
RSP-00390,Strategic Fuel Stockpile Mandate,Ministry of Finance
RSP-00391,Fuel Subsidy Increase,Emergency Management Agency
RSP-00392,Freight Corridor Agreement,Ministry of Energy
RSP-00393,Emergency Energy Import Deal,Ministry of Trade
RSP-00394,Naval Escort Deployment,Emergency Management Agency
RSP-00395,Port Security Enhancement,Emergency Management Agency
RSP-00396,Coal-to-Gas Switching Ban,Ministry of Defense
RSP-00397,Maritime Insurance Fund,Ministry of Defense
RSP-00398,Alternative Supplier Agreement,Ministry of Defense
RSP-00399,Freight Corridor Agreement,Ministry of Energy
RSP-00400,Alternative Supplier Agreement,Ministry of Trade
RSP-00401,LNG Terminal Fast-Track,Ministry of Trade
RSP-00402,Maritime Insurance Fund,Ministry of Defense
RSP-00403,Alternative Supplier Agreement,National Oil Company
RSP-00404,Emergency Energy Import Deal,National Oil Company
RSP-00405,Naval Escort Deployment,Ministry of Finance
RSP-00406,Port Security Enhancement,Maritime Authority
RSP-00407,Freight Corridor Agreement,Maritime Authority
RSP-00408,Fuel Subsidy Increase,Ministry of Defense
RSP-00409,Strategic Fuel Stockpile Mandate,National Oil Company
RSP-00410,Emergency Energy Import Deal,National Oil Company
RSP-00411,Refinery Capacity Expansion,Central Bank
RSP-00412,SPR Release,Ministry of Trade
RSP-00413,Port Security Enhancement,Emergency Management Agency
RSP-00414,Renewable Energy Fast-Track,Ministry of Finance
RSP-00415,Renewable Energy Fast-Track,Ministry of Defense
RSP-00416,Alternative Supplier Agreement,Central Bank
RSP-00417,Fuel Subsidy Increase,Maritime Authority
RSP-00418,Alternative Supplier Agreement,Ministry of Finance
RSP-00419,Coal-to-Gas Switching Ban,National Oil Company
RSP-00420,Coal-to-Gas Switching Ban,Ministry of Trade
RSP-00421,Coal-to-Gas Switching Ban,National Oil Company
RSP-00422,Emergency Energy Import Deal,Ministry of Trade
RSP-00423,Naval Escort Deployment,Emergency Management Agency
RSP-00424,Port Security Enhancement,Emergency Management Agency
RSP-00425,Renewable Energy Fast-Track,Ministry of Trade
RSP-00426,Naval Escort Deployment,Ministry of Finance
RSP-00427,Alternative Supplier Agreement,Ministry of Trade
RSP-00428,Naval Escort Deployment,Ministry of Trade
RSP-00429,LNG Terminal Fast-Track,Ministry of Energy
RSP-00430,Coal-to-Gas Switching Ban,National Oil Company
RSP-00431,LNG Terminal Fast-Track,National Oil Company
RSP-00432,Freight Corridor Agreement,Maritime Authority
RSP-00433,Emergency Energy Import Deal,Ministry of Finance
RSP-00434,Port Security Enhancement,Ministry of Defense
RSP-00435,Naval Escort Deployment,Emergency Management Agency
RSP-00436,Port Security Enhancement,Ministry of Finance
RSP-00437,Fuel Subsidy Increase,Emergency Management Agency
RSP-00438,Coal-to-Gas Switching Ban,Ministry of Finance
RSP-00439,Port Security Enhancement,Ministry of Trade
RSP-00440,LNG Terminal Fast-Track,Central Bank
RSP-00441,Maritime Insurance Fund,Central Bank
RSP-00442,Maritime Insurance Fund,Ministry of Finance
RSP-00443,Fuel Subsidy Increase,Central Bank
RSP-00444,Fuel Subsidy Increase,Maritime Authority
RSP-00445,Port Security Enhancement,National Oil Company
RSP-00446,SPR Release,Maritime Authority
RSP-00447,SPR Release,Central Bank
RSP-00448,Coal-to-Gas Switching Ban,Ministry of Trade
RSP-00449,SPR Release,Maritime Authority
RSP-00450,Emergency Energy Import Deal,Ministry of Defense
RSP-00451,SPR Release,Central Bank
RSP-00452,Alternative Supplier Agreement,Maritime Authority
RSP-00453,LNG Terminal Fast-Track,Ministry of Defense
RSP-00454,LNG Terminal Fast-Track,Ministry of Trade
RSP-00455,SPR Release,Ministry of Finance
RSP-00456,Cyber Defense for Energy Grid,Ministry of Defense
RSP-00457,Refinery Capacity Expansion,Emergency Management Agency
RSP-00458,Port Security Enhancement,Emergency Management Agency
RSP-00459,Naval Escort Deployment,Ministry of Finance
RSP-00460,Naval Escort Deployment,Ministry of Defense
RSP-00461,Port Security Enhancement,Maritime Authority
RSP-00462,Coal-to-Gas Switching Ban,Ministry of Defense
RSP-00463,Freight Corridor Agreement,National Oil Company
RSP-00464,SPR Release,Emergency Management Agency
RSP-00465,Fuel Subsidy Increase,Emergency Management Agency
RSP-00466,Freight Corridor Agreement,Ministry of Finance
RSP-00467,Naval Escort Deployment,Maritime Authority
RSP-00468,Emergency Energy Import Deal,Ministry of Defense
RSP-00469,Bilateral Defense Pact,Emergency Management Agency
RSP-00470,Fuel Subsidy Increase,Ministry of Trade
RSP-00471,Renewable Energy Fast-Track,Central Bank
RSP-00472,Emergency Energy Import Deal,Ministry of Finance
RSP-00473,Port Security Enhancement,Emergency Management Agency
RSP-00474,Port Security Enhancement,Ministry of Finance
RSP-00475,Bilateral Defense Pact,Ministry of Finance
RSP-00476,Freight Corridor Agreement,Ministry of Finance
RSP-00477,Emergency Energy Import Deal,Maritime Authority
RSP-00478,Alternative Supplier Agreement,Central Bank
RSP-00479,Alternative Supplier Agreement,Ministry of Trade
RSP-00480,Strategic Fuel Stockpile Mandate,Emergency Management Agency
RSP-00481,Emergency Energy Import Deal,Ministry of Energy
RSP-00482,Strategic Fuel Stockpile Mandate,Ministry of Finance
RSP-00483,Emergency Energy Import Deal,Emergency Management Agency
RSP-00484,Refinery Capacity Expansion,Ministry of Defense
RSP-00485,Bilateral Defense Pact,Ministry of Finance
RSP-00486,Maritime Insurance Fund,Central Bank
RSP-00487,Cyber Defense for Energy Grid,Emergency Management Agency
RSP-00488,Bilateral Defense Pact,Emergency Management Agency
RSP-00489,Naval Escort Deployment,Emergency Management Agency
RSP-00490,Coal-to-Gas Switching Ban,Emergency Management Agency
RSP-00491,Emergency Energy Import Deal,Emergency Management Agency
RSP-00492,Freight Corridor Agreement,National Oil Company
RSP-00493,Refinery Capacity Expansion,Emergency Management Agency
RSP-00494,SPR Release,Central Bank
RSP-00495,Refinery Capacity Expansion,Maritime Authority
RSP-00496,Maritime Insurance Fund,Maritime Authority
RSP-00497,LNG Terminal Fast-Track,Maritime Authority
RSP-00498,LNG Terminal Fast-Track,National Oil Company
RSP-00499,Refinery Capacity Expansion,Ministry of Defense
RSP-00500,Fuel Subsidy Increase,Ministry of Trade
RSP-00501,Refinery Capacity Expansion,Central Bank
RSP-00502,Cyber Defense for Energy Grid,Ministry of Energy
RSP-00503,Port Security Enhancement,Central Bank
RSP-00504,Fuel Subsidy Increase,Ministry of Trade
RSP-00505,Freight Corridor Agreement,Ministry of Finance
RSP-00506,Fuel Subsidy Increase,Maritime Authority
RSP-00507,Naval Escort Deployment,Ministry of Defense
RSP-00508,Naval Escort Deployment,Emergency Management Agency
RSP-00509,SPR Release,Emergency Management Agency
RSP-00510,Refinery Capacity Expansion,Maritime Authority
RSP-00511,Strategic Fuel Stockpile Mandate,National Oil Company
RSP-00512,Bilateral Defense Pact,National Oil Company
RSP-00513,Cyber Defense for Energy Grid,Ministry of Finance
RSP-00514,Port Security Enhancement,Ministry of Defense
RSP-00515,LNG Terminal Fast-Track,Ministry of Defense
RSP-00516,Maritime Insurance Fund,Ministry of Trade
RSP-00517,Strategic Fuel Stockpile Mandate,Ministry of Defense
RSP-00518,Bilateral Defense Pact,Emergency Management Agency
RSP-00519,Renewable Energy Fast-Track,Ministry of Finance
RSP-00520,Maritime Insurance Fund,Maritime Authority
RSP-00521,Fuel Subsidy Increase,National Oil Company
RSP-00522,Cyber Defense for Energy Grid,National Oil Company
RSP-00523,Freight Corridor Agreement,Ministry of Energy
RSP-00524,Coal-to-Gas Switching Ban,Central Bank
RSP-00525,Cyber Defense for Energy Grid,Ministry of Finance
RSP-00526,Port Security Enhancement,Ministry of Energy
RSP-00527,Renewable Energy Fast-Track,Ministry of Finance
RSP-00528,Fuel Subsidy Increase,Ministry of Energy
RSP-00529,Bilateral Defense Pact,National Oil Company
RSP-00530,Fuel Subsidy Increase,Maritime Authority
RSP-00531,Fuel Subsidy Increase,Ministry of Trade
RSP-00532,Port Security Enhancement,National Oil Company
RSP-00533,Coal-to-Gas Switching Ban,Maritime Authority
RSP-00534,Strategic Fuel Stockpile Mandate,Ministry of Finance
RSP-00535,Maritime Insurance Fund,Emergency Management Agency
RSP-00536,Emergency Energy Import Deal,Maritime Authority
RSP-00537,LNG Terminal Fast-Track,Emergency Management Agency
RSP-00538,Port Security Enhancement,Maritime Authority
RSP-00539,Fuel Subsidy Increase,Ministry of Energy
RSP-00540,SPR Release,Emergency Management Agency
RSP-00541,Strategic Fuel Stockpile Mandate,Ministry of Finance
RSP-00542,Coal-to-Gas Switching Ban,Ministry of Defense
RSP-00543,Cyber Defense for Energy Grid,Maritime Authority
RSP-00544,Maritime Insurance Fund,Emergency Management Agency
RSP-00545,Fuel Subsidy Increase,National Oil Company
RSP-00546,Port Security Enhancement,Maritime Authority
RSP-00547,Freight Corridor Agreement,Ministry of Defense
RSP-00548,Emergency Energy Import Deal,Maritime Authority
RSP-00549,Coal-to-Gas Switching Ban,Emergency Management Agency
RSP-00550,Port Security Enhancement,Emergency Management Agency
RSP-00551,Coal-to-Gas Switching Ban,Ministry of Trade
RSP-00552,Alternative Supplier Agreement,Emergency Management Agency
RSP-00553,Renewable Energy Fast-Track,Maritime Authority
RSP-00554,Alternative Supplier Agreement,Emergency Management Agency
RSP-00555,Fuel Subsidy Increase,Emergency Management Agency
RSP-00556,Strategic Fuel Stockpile Mandate,Ministry of Trade
RSP-00557,SPR Release,Central Bank
RSP-00558,Coal-to-Gas Switching Ban,Central Bank
RSP-00559,SPR Release,Ministry of Finance
RSP-00560,SPR Release,Central Bank
RSP-00561,Strategic Fuel Stockpile Mandate,Ministry of Energy
RSP-00562,Alternative Supplier Agreement,National Oil Company
RSP-00563,Strategic Fuel Stockpile Mandate,Ministry of Finance
RSP-00564,Maritime Insurance Fund,Ministry of Defense
RSP-00565,Strategic Fuel Stockpile Mandate,National Oil Company
RSP-00566,Renewable Energy Fast-Track,National Oil Company
RSP-00567,LNG Terminal Fast-Track,Central Bank
RSP-00568,Freight Corridor Agreement,Maritime Authority
RSP-00569,Bilateral Defense Pact,National Oil Company
RSP-00570,Cyber Defense for Energy Grid,Central Bank
RSP-00571,Bilateral Defense Pact,Ministry of Trade
RSP-00572,Freight Corridor Agreement,Ministry of Energy
RSP-00573,Cyber Defense for Energy Grid,Ministry of Defense
RSP-00574,Freight Corridor Agreement,Emergency Management Agency
RSP-00575,Bilateral Defense Pact,Maritime Authority
RSP-00576,Coal-to-Gas Switching Ban,Ministry of Energy
RSP-00577,Port Security Enhancement,Ministry of Trade
RSP-00578,Alternative Supplier Agreement,Ministry of Defense
RSP-00579,Freight Corridor Agreement,Ministry of Energy
RSP-00580,Fuel Subsidy Increase,Emergency Management Agency
RSP-00581,Cyber Defense for Energy Grid,Ministry of Trade
RSP-00582,Freight Corridor Agreement,Ministry of Energy
RSP-00583,Strategic Fuel Stockpile Mandate,Central Bank
RSP-00584,Freight Corridor Agreement,Ministry of Defense
RSP-00585,Bilateral Defense Pact,Ministry of Trade
RSP-00586,Coal-to-Gas Switching Ban,Ministry of Finance
RSP-00587,Maritime Insurance Fund,Ministry of Trade
RSP-00588,Emergency Energy Import Deal,Emergency Management Agency
RSP-00589,Strategic Fuel Stockpile Mandate,Emergency Management Agency
RSP-00590,Maritime Insurance Fund,Central Bank
RSP-00591,Renewable Energy Fast-Track,Ministry of Defense
RSP-00592,Renewable Energy Fast-Track,Central Bank
RSP-00593,LNG Terminal Fast-Track,Emergency Management Agency
RSP-00594,Emergency Energy Import Deal,Ministry of Energy
RSP-00595,Freight Corridor Agreement,Ministry of Trade
RSP-00596,Coal-to-Gas Switching Ban,Ministry of Energy
RSP-00597,Alternative Supplier Agreement,Ministry of Energy
RSP-00598,Freight Corridor Agreement,Ministry of Trade
RSP-00599,Coal-to-Gas Switching Ban,Maritime Authority
RSP-00600,Renewable Energy Fast-Track,Ministry of Finance
RSP-00601,Emergency Energy Import Deal,Central Bank
RSP-00602,Fuel Subsidy Increase,National Oil Company
RSP-00603,Cyber Defense for Energy Grid,Ministry of Finance
RSP-00604,Coal-to-Gas Switching Ban,Ministry of Defense
RSP-00605,Emergency Energy Import Deal,Central Bank
RSP-00606,Coal-to-Gas Switching Ban,Ministry of Defense
RSP-00607,Port Security Enhancement,Emergency Management Agency
RSP-00608,Emergency Energy Import Deal,Ministry of Trade
RSP-00609,Maritime Insurance Fund,Emergency Management Agency
RSP-00610,Emergency Energy Import Deal,National Oil Company
RSP-00611,Naval Escort Deployment,Central Bank
RSP-00612,Emergency Energy Import Deal,Central Bank
RSP-00613,SPR Release,Maritime Authority
RSP-00614,Refinery Capacity Expansion,Maritime Authority
RSP-00615,Coal-to-Gas Switching Ban,National Oil Company
RSP-00616,LNG Terminal Fast-Track,Ministry of Trade
RSP-00617,Refinery Capacity Expansion,Ministry of Defense
RSP-00618,Cyber Defense for Energy Grid,National Oil Company
RSP-00619,Refinery Capacity Expansion,Ministry of Finance
RSP-00620,LNG Terminal Fast-Track,Ministry of Energy
RSP-00621,Cyber Defense for Energy Grid,National Oil Company
RSP-00622,Strategic Fuel Stockpile Mandate,National Oil Company
RSP-00623,LNG Terminal Fast-Track,Ministry of Defense
RSP-00624,Cyber Defense for Energy Grid,Central Bank
RSP-00625,Renewable Energy Fast-Track,Ministry of Energy
RSP-00626,Cyber Defense for Energy Grid,Ministry of Finance
RSP-00627,Emergency Energy Import Deal,Maritime Authority
RSP-00628,Alternative Supplier Agreement,Ministry of Trade
RSP-00629,LNG Terminal Fast-Track,Central Bank
RSP-00630,LNG Terminal Fast-Track,Central Bank
RSP-00631,Naval Escort Deployment,Ministry of Trade
RSP-00632,Freight Corridor Agreement,Maritime Authority
RSP-00633,Naval Escort Deployment,Maritime Authority
RSP-00634,Freight Corridor Agreement,Ministry of Defense
RSP-00635,Fuel Subsidy Increase,Central Bank
RSP-00636,Bilateral Defense Pact,Maritime Authority
RSP-00637,Coal-to-Gas Switching Ban,Ministry of Defense
RSP-00638,Bilateral Defense Pact,Central Bank
RSP-00639,Port Security Enhancement,Ministry of Trade
RSP-00640,Freight Corridor Agreement,Emergency Management Agency
RSP-00641,Cyber Defense for Energy Grid,Central Bank
RSP-00642,Alternative Supplier Agreement,National Oil Company
RSP-00643,Port Security Enhancement,Ministry of Defense
RSP-00644,Cyber Defense for Energy Grid,Ministry of Defense
RSP-00645,Maritime Insurance Fund,National Oil Company
RSP-00646,Fuel Subsidy Increase,Central Bank
RSP-00647,Maritime Insurance Fund,Central Bank
RSP-00648,Renewable Energy Fast-Track,Ministry of Defense
RSP-00649,Alternative Supplier Agreement,Ministry of Defense
RSP-00650,Renewable Energy Fast-Track,Ministry of Defense
RSP-00651,LNG Terminal Fast-Track,National Oil Company
RSP-00652,Strategic Fuel Stockpile Mandate,Maritime Authority
RSP-00653,Cyber Defense for Energy Grid,Emergency Management Agency
RSP-00654,Freight Corridor Agreement,Ministry of Energy
RSP-00655,Fuel Subsidy Increase,Ministry of Defense
RSP-00656,LNG Terminal Fast-Track,Central Bank
RSP-00657,Renewable Energy Fast-Track,National Oil Company
RSP-00658,Freight Corridor Agreement,Central Bank
RSP-00659,Alternative Supplier Agreement,Maritime Authority
RSP-00660,Renewable Energy Fast-Track,National Oil Company
RSP-00661,Strategic Fuel Stockpile Mandate,Ministry of Trade
RSP-00662,Strategic Fuel Stockpile Mandate,Ministry of Defense
RSP-00663,Maritime Insurance Fund,National Oil Company
RSP-00664,Emergency Energy Import Deal,National Oil Company
RSP-00665,Naval Escort Deployment,Emergency Management Agency
RSP-00666,SPR Release,Emergency Management Agency
RSP-00667,Cyber Defense for Energy Grid,Ministry of Energy
RSP-00668,Fuel Subsidy Increase,Ministry of Defense
RSP-00669,Refinery Capacity Expansion,Emergency Management Agency
RSP-00670,Cyber Defense for Energy Grid,National Oil Company
RSP-00671,Alternative Supplier Agreement,Central Bank
RSP-00672,Fuel Subsidy Increase,National Oil Company
RSP-00673,Cyber Defense for Energy Grid,Emergency Management Agency
RSP-00674,Refinery Capacity Expansion,Emergency Management Agency
RSP-00675,Emergency Energy Import Deal,Ministry of Energy
RSP-00676,Bilateral Defense Pact,Maritime Authority
RSP-00677,Freight Corridor Agreement,Central Bank
RSP-00678,Bilateral Defense Pact,Ministry of Finance
RSP-00679,Renewable Energy Fast-Track,Ministry of Energy
RSP-00680,Bilateral Defense Pact,Ministry of Energy
RSP-00681,Bilateral Defense Pact,Ministry of Defense
RSP-00682,Port Security Enhancement,Ministry of Trade
RSP-00683,Fuel Subsidy Increase,Maritime Authority
RSP-00684,Renewable Energy Fast-Track,Ministry of Finance
RSP-00685,Maritime Insurance Fund,Ministry of Finance
RSP-00686,Refinery Capacity Expansion,Ministry of Trade
RSP-00687,Bilateral Defense Pact,Ministry of Finance
RSP-00688,Fuel Subsidy Increase,Ministry of Defense
RSP-00689,Bilateral Defense Pact,National Oil Company
RSP-00690,Naval Escort Deployment,Ministry of Defense
RSP-00691,Emergency Energy Import Deal,Ministry of Defense
RSP-00692,LNG Terminal Fast-Track,Ministry of Defense
RSP-00693,Maritime Insurance Fund,Ministry of Finance
RSP-00694,LNG Terminal Fast-Track,Maritime Authority
RSP-00695,SPR Release,Ministry of Finance
RSP-00696,Port Security Enhancement,Maritime Authority
RSP-00697,Port Security Enhancement,Emergency Management Agency
RSP-00698,Cyber Defense for Energy Grid,Ministry of Trade
RSP-00699,Cyber Defense for Energy Grid,Ministry of Energy
RSP-00700,Bilateral Defense Pact,Emergency Management Agency
RSP-00701,SPR Release,Ministry of Defense
RSP-00702,Refinery Capacity Expansion,Ministry of Trade
RSP-00703,SPR Release,Ministry of Energy
RSP-00704,Strategic Fuel Stockpile Mandate,Ministry of Defense
RSP-00705,Bilateral Defense Pact,Ministry of Defense
RSP-00706,Renewable Energy Fast-Track,Ministry of Energy
RSP-00707,SPR Release,Central Bank
RSP-00708,Fuel Subsidy Increase,National Oil Company
RSP-00709,Renewable Energy Fast-Track,Ministry of Defense
RSP-00710,Port Security Enhancement,Ministry of Defense
RSP-00711,Alternative Supplier Agreement,Ministry of Finance
RSP-00712,LNG Terminal Fast-Track,Ministry of Defense
RSP-00713,Bilateral Defense Pact,National Oil Company
RSP-00714,Freight Corridor Agreement,Ministry of Finance
RSP-00715,Bilateral Defense Pact,National Oil Company
RSP-00716,Freight Corridor Agreement,Ministry of Energy
RSP-00717,Maritime Insurance Fund,Central Bank
RSP-00718,Cyber Defense for Energy Grid,Ministry of Energy
RSP-00719,Renewable Energy Fast-Track,Ministry of Energy
RSP-00720,Strategic Fuel Stockpile Mandate,National Oil Company
RSP-00721,Cyber Defense for Energy Grid,Ministry of Energy
RSP-00722,Port Security Enhancement,Central Bank
RSP-00723,Alternative Supplier Agreement,Ministry of Defense
RSP-00724,Maritime Insurance Fund,Ministry of Trade
RSP-00725,Alternative Supplier Agreement,Maritime Authority
RSP-00726,Emergency Energy Import Deal,Ministry of Energy
RSP-00727,Bilateral Defense Pact,Ministry of Finance
RSP-00728,Renewable Energy Fast-Track,Central Bank
RSP-00729,Freight Corridor Agreement,National Oil Company
RSP-00730,LNG Terminal Fast-Track,Ministry of Trade
RSP-00731,SPR Release,Maritime Authority
RSP-00732,Freight Corridor Agreement,National Oil Company
RSP-00733,Fuel Subsidy Increase,National Oil Company
RSP-00734,Strategic Fuel Stockpile Mandate,Ministry of Defense
RSP-00735,Refinery Capacity Expansion,Central Bank
RSP-00736,Alternative Supplier Agreement,Central Bank
RSP-00737,Refinery Capacity Expansion,Ministry of Energy
RSP-00738,Naval Escort Deployment,Emergency Management Agency
RSP-00739,SPR Release,Ministry of Trade
RSP-00740,Emergency Energy Import Deal,Ministry of Trade
RSP-00741,Fuel Subsidy Increase,Ministry of Finance
RSP-00742,Coal-to-Gas Switching Ban,National Oil Company
RSP-00743,Freight Corridor Agreement,Central Bank
RSP-00744,Emergency Energy Import Deal,National Oil Company
RSP-00745,Naval Escort Deployment,National Oil Company
RSP-00746,Refinery Capacity Expansion,Central Bank
RSP-00747,Emergency Energy Import Deal,Ministry of Finance
RSP-00748,Coal-to-Gas Switching Ban,National Oil Company
RSP-00749,Freight Corridor Agreement,Maritime Authority
RSP-00750,LNG Terminal Fast-Track,Ministry of Defense
RSP-00751,Alternative Supplier Agreement,Ministry of Defense
RSP-00752,Naval Escort Deployment,Central Bank
RSP-00753,Coal-to-Gas Switching Ban,Maritime Authority
RSP-00754,Bilateral Defense Pact,Ministry of Defense
RSP-00755,Fuel Subsidy Increase,Ministry of Trade
RSP-00756,Fuel Subsidy Increase,Central Bank
RSP-00757,Strategic Fuel Stockpile Mandate,Ministry of Energy
RSP-00758,Naval Escort Deployment,Ministry of Defense
RSP-00759,Cyber Defense for Energy Grid,Ministry of Trade
RSP-00760,Bilateral Defense Pact,Ministry of Finance
RSP-00761,Bilateral Defense Pact,Ministry of Defense
RSP-00762,Freight Corridor Agreement,Ministry of Trade
RSP-00763,Emergency Energy Import Deal,Maritime Authority
RSP-00764,Freight Corridor Agreement,Emergency Management Agency
RSP-00765,Coal-to-Gas Switching Ban,Ministry of Defense
RSP-00766,Strategic Fuel Stockpile Mandate,Ministry of Energy
RSP-00767,Freight Corridor Agreement,Ministry of Defense
RSP-00768,Fuel Subsidy Increase,Ministry of Defense
RSP-00769,Naval Escort Deployment,Ministry of Finance
RSP-00770,SPR Release,Maritime Authority
RSP-00771,Freight Corridor Agreement,Ministry of Finance
RSP-00772,Port Security Enhancement,Ministry of Trade
RSP-00773,Renewable Energy Fast-Track,Ministry of Energy
RSP-00774,Renewable Energy Fast-Track,National Oil Company
RSP-00775,SPR Release,Central Bank
RSP-00776,Maritime Insurance Fund,Ministry of Trade
RSP-00777,Renewable Energy Fast-Track,Central Bank
RSP-00778,Naval Escort Deployment,Central Bank
RSP-00779,SPR Release,Ministry of Energy
RSP-00780,Bilateral Defense Pact,Ministry of Trade
RSP-00781,Port Security Enhancement,Central Bank
RSP-00782,Port Security Enhancement,Ministry of Energy
RSP-00783,Bilateral Defense Pact,Central Bank
RSP-00784,Maritime Insurance Fund,Emergency Management Agency
RSP-00785,Port Security Enhancement,Ministry of Energy
RSP-00786,Bilateral Defense Pact,Ministry of Energy
RSP-00787,Maritime Insurance Fund,National Oil Company
RSP-00788,LNG Terminal Fast-Track,National Oil Company
RSP-00789,Port Security Enhancement,Emergency Management Agency
RSP-00790,SPR Release,Maritime Authority
RSP-00791,Strategic Fuel Stockpile Mandate,Maritime Authority
RSP-00792,Maritime Insurance Fund,Central Bank
RSP-00793,Coal-to-Gas Switching Ban,National Oil Company
RSP-00794,SPR Release,Emergency Management Agency
RSP-00795,Maritime Insurance Fund,Ministry of Finance
RSP-00796,LNG Terminal Fast-Track,Ministry of Trade
RSP-00797,Bilateral Defense Pact,Maritime Authority
RSP-00798,Maritime Insurance Fund,Ministry of Defense
RSP-00799,Fuel Subsidy Increase,Ministry of Defense
RSP-00800,Fuel Subsidy Increase,Central Bank
RSP-00801,Cyber Defense for Energy Grid,Emergency Management Agency
RSP-00802,Port Security Enhancement,Central Bank
RSP-00803,Naval Escort Deployment,Ministry of Trade
RSP-00804,Strategic Fuel Stockpile Mandate,Maritime Authority
RSP-00805,Cyber Defense for Energy Grid,Ministry of Defense
RSP-00806,Bilateral Defense Pact,Ministry of Energy
RSP-00807,Bilateral Defense Pact,Ministry of Trade
RSP-00808,Maritime Insurance Fund,Ministry of Defense
RSP-00809,Refinery Capacity Expansion,Ministry of Energy
RSP-00810,SPR Release,Maritime Authority
RSP-00811,Strategic Fuel Stockpile Mandate,Central Bank
RSP-00812,Maritime Insurance Fund,Maritime Authority
RSP-00813,Maritime Insurance Fund,Central Bank
RSP-00814,Bilateral Defense Pact,Maritime Authority
RSP-00815,Freight Corridor Agreement,Ministry of Defense
RSP-00816,Port Security Enhancement,Ministry of Finance
RSP-00817,Refinery Capacity Expansion,Emergency Management Agency
RSP-00818,Renewable Energy Fast-Track,Ministry of Trade
RSP-00819,Alternative Supplier Agreement,Ministry of Trade
RSP-00820,Cyber Defense for Energy Grid,Maritime Authority
RSP-00821,Maritime Insurance Fund,Ministry of Trade
RSP-00822,Fuel Subsidy Increase,Maritime Authority
RSP-00823,Strategic Fuel Stockpile Mandate,Ministry of Finance
RSP-00824,Renewable Energy Fast-Track,Ministry of Defense
RSP-00825,Fuel Subsidy Increase,Ministry of Trade
RSP-00826,Coal-to-Gas Switching Ban,Ministry of Energy
RSP-00827,Bilateral Defense Pact,Ministry of Energy
RSP-00828,Naval Escort Deployment,Ministry of Finance
RSP-00829,Alternative Supplier Agreement,Ministry of Energy
RSP-00830,Maritime Insurance Fund,Ministry of Energy
RSP-00831,Renewable Energy Fast-Track,Maritime Authority
RSP-00832,Fuel Subsidy Increase,National Oil Company
RSP-00833,Bilateral Defense Pact,Ministry of Trade
RSP-00834,Emergency Energy Import Deal,Ministry of Trade
RSP-00835,Alternative Supplier Agreement,Ministry of Trade
RSP-00836,SPR Release,National Oil Company
RSP-00837,Strategic Fuel Stockpile Mandate,Central Bank
RSP-00838,Emergency Energy Import Deal,National Oil Company
RSP-00839,SPR Release,Ministry of Energy
RSP-00840,Maritime Insurance Fund,Ministry of Trade
RSP-00841,Renewable Energy Fast-Track,Ministry of Finance
RSP-00842,Fuel Subsidy Increase,Central Bank
RSP-00843,Naval Escort Deployment,Ministry of Energy
RSP-00844,Cyber Defense for Energy Grid,Ministry of Defense
RSP-00845,Refinery Capacity Expansion,Emergency Management Agency
RSP-00846,LNG Terminal Fast-Track,Emergency Management Agency
RSP-00847,Freight Corridor Agreement,Ministry of Energy
RSP-00848,Refinery Capacity Expansion,Ministry of Trade
RSP-00849,Cyber Defense for Energy Grid,Emergency Management Agency
RSP-00850,Freight Corridor Agreement,Maritime Authority
RSP-00851,Naval Escort Deployment,Ministry of Energy
RSP-00852,Port Security Enhancement,Emergency Management Agency
RSP-00853,SPR Release,Maritime Authority
RSP-00854,Renewable Energy Fast-Track,National Oil Company
RSP-00855,Fuel Subsidy Increase,Central Bank
RSP-00856,Coal-to-Gas Switching Ban,Ministry of Trade
RSP-00857,Renewable Energy Fast-Track,National Oil Company
RSP-00858,Alternative Supplier Agreement,Ministry of Defense
RSP-00859,Refinery Capacity Expansion,Ministry of Defense
RSP-00860,Emergency Energy Import Deal,Emergency Management Agency
RSP-00861,Refinery Capacity Expansion,Maritime Authority
RSP-00862,Naval Escort Deployment,Ministry of Finance
RSP-00863,Coal-to-Gas Switching Ban,Emergency Management Agency
RSP-00864,Renewable Energy Fast-Track,Ministry of Defense
RSP-00865,Bilateral Defense Pact,Central Bank
RSP-00866,Port Security Enhancement,Ministry of Defense
RSP-00867,Renewable Energy Fast-Track,Central Bank
RSP-00868,Bilateral Defense Pact,Ministry of Energy
RSP-00869,Bilateral Defense Pact,Central Bank
RSP-00870,Refinery Capacity Expansion,Ministry of Energy
RSP-00871,Fuel Subsidy Increase,Ministry of Trade
RSP-00872,Refinery Capacity Expansion,Ministry of Finance
RSP-00873,Alternative Supplier Agreement,Maritime Authority
RSP-00874,Freight Corridor Agreement,Emergency Management Agency
RSP-00875,Emergency Energy Import Deal,Ministry of Finance
RSP-00876,Emergency Energy Import Deal,Emergency Management Agency
RSP-00877,Maritime Insurance Fund,National Oil Company
RSP-00878,Emergency Energy Import Deal,Ministry of Energy
RSP-00879,Maritime Insurance Fund,Maritime Authority
RSP-00880,Strategic Fuel Stockpile Mandate,Ministry of Energy
RSP-00881,Port Security Enhancement,Maritime Authority
RSP-00882,Refinery Capacity Expansion,Ministry of Finance
RSP-00883,Refinery Capacity Expansion,Ministry of Trade
RSP-00884,Maritime Insurance Fund,Ministry of Defense
RSP-00885,Freight Corridor Agreement,Ministry of Defense
