Date,Conflict_Phase,Brent_Crude_USD_bbl,WTI_Crude_USD_bbl,Dubai_Oman_Crude_USD_bbl,Henry_Hub_NG_USD_MMBtu,JKM_LNG_USD_MMBtu,Singapore_Gasoil_USD_bbl,Jet_Fuel_USD_bbl,Coal_Newcastle_USD_ton,Brent_WTI_Spread,Asian_Premium_Pct,Volatility_Index
2024-10-01,Initial Escalation,85.26,81.33,82.88,2.74,10.98,95.74,100.36,129.13,3.93,300.73,
2024-10-02,Initial Escalation,85.2,81.66,83.72,2.93,10.69,95.85,99.79,129.34,3.54,264.85,
2024-10-03,Initial Escalation,85.53,82.53,83.88,3.04,10.46,95.88,99.98,130.66,3.0,244.08,
2024-10-04,Initial Escalation,86.3,81.06,84.07,3.0,10.09,95.64,98.5,131.27,5.24,236.33,
2024-10-05,Initial Escalation,86.2,80.59,84.49,3.14,10.03,96.75,99.0,130.87,5.61,219.43,
2024-10-06,Initial Escalation,86.09,80.95,84.59,3.15,10.18,96.19,99.24,131.15,5.14,223.17,
2024-10-07,Initial Escalation,86.89,80.84,84.5,3.24,10.49,97.27,99.77,130.93,6.05,223.77,
2024-10-08,Initial Escalation,87.28,81.07,84.43,3.29,10.47,97.63,100.62,130.96,6.21,218.24,
2024-10-09,Initial Escalation,87.06,80.72,84.41,3.21,10.39,96.66,100.93,130.65,6.34,223.68,
2024-10-10,Initial Escalation,87.34,80.78,84.41,3.15,10.44,96.93,101.05,130.51,6.56,231.43,
2024-10-11,Initial Escalation,87.12,80.7,84.71,3.26,10.2,95.47,100.36,130.74,6.42,212.88,
2024-10-12,Initial Escalation,86.9,81.41,84.74,3.23,10.84,95.91,99.8,129.77,5.49,235.6,
2024-10-13,Initial Escalation,87.03,81.57,85.04,3.2,10.37,96.54,100.76,128.77,5.46,224.06,
2024-10-14,Initial Escalation,86.08,81.78,85.02,3.11,10.43,96.14,101.92,127.4,4.3,235.37,
2024-10-15,Initial Escalation,85.23,81.55,85.06,3.15,11.05,96.23,101.74,125.82,3.68,250.79,
2024-10-16,Initial Escalation,84.96,81.26,84.27,3.37,11.06,97.61,101.78,124.62,3.7,228.19,
2024-10-17,Initial Escalation,84.46,81.01,84.65,3.26,11.01,97.27,101.07,124.8,3.45,237.73,
2024-10-18,Initial Escalation,84.63,81.26,84.8,3.27,10.92,96.54,102.02,123.93,3.37,233.94,
2024-10-19,Initial Escalation,84.18,81.02,85.21,3.42,10.87,97.58,102.56,124.46,3.16,217.84,
2024-10-20,Initial Escalation,83.49,81.2,84.06,3.41,11.29,98.97,104.12,124.52,2.29,231.09,
2024-10-21,Initial Escalation,84.23,82.46,84.9,3.46,10.64,98.98,103.43,122.57,1.77,207.51,
2024-10-22,Initial Escalation,84.13,82.99,84.86,3.36,11.11,99.7,103.14,123.25,1.14,230.65,
2024-10-23,Initial Escalation,84.17,82.8,85.31,3.41,10.69,100.65,103.33,124.08,1.37,213.49,
2024-10-24,Initial Escalation,83.47,83.53,84.91,3.4,10.62,100.14,103.86,123.1,-0.06,212.35,
2024-10-25,Initial Escalation,83.21,83.3,85.16,3.5,10.5,99.81,103.7,123.54,-0.09,200.0,
2024-10-26,Initial Escalation,83.27,82.09,84.75,3.63,10.69,100.68,103.01,122.71,1.18,194.49,
2024-10-27,Initial Escalation,82.71,81.49,84.51,3.89,10.22,101.87,103.73,122.82,1.22,162.72,
2024-10-28,Initial Escalation,82.9,80.38,85.29,3.95,10.37,102.27,104.31,121.58,2.52,162.53,
2024-10-29,Initial Escalation,82.61,80.18,85.22,3.99,10.99,101.67,103.59,119.81,2.43,175.44,
2024-10-30,Initial Escalation,82.48,80.2,85.32,4.01,10.59,103.07,104.68,119.44,2.28,164.09,
2024-10-31,Initial Escalation,82.19,81.22,85.67,3.98,10.66,102.71,105.63,119.34,0.97,167.84,0.5
2024-11-01,Initial Escalation,83.12,81.42,85.88,4.02,10.47,102.48,105.75,118.96,1.7,160.45,0.6
2024-11-02,Initial Escalation,83.13,81.3,85.95,4.0,10.6,102.73,105.82,117.8,1.83,165.0,0.6
2024-11-03,Initial Escalation,82.61,81.81,86.11,4.02,10.62,103.83,106.27,117.42,0.8,164.18,0.5
2024-11-04,Initial Escalation,83.03,80.49,87.08,4.16,10.44,104.44,105.6,117.71,2.54,150.96,0.6
2024-11-05,Initial Escalation,82.43,80.64,87.07,4.06,10.59,104.74,105.63,117.68,1.79,160.84,0.6
2024-11-06,Initial Escalation,82.54,81.12,87.16,4.18,11.15,105.07,103.92,117.88,1.42,166.75,0.5
2024-11-07,Initial Escalation,81.57,80.24,87.59,4.32,11.1,105.11,104.63,117.23,1.33,156.94,0.5
2024-11-08,Initial Escalation,80.92,80.93,88.04,4.31,11.32,105.51,103.39,118.43,-0.01,162.65,0.6
2024-11-09,Initial Escalation,81.03,81.15,88.53,4.1,10.95,103.75,104.6,117.27,-0.12,167.07,0.6
2024-11-10,Initial Escalation,81.41,80.91,88.79,4.05,10.67,103.56,104.35,117.78,0.5,163.46,0.6
2024-11-11,Initial Escalation,81.5,81.3,88.34,4.18,10.82,103.73,104.19,118.98,0.2,158.85,0.6
2024-11-12,Initial Escalation,81.45,82.67,89.01,4.18,11.28,102.94,103.7,119.48,-1.22,169.86,0.6
2024-11-13,Initial Escalation,81.31,82.79,88.56,4.09,11.39,103.22,103.48,119.3,-1.48,178.48,0.5
2024-11-14,Initial Escalation,80.58,82.95,88.69,4.04,11.31,103.09,104.62,118.79,-2.37,179.95,0.5
2024-11-15,Initial Escalation,80.23,82.68,88.4,4.13,11.32,104.32,102.64,119.85,-2.45,174.09,0.5
2024-11-16,Initial Escalation,80.01,82.18,88.38,4.19,10.95,105.44,103.67,118.44,-2.17,161.34,0.5
2024-11-17,Initial Escalation,80.55,82.69,88.52,4.17,11.15,105.12,103.95,117.49,-2.14,167.39,0.6
2024-11-18,Initial Escalation,80.73,82.19,88.66,4.14,11.42,105.02,103.0,117.12,-1.46,175.85,0.6
2024-11-19,Initial Escalation,79.86,82.24,88.84,4.11,11.29,104.98,102.15,118.37,-2.38,174.7,0.6
2024-11-20,Initial Escalation,80.04,81.96,89.5,4.02,11.16,104.68,103.5,118.77,-1.92,177.61,0.5
2024-11-21,Initial Escalation,79.85,82.26,89.69,4.19,11.25,104.82,102.75,117.82,-2.41,168.5,0.5
2024-11-22,Initial Escalation,79.52,82.47,89.6,4.16,11.13,104.3,101.84,117.53,-2.95,167.55,0.5
2024-11-23,Initial Escalation,79.84,83.1,90.0,4.29,11.12,103.52,102.76,116.94,-3.26,159.21,0.5
2024-11-24,Initial Escalation,80.37,82.81,90.48,4.44,11.76,103.97,103.04,116.25,-2.44,164.86,0.6
2024-11-25,Initial Escalation,80.84,82.66,90.0,4.55,11.7,104.42,102.3,117.25,-1.82,157.14,0.6
2024-11-26,Initial Escalation,80.43,82.08,90.25,4.51,11.6,103.86,102.48,115.9,-1.65,157.21,0.6
2024-11-27,Initial Escalation,80.29,81.82,90.54,4.56,11.42,104.5,101.67,117.53,-1.53,150.44,0.6
2024-11-28,Initial Escalation,80.46,82.06,90.43,4.56,11.65,104.07,102.56,118.37,-1.6,155.48,0.6
2024-11-29,Initial Escalation,80.96,82.52,90.99,4.47,11.6,104.26,103.42,119.49,-1.56,159.51,0.6
2024-11-30,Initial Escalation,80.73,81.98,90.94,4.51,11.42,104.84,103.86,119.04,-1.25,153.22,0.6
2024-12-01,Initial Escalation,80.65,82.51,91.0,4.4,11.83,104.83,104.16,118.91,-1.86,168.86,0.5
2024-12-02,Initial Escalation,80.1,83.33,90.94,4.52,12.26,105.16,105.58,117.5,-3.23,171.24,0.5
2024-12-03,Initial Escalation,79.52,83.59,90.96,4.48,12.09,104.8,105.59,116.99,-4.07,169.87,0.5
2024-12-04,Initial Escalation,79.93,84.73,90.53,4.5,11.54,104.68,104.65,117.51,-4.8,156.44,0.5
2024-12-05,Initial Escalation,80.62,84.27,89.96,4.54,11.85,104.54,105.02,118.82,-3.65,161.01,0.6
2024-12-06,Initial Escalation,80.6,83.54,90.61,4.52,11.66,104.03,106.7,117.74,-2.94,157.96,0.6
2024-12-07,Initial Escalation,81.11,82.48,90.28,4.58,11.91,103.92,105.9,117.39,-1.37,160.04,0.5
2024-12-08,Initial Escalation,81.3,83.39,89.9,4.54,11.33,102.84,105.62,117.26,-2.09,149.56,0.5
2024-12-09,Initial Escalation,80.99,83.79,89.04,4.63,11.6,102.51,105.96,115.88,-2.8,150.54,0.5
2024-12-10,Initial Escalation,81.18,83.77,88.8,4.5,11.25,102.32,105.93,116.5,-2.59,150.0,0.5
2024-12-11,Initial Escalation,81.95,83.95,88.28,4.52,11.48,102.15,105.15,115.79,-2.0,153.98,0.5
2024-12-12,Initial Escalation,81.95,83.28,88.95,4.72,11.49,101.99,106.06,115.62,-1.33,143.43,0.5
2024-12-13,Initial Escalation,82.74,84.76,89.36,4.62,11.22,101.96,107.92,115.18,-2.02,142.86,0.6
2024-12-14,Initial Escalation,81.44,84.84,89.1,4.56,11.1,102.3,108.09,114.42,-3.4,143.42,0.6
2024-12-15,Initial Escalation,81.86,84.92,90.01,4.62,11.32,102.92,107.38,114.43,-3.06,145.02,0.6
2024-12-16,Initial Escalation,81.91,85.37,90.41,4.64,11.36,102.48,106.15,114.23,-3.46,144.83,0.6
2024-12-17,Initial Escalation,81.77,85.66,90.29,4.68,11.55,101.65,106.37,113.88,-3.89,146.79,0.6
2024-12-18,Initial Escalation,81.83,85.81,89.3,4.73,12.15,100.93,107.26,113.17,-3.98,156.87,0.6
2024-12-19,Initial Escalation,80.85,85.34,90.23,4.8,11.69,100.6,107.65,113.51,-4.49,143.54,0.6
2024-12-20,Initial Escalation,80.75,85.64,89.68,4.92,12.19,100.36,107.66,115.19,-4.89,147.76,0.6
2024-12-21,Initial Escalation,80.94,86.78,89.03,4.96,12.23,99.83,107.2,115.35,-5.84,146.57,0.6
2024-12-22,Initial Escalation,81.68,87.59,89.45,4.94,11.97,98.93,106.33,116.36,-5.91,142.31,0.6
2024-12-23,Initial Escalation,81.43,88.56,90.44,5.02,11.58,98.63,107.01,114.99,-7.13,130.68,0.6
2024-12-24,Initial Escalation,81.04,88.26,91.0,5.21,11.53,98.76,107.75,115.17,-7.22,121.31,0.6
2024-12-25,Initial Escalation,80.8,87.68,91.24,5.2,11.82,99.19,106.52,114.09,-6.88,127.31,0.6
2024-12-26,Initial Escalation,81.27,87.61,91.48,5.11,11.79,98.81,107.81,112.63,-6.34,130.72,0.6
2024-12-27,Initial Escalation,81.44,87.66,91.84,5.23,12.25,98.53,108.28,111.92,-6.22,134.23,0.6
2024-12-28,Initial Escalation,81.19,88.32,92.15,5.22,11.83,97.89,109.41,113.13,-7.13,126.63,0.6
2024-12-29,Initial Escalation,81.45,87.32,92.27,5.01,11.84,97.88,108.34,114.1,-5.87,136.33,0.6
2024-12-30,Initial Escalation,81.51,88.25,92.32,5.1,11.47,97.29,107.26,114.36,-6.74,124.9,0.6
2024-12-31,Initial Escalation,82.01,88.16,92.31,5.05,11.59,97.71,107.15,112.85,-6.15,129.5,0.6
2025-01-01,Regional Spread,81.67,87.92,92.02,5.04,11.86,96.47,107.56,112.67,-6.25,135.32,0.6
2025-01-02,Regional Spread,81.51,87.32,91.91,5.08,11.75,96.22,109.01,112.99,-5.81,131.3,0.6
2025-01-03,Regional Spread,81.33,86.34,91.25,5.11,10.98,96.44,109.58,113.19,-5.01,114.87,0.6
2025-01-04,Regional Spread,80.6,86.84,91.22,5.18,11.05,96.58,109.4,111.36,-6.24,113.32,0.6
2025-01-05,Regional Spread,80.76,86.89,90.83,5.14,11.19,98.48,108.59,110.49,-6.13,117.7,0.6
2025-01-06,Regional Spread,80.9,86.13,90.4,5.2,11.32,98.73,109.58,110.45,-5.23,117.69,0.6
2025-01-07,Regional Spread,80.91,85.36,90.48,5.18,11.7,98.04,108.82,111.01,-4.45,125.87,0.6
2025-01-08,Regional Spread,80.81,85.17,91.05,5.26,11.39,97.98,110.13,108.83,-4.36,116.54,0.6
2025-01-09,Regional Spread,80.11,86.18,91.43,5.32,11.6,96.75,109.92,108.69,-6.07,118.05,0.6
2025-01-10,Regional Spread,79.91,86.04,90.81,5.24,11.97,96.7,111.2,108.85,-6.13,128.44,0.6
2025-01-11,Regional Spread,79.75,85.14,90.42,5.35,11.45,96.13,111.75,109.72,-5.39,114.02,0.6
2025-01-12,Regional Spread,79.36,85.01,90.81,5.3,11.55,96.78,111.65,110.43,-5.65,117.92,0.5
2025-01-13,Regional Spread,79.29,84.85,90.43,5.39,11.41,96.41,111.25,111.04,-5.56,111.69,0.5
2025-01-14,Regional Spread,79.5,83.25,90.35,5.43,11.4,96.34,110.98,110.26,-3.75,109.94,0.4
2025-01-15,Regional Spread,80.45,83.22,90.58,5.62,11.51,95.9,111.34,108.37,-2.77,104.8,0.5
2025-01-16,Regional Spread,80.55,83.09,90.2,5.6,11.38,97.13,111.41,108.0,-2.54,103.21,0.5
2025-01-17,Regional Spread,80.69,83.52,90.25,5.57,11.18,96.91,110.94,109.02,-2.83,100.72,0.5
2025-01-18,Regional Spread,80.66,84.64,89.73,5.57,11.2,98.21,110.82,110.43,-3.98,101.08,0.5
2025-01-19,Regional Spread,79.71,85.33,89.5,5.55,10.89,98.79,110.89,111.16,-5.62,96.22,0.5
2025-01-20,Regional Spread,79.71,85.18,89.63,5.63,10.57,99.13,109.2,111.61,-5.47,87.74,0.5
2025-01-21,Regional Spread,79.75,84.52,89.01,5.48,10.78,99.4,109.58,112.01,-4.77,96.72,0.5
2025-01-22,Regional Spread,80.99,86.08,89.19,5.38,10.45,99.69,108.8,111.47,-5.09,94.24,0.6
2025-01-23,Regional Spread,80.9,86.12,89.2,5.27,10.66,98.35,107.89,111.36,-5.22,102.28,0.5
2025-01-24,Regional Spread,81.06,86.14,89.43,5.37,10.81,98.16,106.55,113.05,-5.08,101.3,0.5
2025-01-25,Regional Spread,81.06,86.14,89.53,5.55,10.3,98.76,105.13,112.13,-5.08,85.59,0.5
2025-01-26,Regional Spread,80.48,86.26,90.08,5.55,10.11,98.74,104.05,113.77,-5.78,82.16,0.5
2025-01-27,Regional Spread,81.06,86.19,90.14,5.53,10.48,97.77,103.49,113.46,-5.13,89.51,0.6
2025-01-28,Regional Spread,81.45,85.85,89.98,5.55,10.19,97.74,105.07,114.81,-4.4,83.6,0.6
2025-01-29,Regional Spread,81.86,85.54,90.04,5.67,10.06,98.94,104.66,113.42,-3.68,77.43,0.6
2025-01-30,Regional Spread,81.41,85.53,90.27,5.58,10.21,99.82,104.81,114.03,-4.12,82.97,0.6
2025-01-31,Regional Spread,82.12,85.21,90.3,5.61,10.46,99.79,105.14,113.31,-3.09,86.45,0.6
2025-02-01,Regional Spread,81.43,84.79,90.32,5.71,10.39,100.47,105.25,111.92,-3.36,81.96,0.6
2025-02-02,Regional Spread,81.73,84.87,90.05,5.77,10.22,100.22,105.2,112.15,-3.14,77.12,0.6
2025-02-03,Regional Spread,82.84,84.72,89.8,5.79,10.66,99.04,104.26,113.18,-1.88,84.11,0.6
2025-02-04,Regional Spread,82.35,85.63,89.25,5.89,11.19,98.4,105.43,112.36,-3.28,89.98,0.6
2025-02-05,Regional Spread,82.08,84.05,89.96,5.63,11.49,99.51,106.88,110.88,-1.97,104.09,0.6
2025-02-06,Regional Spread,82.14,84.72,89.47,5.7,11.53,99.32,105.55,110.81,-2.58,102.28,0.6
2025-02-07,Regional Spread,81.9,85.48,89.2,5.64,11.3,99.16,104.74,110.74,-3.58,100.35,0.6
2025-02-08,Regional Spread,81.13,84.24,88.92,5.46,11.06,98.96,104.52,111.31,-3.11,102.56,0.7
2025-02-09,Regional Spread,81.18,84.05,89.29,5.52,11.22,100.31,103.76,112.28,-2.87,103.26,0.7
2025-02-10,Regional Spread,80.66,83.83,89.18,5.66,11.36,101.45,104.18,112.24,-3.17,100.71,0.7
2025-02-11,Regional Spread,80.9,83.0,89.69,5.65,11.79,103.02,103.6,114.11,-2.1,108.67,0.7
2025-02-12,Regional Spread,80.45,82.54,89.43,5.75,11.99,102.92,105.34,114.36,-2.09,108.52,0.7
2025-02-13,Regional Spread,81.24,81.89,89.55,5.92,11.55,103.13,106.31,114.03,-0.65,95.1,0.7
2025-02-14,Regional Spread,80.86,82.95,89.23,6.06,11.88,102.08,106.49,112.44,-2.09,96.04,0.7
2025-02-15,Regional Spread,80.71,83.52,90.1,6.22,11.59,103.13,107.32,112.2,-2.81,86.33,0.7
2025-02-16,Regional Spread,81.12,84.29,89.63,6.3,11.49,102.32,108.21,111.88,-3.17,82.38,0.7
2025-02-17,Regional Spread,80.52,84.74,89.77,6.32,11.57,102.48,107.77,112.86,-4.22,83.07,0.7
2025-02-18,Regional Spread,80.64,84.07,90.03,6.16,12.18,101.72,107.13,113.34,-3.43,97.73,0.6
2025-02-19,Regional Spread,81.31,83.76,90.21,6.14,13.12,101.32,107.2,112.19,-2.45,113.68,0.7
2025-02-20,Regional Spread,80.51,84.07,90.14,6.06,13.31,100.74,107.9,112.38,-3.56,119.64,0.7
2025-02-21,Regional Spread,80.61,83.34,90.1,6.28,13.27,100.33,108.02,113.07,-2.73,111.31,0.6
2025-02-22,Regional Spread,80.75,83.78,90.13,6.27,13.44,99.96,106.77,114.62,-3.03,114.35,0.6
2025-02-23,Regional Spread,81.15,83.65,90.08,6.29,13.72,99.59,106.14,115.52,-2.5,118.12,0.6
2025-02-24,Regional Spread,80.55,83.43,90.47,6.35,13.63,100.18,106.09,116.31,-2.88,114.65,0.6
2025-02-25,Regional Spread,79.9,83.87,91.37,6.36,14.18,99.42,106.04,116.39,-3.97,122.96,0.6
2025-02-26,Regional Spread,80.17,84.15,91.16,6.53,14.26,99.58,107.63,116.79,-3.98,118.38,0.6
2025-02-27,Regional Spread,80.33,83.94,90.62,6.48,14.42,100.44,106.53,118.06,-3.61,122.53,0.6
2025-02-28,Regional Spread,80.46,84.64,90.59,6.5,14.63,100.09,106.94,116.75,-4.18,125.08,0.6
2025-03-01,Regional Spread,80.64,84.01,91.63,6.43,14.76,99.6,108.14,116.42,-3.37,129.55,0.6
2025-03-02,Regional Spread,80.31,84.39,91.32,6.3,15.02,99.45,109.97,115.67,-4.08,138.41,0.6
2025-03-03,Regional Spread,80.44,84.75,91.99,6.25,14.85,100.29,109.66,116.07,-4.31,137.6,0.6
2025-03-04,Regional Spread,80.6,84.58,92.67,6.25,14.69,100.43,110.06,117.32,-3.98,135.04,0.6
2025-03-05,Regional Spread,80.25,84.78,92.46,6.21,14.37,100.07,110.53,116.74,-4.53,131.4,0.5
2025-03-06,Regional Spread,81.19,84.04,92.7,6.15,14.51,100.42,110.69,114.37,-2.85,135.93,0.6
2025-03-07,Regional Spread,81.44,84.61,93.36,6.01,14.76,99.66,110.62,113.98,-3.17,145.59,0.6
2025-03-08,Regional Spread,80.85,84.5,93.22,6.01,14.9,100.14,110.98,114.91,-3.65,147.92,0.6
2025-03-09,Regional Spread,81.19,84.2,93.14,5.86,15.42,100.44,108.97,115.47,-3.01,163.14,0.6
2025-03-10,Regional Spread,80.71,84.84,92.92,5.94,15.42,100.23,109.52,115.92,-4.13,159.6,0.6
2025-03-11,Regional Spread,81.12,84.43,92.53,5.96,15.64,99.66,109.63,115.66,-3.31,162.42,0.6
2025-03-12,Regional Spread,81.71,83.59,92.28,5.82,15.32,99.05,109.47,114.4,-1.88,163.23,0.6
2025-03-13,Regional Spread,81.31,82.67,91.8,5.79,15.21,99.43,111.11,114.93,-1.36,162.69,0.6
2025-03-14,Regional Spread,81.8,83.04,91.82,5.72,15.43,100.3,110.58,114.12,-1.24,169.76,0.6
2025-03-15,Regional Spread,82.02,82.28,91.52,5.76,15.7,99.87,110.27,116.32,-0.26,172.57,0.6
2025-03-16,Regional Spread,82.44,83.35,91.63,5.9,15.62,100.2,111.87,116.91,-0.91,164.75,0.6
2025-03-17,Regional Spread,83.39,82.11,91.01,5.71,15.61,98.75,111.22,116.35,1.28,173.38,0.6
2025-03-18,Regional Spread,83.28,83.14,91.16,5.73,15.16,98.35,110.79,115.76,0.14,164.57,0.6
2025-03-19,Regional Spread,82.91,83.27,91.5,5.72,15.06,98.33,110.68,115.69,-0.36,163.29,0.6
2025-03-20,Regional Spread,82.48,83.22,90.71,5.79,15.34,97.71,111.36,115.47,-0.74,164.94,0.6
2025-03-21,Regional Spread,82.08,82.91,90.87,5.82,15.52,97.06,111.54,116.61,-0.83,166.67,0.6
2025-03-22,Regional Spread,82.05,83.16,91.37,5.75,15.68,96.6,110.52,116.81,-1.11,172.7,0.5
2025-03-23,Regional Spread,82.23,83.14,90.9,5.72,15.71,96.82,110.1,116.1,-0.91,174.65,0.5
2025-03-24,Regional Spread,82.38,83.82,91.58,5.65,15.72,96.7,109.62,118.01,-1.44,178.23,0.5
2025-03-25,Regional Spread,82.81,83.89,91.76,5.76,15.53,95.14,109.57,118.08,-1.08,169.62,0.5
2025-03-26,Regional Spread,82.82,83.99,91.48,5.77,15.75,93.67,109.92,118.87,-1.17,172.96,0.5
2025-03-27,Regional Spread,83.56,83.79,91.47,5.96,15.89,93.25,110.27,118.28,-0.23,166.61,0.5
2025-03-28,Regional Spread,83.44,83.76,91.7,5.96,16.05,93.58,108.86,118.66,-0.32,169.3,0.5
2025-03-29,Regional Spread,84.81,83.96,91.74,5.89,15.9,91.67,109.72,119.0,0.85,169.95,0.6
2025-03-30,Regional Spread,85.13,82.94,91.97,5.75,15.26,91.33,109.93,117.13,2.19,165.39,0.6
2025-03-31,Regional Spread,84.71,82.14,91.61,5.57,15.6,90.97,111.05,119.16,2.57,180.07,0.6
2025-04-01,Maritime Blockade Threats,84.19,82.6,91.69,5.42,15.47,91.95,111.41,120.47,1.59,185.42,0.6
2025-04-02,Maritime Blockade Threats,84.44,82.71,91.13,5.45,15.22,91.69,112.3,120.09,1.73,179.27,0.6
2025-04-03,Maritime Blockade Threats,84.34,82.61,91.1,5.51,15.44,91.97,112.69,119.01,1.73,180.22,0.6
2025-04-04,Maritime Blockade Threats,84.7,82.63,90.75,5.35,15.33,92.08,113.77,119.38,2.07,186.54,0.6
2025-04-05,Maritime Blockade Threats,84.95,82.85,90.46,5.45,15.66,90.6,114.2,119.49,2.1,187.34,0.6
2025-04-06,Maritime Blockade Threats,84.92,82.54,90.97,5.4,15.85,91.15,114.13,119.86,2.38,193.52,0.6
2025-04-07,Maritime Blockade Threats,84.51,82.08,91.41,5.42,16.07,91.31,115.96,120.07,2.43,196.49,0.6
2025-04-08,Maritime Blockade Threats,83.76,82.21,91.67,5.59,15.67,91.67,116.68,120.6,1.55,180.32,0.6
2025-04-09,Maritime Blockade Threats,83.55,81.63,91.24,5.69,16.04,94.43,117.15,122.07,1.92,181.9,0.6
2025-04-10,Maritime Blockade Threats,83.99,81.88,91.12,5.66,16.13,92.98,116.14,122.66,2.11,184.98,0.6
2025-04-11,Maritime Blockade Threats,84.1,80.87,91.62,5.58,16.03,94.2,115.12,121.63,3.23,187.28,0.6
2025-04-12,Maritime Blockade Threats,83.49,81.5,91.69,5.37,16.08,94.01,115.36,123.01,1.99,199.44,0.6
2025-04-13,Maritime Blockade Threats,83.59,81.79,92.62,5.3,15.56,94.22,115.49,124.67,1.8,193.58,0.6
2025-04-14,Maritime Blockade Threats,83.79,81.96,92.79,5.29,15.69,94.2,115.01,127.84,1.83,196.6,0.6
2025-04-15,Maritime Blockade Threats,83.36,82.56,92.88,5.19,15.39,93.91,115.13,126.74,0.8,196.53,0.6
2025-04-16,Maritime Blockade Threats,83.45,83.57,92.76,5.18,15.0,93.52,116.41,127.0,-0.12,189.58,0.5
2025-04-17,Maritime Blockade Threats,83.48,84.18,92.83,5.2,14.55,93.76,116.98,124.94,-0.7,179.81,0.5
2025-04-18,Maritime Blockade Threats,82.92,83.09,92.78,5.18,14.89,92.71,116.08,125.51,-0.17,187.45,0.5
2025-04-19,Maritime Blockade Threats,83.11,82.33,93.07,5.12,14.71,93.25,116.0,124.98,0.78,187.3,0.5
2025-04-20,Maritime Blockade Threats,83.4,81.97,93.46,5.14,15.18,92.96,115.36,126.93,1.43,195.33,0.5
2025-04-21,Maritime Blockade Threats,83.95,81.99,93.16,5.19,15.03,92.18,115.06,126.17,1.96,189.6,0.5
2025-04-22,Maritime Blockade Threats,84.49,82.31,92.64,5.09,14.53,91.88,114.74,124.5,2.18,185.46,0.5
2025-04-23,Maritime Blockade Threats,83.81,81.89,91.91,5.23,14.21,92.77,114.37,124.05,1.92,171.7,0.6
2025-04-24,Maritime Blockade Threats,83.35,82.01,92.13,5.23,14.59,92.4,113.38,122.1,1.34,178.97,0.6
2025-04-25,Maritime Blockade Threats,83.62,81.57,91.69,5.23,14.55,92.66,113.28,122.87,2.05,178.2,0.6
2025-04-26,Maritime Blockade Threats,83.89,81.21,90.84,5.31,14.4,92.16,112.85,120.82,2.68,171.19,0.5
2025-04-27,Maritime Blockade Threats,84.15,80.38,91.01,5.34,14.45,92.7,110.51,120.87,3.77,170.6,0.6
2025-04-28,Maritime Blockade Threats,86.09,79.83,92.02,5.44,14.62,93.19,112.16,118.81,6.26,168.75,0.6
2025-04-29,Maritime Blockade Threats,86.39,79.03,92.02,5.47,14.96,94.5,113.05,118.51,7.36,173.49,0.6
2025-04-30,Maritime Blockade Threats,86.96,78.46,92.37,5.42,15.4,94.38,112.75,120.18,8.5,184.13,0.6
2025-05-01,Maritime Blockade Threats,87.45,79.1,92.41,5.46,15.31,94.86,112.78,120.56,8.35,180.4,0.6
2025-05-02,Maritime Blockade Threats,87.79,78.54,92.38,5.35,14.92,94.94,111.85,119.71,9.25,178.88,0.6
2025-05-03,Maritime Blockade Threats,87.64,80.13,92.76,5.36,14.81,95.86,113.22,119.7,7.51,176.31,0.6
2025-05-04,Maritime Blockade Threats,88.03,80.43,92.65,5.37,14.89,95.37,114.75,119.74,7.6,177.28,0.6
2025-05-05,Maritime Blockade Threats,87.65,80.55,92.77,5.35,14.61,95.9,114.88,120.23,7.1,173.08,0.6
2025-05-06,Maritime Blockade Threats,87.54,80.05,92.91,5.34,14.34,95.77,115.71,118.89,7.49,168.54,0.6
2025-05-07,Maritime Blockade Threats,87.31,80.48,92.65,5.16,14.45,95.74,115.86,119.5,6.83,180.04,0.6
2025-05-08,Maritime Blockade Threats,87.36,80.14,93.06,5.11,14.45,95.81,114.8,116.81,7.22,182.78,0.6
2025-05-09,Maritime Blockade Threats,88.53,80.23,93.0,5.12,14.47,96.0,114.48,116.2,8.3,182.62,0.6
2025-05-10,Maritime Blockade Threats,87.61,81.77,92.71,5.14,14.25,95.93,114.6,115.74,5.84,177.24,0.7
2025-05-11,Maritime Blockade Threats,87.96,81.73,92.93,5.05,14.19,96.09,114.24,116.39,6.23,180.99,0.7
2025-05-12,Maritime Blockade Threats,87.16,82.43,92.58,5.18,13.92,97.2,114.08,116.43,4.73,168.73,0.7
2025-05-13,Maritime Blockade Threats,86.94,82.01,92.6,5.1,14.2,97.9,114.02,115.05,4.93,178.43,0.7
2025-05-14,Maritime Blockade Threats,87.49,82.0,92.61,5.2,14.52,98.52,113.96,114.08,5.49,179.23,0.7
2025-05-15,Maritime Blockade Threats,87.53,83.08,93.05,5.25,13.98,98.21,114.01,114.3,4.45,166.29,0.7
2025-05-16,Maritime Blockade Threats,87.0,82.71,93.25,5.19,13.71,97.6,113.17,114.24,4.29,164.16,0.7
2025-05-17,Maritime Blockade Threats,86.66,83.81,93.25,5.37,13.27,98.28,112.61,113.68,2.85,147.11,0.7
2025-05-18,Maritime Blockade Threats,87.01,84.24,93.59,5.25,13.08,98.9,111.59,113.22,2.77,149.14,0.7
2025-05-19,Maritime Blockade Threats,86.65,83.91,94.16,5.35,13.07,99.94,112.39,113.94,2.74,144.3,0.7
2025-05-20,Maritime Blockade Threats,86.77,84.3,94.39,5.46,12.64,99.53,110.71,113.44,2.47,131.5,0.7
2025-05-21,Maritime Blockade Threats,86.8,84.9,94.4,5.39,12.38,99.38,111.64,113.37,1.9,129.68,0.7
2025-05-22,Maritime Blockade Threats,86.49,85.28,93.89,5.54,12.08,98.24,112.76,115.56,1.21,118.05,0.7
2025-05-23,Maritime Blockade Threats,87.57,84.35,93.47,5.52,12.16,97.97,112.53,114.16,3.22,120.29,0.7
2025-05-24,Maritime Blockade Threats,87.9,83.92,93.36,5.55,12.19,98.68,110.46,112.33,3.98,119.64,0.7
2025-05-25,Maritime Blockade Threats,86.89,83.78,93.13,5.58,11.98,98.36,110.18,113.13,3.11,114.7,0.7
2025-05-26,Maritime Blockade Threats,87.0,83.75,93.06,5.58,12.04,98.82,110.14,112.47,3.25,115.77,0.7
2025-05-27,Maritime Blockade Threats,86.68,84.13,93.09,5.66,11.89,98.7,109.34,112.17,2.55,110.07,0.7
2025-05-28,Maritime Blockade Threats,87.11,84.25,93.32,5.75,11.82,98.94,108.94,111.41,2.86,105.57,0.6
2025-05-29,Maritime Blockade Threats,86.73,83.46,93.3,5.58,12.33,98.14,110.17,111.17,3.27,120.97,0.6
2025-05-30,Maritime Blockade Threats,86.68,83.69,93.5,5.71,12.74,98.21,110.71,112.79,2.99,123.12,0.6
2025-05-31,Maritime Blockade Threats,86.94,84.07,93.54,5.55,12.36,96.13,109.98,113.61,2.87,122.7,0.6
2025-06-01,Maritime Blockade Threats,87.38,84.42,92.76,5.66,12.62,96.01,108.72,114.49,2.96,122.97,0.6
2025-06-02,Maritime Blockade Threats,86.79,85.07,92.39,5.78,12.88,94.88,108.46,113.1,1.72,122.84,0.6
2025-06-03,Maritime Blockade Threats,86.64,85.59,92.35,5.67,12.54,95.73,108.3,111.97,1.05,121.16,0.6
2025-06-04,Maritime Blockade Threats,86.41,85.87,91.87,5.64,12.8,96.29,108.71,109.15,0.54,126.95,0.6
2025-06-05,Maritime Blockade Threats,86.09,85.84,92.12,5.53,13.27,96.62,108.29,108.36,0.25,139.96,0.6
2025-06-06,Maritime Blockade Threats,86.98,84.85,92.74,5.51,12.94,97.7,108.71,109.34,2.13,134.85,0.6
2025-06-07,Maritime Blockade Threats,87.2,85.12,93.24,5.49,12.68,97.04,110.27,109.87,2.08,130.97,0.6
2025-06-08,Maritime Blockade Threats,86.58,85.25,93.17,5.57,12.99,98.28,110.93,109.67,1.33,133.21,0.6
2025-06-09,Maritime Blockade Threats,87.05,85.43,93.77,5.71,13.08,98.94,110.9,109.67,1.62,129.07,0.6
2025-06-10,Maritime Blockade Threats,88.12,84.67,93.84,5.85,13.26,98.78,110.77,109.0,3.45,126.67,0.6
2025-06-11,Maritime Blockade Threats,88.64,84.03,93.72,5.8,13.37,99.59,110.49,109.22,4.61,130.52,0.6
2025-06-12,Maritime Blockade Threats,87.89,84.67,93.48,5.78,13.5,98.82,111.45,110.01,3.22,133.56,0.6
2025-06-13,Maritime Blockade Threats,87.66,84.66,93.37,5.62,13.11,98.26,110.95,108.41,3.0,133.27,0.6
2025-06-14,Maritime Blockade Threats,88.3,85.08,93.22,5.55,13.43,97.84,111.0,108.73,3.22,141.98,0.6
2025-06-15,Maritime Blockade Threats,87.96,85.11,93.3,5.65,13.79,97.48,111.05,109.69,2.85,144.07,0.6
2025-06-16,Maritime Blockade Threats,88.19,85.13,93.38,5.81,13.74,96.75,110.66,109.29,3.06,136.49,0.6
2025-06-17,Maritime Blockade Threats,88.59,85.71,93.39,5.69,13.73,97.62,109.57,110.01,2.88,141.3,0.6
2025-06-18,Maritime Blockade Threats,88.14,85.41,93.57,5.64,13.28,97.45,109.84,112.85,2.73,135.46,0.6
2025-06-19,Maritime Blockade Threats,88.12,85.48,94.06,5.64,13.45,97.7,109.8,112.76,2.64,138.48,0.6
2025-06-20,Maritime Blockade Threats,86.51,85.21,94.45,5.68,13.63,97.31,110.21,113.18,1.3,139.96,0.7
2025-06-21,Maritime Blockade Threats,86.0,84.96,93.87,5.6,13.62,96.05,109.79,112.46,1.04,143.21,0.7
2025-06-22,Maritime Blockade Threats,85.89,84.78,92.85,5.65,13.97,96.25,110.78,112.66,1.11,147.26,0.7
2025-06-23,Maritime Blockade Threats,85.27,84.93,93.24,5.61,13.88,94.92,110.09,113.14,0.34,147.42,0.7
2025-06-24,Maritime Blockade Threats,86.1,84.65,92.7,5.61,14.06,94.88,111.47,113.35,1.45,150.62,0.7
2025-06-25,Maritime Blockade Threats,85.39,85.41,92.62,5.67,13.76,93.93,110.08,112.35,-0.02,142.68,0.7
2025-06-26,Maritime Blockade Threats,85.18,84.88,92.16,5.67,13.76,95.33,110.44,112.58,0.3,142.68,0.7
2025-06-27,Maritime Blockade Threats,85.26,84.78,91.45,5.64,13.72,95.98,110.83,114.06,0.48,143.26,0.7
2025-06-28,Maritime Blockade Threats,85.99,84.53,91.68,5.63,13.8,96.07,110.2,114.53,1.46,145.12,0.7
2025-06-29,Maritime Blockade Threats,85.28,85.41,91.99,5.63,13.7,96.96,110.55,115.51,-0.13,143.34,0.7
2025-06-30,Maritime Blockade Threats,85.87,85.53,91.77,5.59,13.67,96.38,111.59,115.3,0.34,144.54,0.7
2025-07-01,Peak Disruption,85.89,86.16,90.75,5.57,13.93,96.77,109.82,116.07,-0.27,150.09,0.7
2025-07-02,Peak Disruption,85.41,85.28,90.54,5.74,13.81,96.92,110.24,116.37,0.13,140.59,0.7
2025-07-03,Peak Disruption,85.65,85.45,90.7,5.8,13.33,97.11,108.25,115.43,0.2,129.83,0.7
2025-07-04,Peak Disruption,85.76,86.0,90.12,5.77,13.87,98.01,107.49,115.77,-0.24,140.38,0.7
2025-07-05,Peak Disruption,85.47,86.06,90.21,5.85,14.29,98.54,108.8,114.8,-0.59,144.27,0.7
2025-07-06,Peak Disruption,85.51,86.71,90.21,5.82,13.92,98.75,108.35,114.19,-1.2,139.18,0.7
2025-07-07,Peak Disruption,85.33,86.4,90.45,5.94,14.13,97.6,107.42,114.4,-1.07,137.88,0.7
2025-07-08,Peak Disruption,85.4,87.26,90.51,5.98,13.99,96.94,107.27,114.72,-1.86,133.95,0.7
2025-07-09,Peak Disruption,85.74,88.65,90.13,5.98,14.08,96.86,108.93,113.55,-2.91,135.45,0.7
2025-07-10,Peak Disruption,86.54,88.44,90.62,6.03,14.18,96.94,107.48,114.62,-1.9,135.16,0.6
2025-07-11,Peak Disruption,85.93,88.18,90.56,5.88,14.12,96.16,106.65,115.21,-2.25,140.14,0.6
2025-07-12,Peak Disruption,87.01,89.07,90.56,5.77,13.89,97.85,107.85,114.53,-2.06,140.73,0.7
2025-07-13,Peak Disruption,86.04,90.02,90.2,5.65,13.7,98.93,109.35,113.01,-3.98,142.48,0.7
2025-07-14,Peak Disruption,85.98,89.72,90.03,5.67,13.43,99.36,109.28,112.88,-3.74,136.86,0.7
2025-07-15,Peak Disruption,86.28,89.48,89.69,5.85,13.19,99.42,108.3,112.46,-3.2,125.47,0.7
2025-07-16,Peak Disruption,86.43,89.32,89.63,6.08,13.18,99.28,109.98,112.59,-2.89,116.78,0.7
2025-07-17,Peak Disruption,86.13,88.52,90.32,6.15,12.98,98.62,111.27,112.25,-2.39,111.06,0.7
2025-07-18,Peak Disruption,86.04,87.98,89.79,6.2,13.19,98.69,111.82,110.26,-1.94,112.74,0.7
2025-07-19,Peak Disruption,85.8,87.39,89.15,6.03,13.65,98.88,111.18,109.89,-1.59,126.37,0.7
2025-07-20,Peak Disruption,85.52,86.94,89.75,5.98,13.48,98.02,111.15,109.61,-1.42,125.42,0.6
2025-07-21,Peak Disruption,85.95,86.93,89.68,5.91,13.57,98.26,111.03,110.26,-0.98,129.61,0.6
2025-07-22,Peak Disruption,86.14,87.08,89.42,5.85,13.73,98.16,111.31,109.58,-0.94,134.7,0.6
2025-07-23,Peak Disruption,85.8,88.02,89.84,5.84,13.88,96.84,112.48,111.28,-2.22,137.67,0.6
2025-07-24,Peak Disruption,86.26,87.43,89.61,5.79,13.91,96.25,113.19,109.39,-1.17,140.24,0.6
2025-07-25,Peak Disruption,86.43,88.03,90.35,5.6,14.14,95.97,112.34,110.72,-1.6,152.5,0.5
2025-07-26,Peak Disruption,86.84,87.91,90.63,5.68,14.3,97.3,113.45,110.52,-1.07,151.76,0.5
2025-07-27,Peak Disruption,87.17,87.89,90.45,5.58,13.94,97.7,113.71,111.4,-0.72,149.82,0.5
2025-07-28,Peak Disruption,86.76,88.31,91.32,5.61,14.21,96.77,114.27,111.5,-1.55,153.3,0.5
2025-07-29,Peak Disruption,86.49,87.64,91.09,5.82,14.48,97.12,115.46,112.66,-1.15,148.8,0.5
2025-07-30,Peak Disruption,86.88,87.88,91.4,5.73,14.26,96.05,114.58,112.29,-1.0,148.87,0.5
2025-07-31,Peak Disruption,87.19,87.99,91.53,5.49,14.29,96.82,114.56,111.21,-0.8,160.29,0.5
2025-08-01,Peak Disruption,87.19,88.3,92.06,5.46,14.5,96.5,114.14,112.65,-1.11,165.57,0.5
2025-08-02,Peak Disruption,87.26,88.48,92.69,5.58,14.45,96.44,112.9,112.56,-1.22,158.96,0.5
2025-08-03,Peak Disruption,87.91,89.96,92.71,5.78,14.78,97.38,113.19,112.8,-2.05,155.71,0.5
2025-08-04,Peak Disruption,87.62,89.59,92.42,5.66,15.5,96.49,115.21,114.05,-1.97,173.85,0.5
2025-08-05,Peak Disruption,87.91,89.28,92.62,5.71,15.27,95.52,113.74,113.04,-1.37,167.43,0.5
2025-08-06,Peak Disruption,87.82,88.92,92.35,5.67,14.87,95.12,113.73,113.66,-1.1,162.26,0.5
2025-08-07,Peak Disruption,87.72,88.6,93.17,5.67,14.97,95.86,114.25,113.09,-0.88,164.02,0.5
2025-08-08,Peak Disruption,88.28,88.22,93.23,5.94,15.2,94.81,114.36,112.97,0.06,155.89,0.5
2025-08-09,Peak Disruption,88.7,88.95,93.1,5.79,15.14,92.83,114.28,113.07,-0.25,161.49,0.5
2025-08-10,Peak Disruption,89.12,89.81,93.18,5.82,15.58,92.53,113.25,111.59,-0.69,167.7,0.5
2025-08-11,Peak Disruption,89.78,89.48,92.65,5.87,15.19,92.92,113.44,110.83,0.3,158.77,0.4
2025-08-12,Peak Disruption,89.8,88.99,92.27,5.99,15.41,93.77,112.85,112.2,0.81,157.26,0.4
2025-08-13,Peak Disruption,90.15,89.28,92.77,6.0,15.24,93.46,111.11,113.1,0.87,154.0,0.4
2025-08-14,Peak Disruption,90.0,88.96,92.51,6.04,15.76,93.18,112.07,113.06,1.04,160.93,0.4
2025-08-15,Peak Disruption,90.18,89.35,92.1,6.0,16.37,94.0,112.85,113.33,0.83,172.83,0.4
2025-08-16,Peak Disruption,90.12,89.48,92.33,6.04,16.15,92.7,112.9,113.05,0.64,167.38,0.4
2025-08-17,Peak Disruption,90.18,88.58,92.81,6.01,16.0,92.44,113.09,114.43,1.6,166.22,0.4
2025-08-18,Peak Disruption,90.49,89.52,93.11,6.07,16.26,92.58,113.96,114.25,0.97,167.87,0.3
2025-08-19,Peak Disruption,90.09,90.61,93.52,6.04,16.16,92.91,114.15,114.5,-0.52,167.55,0.4
2025-08-20,Peak Disruption,91.14,90.25,93.23,6.08,16.15,92.56,114.89,115.67,0.89,165.62,0.4
2025-08-21,Peak Disruption,90.65,90.03,92.67,6.09,16.17,92.59,114.66,114.91,0.62,165.52,0.4
2025-08-22,Peak Disruption,90.05,90.21,93.28,6.2,15.61,90.86,115.72,116.49,-0.16,151.77,0.4
2025-08-23,Peak Disruption,90.64,90.42,93.16,6.2,15.61,90.41,115.98,114.98,0.22,151.77,0.4
2025-08-24,Peak Disruption,91.05,90.82,93.07,6.03,15.41,90.74,116.15,116.63,0.23,155.56,0.4
2025-08-25,Peak Disruption,91.37,92.04,93.61,6.16,15.28,90.06,115.14,116.27,-0.67,148.05,0.4
2025-08-26,Peak Disruption,91.7,91.94,93.84,6.08,15.72,90.11,115.38,116.05,-0.24,158.55,0.4
2025-08-27,Peak Disruption,91.7,91.48,94.03,6.02,15.35,90.44,114.73,114.18,0.22,154.98,0.4
2025-08-28,Peak Disruption,91.26,90.66,94.91,5.96,15.61,90.21,114.23,113.75,0.6,161.91,0.4
2025-08-29,Peak Disruption,91.31,90.23,94.66,6.1,15.53,90.33,113.58,112.73,1.08,154.59,0.4
2025-08-30,Peak Disruption,90.98,90.22,95.04,5.9,15.46,89.67,112.74,112.14,0.76,162.03,0.4
2025-08-31,Peak Disruption,91.48,91.31,95.08,6.22,15.71,89.54,114.45,112.02,0.17,152.57,0.4
2025-09-01,Peak Disruption,91.41,91.01,95.19,6.33,15.82,89.97,115.53,113.0,0.4,149.92,0.4
2025-09-02,Peak Disruption,91.01,91.15,95.82,6.35,16.0,90.09,117.07,113.23,-0.14,151.97,0.4
2025-09-03,Peak Disruption,90.86,91.15,96.03,6.35,16.3,89.69,116.1,113.55,-0.29,156.69,0.4
2025-09-04,Peak Disruption,91.08,91.87,96.25,6.39,16.21,89.86,116.17,112.48,-0.79,153.68,0.4
2025-09-05,Peak Disruption,90.81,93.4,96.69,6.44,16.04,90.37,115.15,111.62,-2.59,149.07,0.4
2025-09-06,Peak Disruption,90.4,93.09,96.56,6.51,15.72,88.95,114.6,113.44,-2.69,141.47,0.4
2025-09-07,Peak Disruption,90.54,92.81,96.23,6.57,15.48,89.77,113.88,112.72,-2.27,135.62,0.4
2025-09-08,Peak Disruption,90.67,93.44,95.82,6.59,16.38,89.54,114.88,114.4,-2.77,148.56,0.4
2025-09-09,Peak Disruption,90.43,93.86,95.05,6.57,16.76,89.85,114.57,114.17,-3.43,155.1,0.4
2025-09-10,Peak Disruption,90.2,94.98,95.88,6.56,16.37,90.7,115.44,114.2,-4.78,149.54,0.4
2025-09-11,Peak Disruption,90.33,95.34,95.45,6.55,15.98,89.75,115.93,115.29,-5.01,143.97,0.4
2025-09-12,Peak Disruption,89.61,95.14,95.37,6.67,16.13,89.26,117.78,116.58,-5.53,141.83,0.4
2025-09-13,Peak Disruption,88.92,95.5,95.27,6.73,16.31,89.07,116.61,116.49,-6.58,142.35,0.5
2025-09-14,Peak Disruption,88.57,96.18,95.4,6.44,16.48,88.53,117.63,116.12,-7.61,155.9,0.5
2025-09-15,Peak Disruption,88.47,96.68,95.74,6.51,16.42,89.75,118.55,116.08,-8.21,152.23,0.5
2025-09-16,Peak Disruption,88.64,96.99,96.09,6.54,16.39,89.16,117.78,116.44,-8.35,150.61,0.5
2025-09-17,Peak Disruption,89.39,97.64,95.87,6.54,16.5,88.79,118.6,117.35,-8.25,152.29,0.5
2025-09-18,Peak Disruption,89.82,98.35,95.81,6.51,16.53,88.94,118.88,117.38,-8.53,153.92,0.5
2025-09-19,Peak Disruption,89.75,99.19,95.94,6.62,15.88,88.11,118.71,118.02,-9.44,139.88,0.4
2025-09-20,Peak Disruption,89.75,99.59,95.85,6.72,15.82,87.84,118.06,119.67,-9.84,135.42,0.4
2025-09-21,Peak Disruption,89.26,99.5,96.5,6.65,15.57,88.07,117.49,120.08,-10.24,134.14,0.4
2025-09-22,Peak Disruption,89.26,99.6,96.71,6.7,15.64,87.85,119.14,120.41,-10.34,133.43,0.4
2025-09-23,Peak Disruption,89.13,100.33,97.01,6.6,16.54,87.79,119.15,118.91,-11.2,150.61,0.4
2025-09-24,Peak Disruption,89.3,99.85,97.28,6.47,16.66,87.43,119.79,116.3,-10.55,157.5,0.4
2025-09-25,Peak Disruption,88.9,100.08,97.76,6.41,16.58,86.38,119.17,116.71,-11.18,158.66,0.4
2025-09-26,Peak Disruption,89.17,99.86,97.85,6.5,16.86,86.62,118.55,116.63,-10.69,159.38,0.4
2025-09-27,Peak Disruption,89.94,99.89,97.34,6.61,17.02,87.86,119.43,116.14,-9.95,157.49,0.4
2025-09-28,Peak Disruption,89.9,100.66,97.51,6.66,17.15,87.88,118.36,116.4,-10.76,157.51,0.4
2025-09-29,Peak Disruption,90.11,100.79,97.26,6.74,17.35,88.05,118.04,116.36,-10.68,157.42,0.4
2025-09-30,Peak Disruption,90.47,100.83,97.06,6.8,17.97,88.54,118.07,117.51,-10.36,164.26,0.4
2025-10-01,Fragile Stabilisation,90.27,100.02,97.3,6.74,17.64,87.66,118.17,117.61,-9.75,161.72,0.4
2025-10-02,Fragile Stabilisation,90.4,100.48,97.81,6.78,17.8,88.87,118.04,116.89,-10.08,162.54,0.4
2025-10-03,Fragile Stabilisation,90.41,100.87,97.82,6.87,17.53,89.02,118.36,117.9,-10.46,155.17,0.4
2025-10-04,Fragile Stabilisation,90.47,102.18,97.96,6.95,17.71,90.17,118.93,117.7,-11.71,154.82,0.4
2025-10-05,Fragile Stabilisation,90.1,102.01,98.65,7.07,17.44,89.67,119.53,118.25,-11.91,146.68,0.4
2025-10-06,Fragile Stabilisation,90.12,102.15,98.75,7.15,17.32,90.95,118.75,117.79,-12.03,142.24,0.4
2025-10-07,Fragile Stabilisation,90.38,102.31,99.81,7.19,17.25,91.5,118.53,117.16,-11.93,139.92,0.4
2025-10-08,Fragile Stabilisation,91.11,103.27,100.04,7.3,17.55,91.9,119.5,117.26,-12.16,140.41,0.4
2025-10-09,Fragile Stabilisation,91.6,103.22,99.35,7.3,17.83,92.07,120.22,117.3,-11.62,144.25,0.4
2025-10-10,Fragile Stabilisation,92.69,103.4,99.66,7.22,17.47,91.91,119.13,117.8,-10.71,141.97,0.5
2025-10-11,Fragile Stabilisation,92.31,103.77,99.82,7.21,17.5,92.76,119.43,117.55,-11.46,142.72,0.5
2025-10-12,Fragile Stabilisation,92.76,103.89,100.35,7.14,17.29,92.87,117.85,115.73,-11.13,142.16,0.5
2025-10-13,Fragile Stabilisation,92.86,103.63,100.63,7.08,16.93,91.5,117.9,115.32,-10.77,139.12,0.4
2025-10-14,Fragile Stabilisation,93.97,103.76,100.58,7.07,16.87,90.73,119.43,116.13,-9.79,138.61,0.5
2025-10-15,Fragile Stabilisation,93.57,104.42,100.1,6.99,16.79,90.61,118.68,115.85,-10.85,140.2,0.5
2025-10-16,Fragile Stabilisation,93.16,103.81,100.03,6.97,17.53,90.84,118.02,115.63,-10.65,151.51,0.5
2025-10-17,Fragile Stabilisation,92.87,103.9,99.7,6.78,17.67,90.81,118.64,116.63,-11.03,160.62,0.5
2025-10-18,Fragile Stabilisation,91.82,103.49,99.47,6.81,17.26,91.67,117.42,115.94,-11.67,153.45,0.5
2025-10-19,Fragile Stabilisation,91.57,104.22,99.72,6.82,17.1,90.31,116.92,114.42,-12.65,150.73,0.5
2025-10-20,Fragile Stabilisation,91.2,103.31,100.4,6.74,17.42,90.42,117.41,114.28,-12.11,158.46,0.5
2025-10-21,Fragile Stabilisation,91.28,102.99,100.57,6.81,18.06,89.16,116.91,113.82,-11.71,165.2,0.5
2025-10-22,Fragile Stabilisation,91.47,103.22,100.1,6.91,17.59,89.7,116.73,112.87,-11.75,154.56,0.5
2025-10-23,Fragile Stabilisation,92.41,104.17,100.29,6.75,17.04,89.65,117.34,112.71,-11.76,152.44,0.5
2025-10-24,Fragile Stabilisation,92.9,104.14,100.77,6.68,17.61,89.95,117.69,113.23,-11.24,163.62,0.5
2025-10-25,Fragile Stabilisation,92.62,103.82,100.54,6.61,17.74,89.36,117.91,113.24,-11.2,168.38,0.5
2025-10-26,Fragile Stabilisation,92.18,104.96,100.5,6.52,17.49,90.26,117.65,113.56,-12.78,168.25,0.6
2025-10-27,Fragile Stabilisation,92.44,104.1,100.51,6.61,17.66,91.0,117.96,115.4,-11.66,167.17,0.5
2025-10-28,Fragile Stabilisation,91.79,102.79,100.21,6.59,16.87,91.42,117.87,115.07,-11.0,155.99,0.6
2025-10-29,Fragile Stabilisation,92.71,103.06,100.48,6.57,16.89,91.34,118.24,115.37,-10.35,157.08,0.6
2025-10-30,Fragile Stabilisation,93.31,102.77,100.44,6.38,16.99,91.75,117.86,114.88,-9.46,166.3,0.6
2025-10-31,Fragile Stabilisation,93.09,102.17,100.62,6.45,17.28,91.27,117.72,114.06,-9.08,167.91,0.6
2025-11-01,Fragile Stabilisation,92.24,102.61,100.27,6.33,16.99,91.88,116.94,113.49,-10.37,168.4,0.6
2025-11-02,Fragile Stabilisation,92.93,102.76,100.11,6.34,17.02,93.04,116.92,113.03,-9.83,168.45,0.6
2025-11-03,Fragile Stabilisation,92.88,102.43,100.41,6.37,16.76,93.8,116.28,113.41,-9.55,163.11,0.6
2025-11-04,Fragile Stabilisation,93.51,101.68,100.27,6.51,16.84,93.3,115.4,115.78,-8.17,158.68,0.6
2025-11-05,Fragile Stabilisation,92.72,102.21,100.97,6.39,16.58,93.56,115.62,115.08,-9.49,159.47,0.7
2025-11-06,Fragile Stabilisation,92.43,102.61,100.82,6.09,16.47,92.67,115.8,114.69,-10.18,170.44,0.7
2025-11-07,Fragile Stabilisation,92.45,102.56,100.92,6.11,16.18,93.08,116.43,114.65,-10.11,164.81,0.6
2025-11-08,Fragile Stabilisation,92.48,103.68,101.3,6.3,16.39,93.41,116.1,115.06,-11.2,160.16,0.6
2025-11-09,Fragile Stabilisation,92.26,103.05,100.74,6.43,16.66,92.11,116.43,115.34,-10.79,159.1,0.6
2025-11-10,Fragile Stabilisation,92.59,102.14,100.05,6.45,16.59,91.3,116.88,116.65,-9.55,157.21,0.6
2025-11-11,Fragile Stabilisation,92.06,101.73,99.45,6.41,16.62,91.12,117.25,114.24,-9.67,159.28,0.6
2025-11-12,Fragile Stabilisation,92.0,101.72,99.96,6.49,16.19,90.91,116.6,111.88,-9.72,149.46,0.6
2025-11-13,Fragile Stabilisation,92.07,101.87,99.75,6.4,16.11,90.08,116.73,111.4,-9.8,151.72,0.6
2025-11-14,Fragile Stabilisation,92.34,101.74,100.79,6.45,16.11,90.36,117.03,112.52,-9.4,149.77,0.6
2025-11-15,Fragile Stabilisation,92.7,101.96,100.57,6.51,16.9,90.55,117.05,110.97,-9.26,159.6,0.6
2025-11-16,Fragile Stabilisation,92.15,101.22,100.65,6.62,16.58,90.42,115.39,107.98,-9.07,150.45,0.6
2025-11-17,Fragile Stabilisation,91.39,102.1,101.28,6.9,17.03,89.9,115.53,108.57,-10.71,146.81,0.5
2025-11-18,Fragile Stabilisation,92.04,102.06,102.09,6.95,17.34,90.65,117.31,108.84,-10.02,149.5,0.6
2025-11-19,Fragile Stabilisation,92.22,102.74,102.93,6.9,17.43,91.81,117.03,107.77,-10.52,152.61,0.5
2025-11-20,Fragile Stabilisation,91.85,102.95,103.42,6.9,17.97,91.49,116.46,106.8,-11.1,160.43,0.6
2025-11-21,Fragile Stabilisation,92.64,103.24,103.84,6.73,18.09,91.07,116.76,105.85,-10.6,168.8,0.6
2025-11-22,Fragile Stabilisation,92.71,103.59,104.09,6.67,18.22,91.42,117.02,105.98,-10.88,173.16,0.5
2025-11-23,Fragile Stabilisation,93.31,103.87,104.41,6.63,18.21,91.18,117.99,105.38,-10.56,174.66,0.5
2025-11-24,Fragile Stabilisation,93.35,104.26,104.2,6.58,18.59,91.09,116.99,105.89,-10.91,182.52,0.5
2025-11-25,Fragile Stabilisation,94.39,105.07,103.88,6.6,18.93,91.62,117.59,103.06,-10.68,186.82,0.6
2025-11-26,Fragile Stabilisation,95.28,105.2,103.89,6.53,18.75,90.29,118.07,102.22,-9.92,187.14,0.6
2025-11-27,Fragile Stabilisation,95.17,105.63,103.83,6.64,18.36,91.23,117.97,101.11,-10.46,176.51,0.6
2025-11-28,Fragile Stabilisation,95.66,105.59,103.66,6.65,18.31,91.29,118.25,100.88,-9.93,175.34,0.6
2025-11-29,Fragile Stabilisation,95.99,106.46,103.95,6.65,18.08,91.01,119.08,100.36,-10.47,171.88,0.5
2025-11-30,Fragile Stabilisation,96.69,106.07,104.34,6.62,18.07,90.96,119.79,101.18,-9.38,172.96,0.6
2025-12-01,Fragile Stabilisation,96.22,107.16,104.39,6.64,18.46,90.94,118.88,99.34,-10.94,178.01,0.5
2025-12-02,Fragile Stabilisation,96.57,107.14,104.99,6.73,18.33,89.74,119.55,99.4,-10.57,172.36,0.5
2025-12-03,Fragile Stabilisation,97.11,106.3,104.54,6.65,18.33,90.8,119.51,99.98,-9.19,175.64,0.5
2025-12-04,Fragile Stabilisation,96.24,106.38,104.47,6.59,18.35,90.83,119.58,101.86,-10.14,178.45,0.5
2025-12-05,Fragile Stabilisation,95.66,105.98,104.2,6.56,18.62,91.15,119.64,101.4,-10.32,183.84,0.5
2025-12-06,Fragile Stabilisation,94.65,106.5,103.46,6.43,17.95,91.83,119.53,101.74,-11.85,179.16,0.6
2025-12-07,Fragile Stabilisation,94.52,106.12,103.44,6.36,17.78,91.13,120.5,99.96,-11.6,179.56,0.6
2025-12-08,Fragile Stabilisation,94.89,105.86,103.4,6.31,17.85,91.47,120.44,97.58,-10.97,182.88,0.6
2025-12-09,Fragile Stabilisation,95.65,104.73,104.01,6.41,18.22,91.29,119.56,98.45,-9.08,184.24,0.6
2025-12-10,Fragile Stabilisation,95.7,104.47,104.28,6.44,18.09,91.89,119.25,98.46,-8.77,180.9,0.6
2025-12-11,Fragile Stabilisation,96.52,103.03,103.88,6.46,17.53,90.41,119.4,99.66,-6.51,171.36,0.6
2025-12-12,Fragile Stabilisation,95.84,102.09,104.63,6.55,17.73,90.35,120.4,98.31,-6.25,170.69,0.6
2025-12-13,Fragile Stabilisation,95.0,102.56,105.13,6.54,17.55,89.94,120.89,98.85,-7.56,168.35,0.6
2025-12-14,Fragile Stabilisation,94.98,103.04,105.37,6.59,17.2,90.25,120.22,100.74,-8.06,161.0,0.6
2025-12-15,Fragile Stabilisation,95.19,103.3,105.29,6.58,17.03,90.59,122.22,101.18,-8.11,158.81,0.6
2025-12-16,Fragile Stabilisation,95.18,102.73,104.92,6.61,16.98,90.11,122.44,101.47,-7.55,156.88,0.6
2025-12-17,Fragile Stabilisation,94.16,102.71,104.78,6.56,16.81,89.62,123.47,101.5,-8.55,156.25,0.6
2025-12-18,Fragile Stabilisation,94.12,102.72,105.22,6.32,16.16,89.55,123.36,99.95,-8.6,155.7,0.6
2025-12-19,Fragile Stabilisation,93.48,102.04,105.99,6.31,16.44,88.93,123.79,101.33,-8.56,160.54,0.6
2025-12-20,Fragile Stabilisation,93.82,102.95,106.61,6.46,16.83,89.53,124.48,100.74,-9.13,160.53,0.6
2025-12-21,Fragile Stabilisation,94.02,103.48,106.43,6.56,17.03,89.29,125.46,101.26,-9.46,159.6,0.6
2025-12-22,Fragile Stabilisation,93.56,103.36,105.99,6.66,16.7,87.26,126.32,99.72,-9.8,150.75,0.6
2025-12-23,Fragile Stabilisation,93.31,103.39,106.06,6.79,16.65,87.01,127.02,98.56,-10.08,145.21,0.6
2025-12-24,Fragile Stabilisation,92.79,103.52,105.36,6.8,16.66,86.29,126.78,100.01,-10.73,145.0,0.6
2025-12-25,Fragile Stabilisation,92.77,102.31,105.5,6.83,16.85,85.16,126.33,99.69,-9.54,146.71,0.6
2025-12-26,Fragile Stabilisation,93.26,102.17,105.45,6.77,17.06,84.3,126.61,101.16,-8.91,151.99,0.6
2025-12-27,Fragile Stabilisation,92.77,101.77,105.27,6.74,16.85,84.39,127.37,101.1,-9.0,150.0,0.6
2025-12-28,Fragile Stabilisation,93.04,101.18,104.65,6.81,16.88,85.33,127.2,99.28,-8.14,147.87,0.6
2025-12-29,Fragile Stabilisation,92.78,101.02,104.86,6.94,17.03,85.56,128.06,100.19,-8.24,145.39,0.6
2025-12-30,Fragile Stabilisation,92.39,102.11,104.66,6.93,17.48,85.14,129.23,99.62,-9.72,152.24,0.5
2025-12-31,Fragile Stabilisation,92.35,102.5,104.2,6.89,17.7,85.47,128.51,100.34,-10.15,156.89,0.5
2026-01-01,Ongoing Uncertainty,91.84,102.17,103.06,6.89,17.95,85.16,127.85,100.39,-10.33,160.52,0.5
2026-01-02,Ongoing Uncertainty,91.58,102.52,103.06,6.96,17.98,84.69,127.75,98.86,-10.94,158.33,0.5
2026-01-03,Ongoing Uncertainty,90.99,103.37,103.78,6.82,18.42,83.89,128.0,99.05,-12.38,170.09,0.5
2026-01-04,Ongoing Uncertainty,91.98,103.94,104.45,6.59,18.55,82.67,127.59,101.26,-11.96,181.49,0.5
2026-01-05,Ongoing Uncertainty,92.01,103.98,104.28,6.54,18.3,82.41,128.69,101.78,-11.97,179.82,0.5
2026-01-06,Ongoing Uncertainty,91.67,103.61,104.05,6.43,18.73,82.53,129.04,101.74,-11.94,191.29,0.5
2026-01-07,Ongoing Uncertainty,91.79,104.04,104.25,6.38,18.95,82.47,129.08,102.83,-12.25,197.02,0.5
2026-01-08,Ongoing Uncertainty,91.74,104.28,103.86,6.37,18.83,82.19,127.94,103.06,-12.54,195.6,0.5
2026-01-09,Ongoing Uncertainty,91.64,104.83,103.99,6.33,18.69,81.54,126.9,103.29,-13.19,195.26,0.5
2026-01-10,Ongoing Uncertainty,91.96,105.22,104.3,6.48,18.79,81.97,127.13,102.22,-13.26,189.97,0.5
2026-01-11,Ongoing Uncertainty,92.34,105.86,104.81,6.52,18.94,81.06,125.43,102.48,-13.52,190.49,0.5
2026-01-12,Ongoing Uncertainty,92.09,105.55,104.78,6.55,19.01,81.62,126.25,103.53,-13.46,190.23,0.4
2026-01-13,Ongoing Uncertainty,91.81,106.35,104.7,6.62,19.11,80.92,126.14,102.72,-14.54,188.67,0.4
2026-01-14,Ongoing Uncertainty,91.68,106.48,104.36,6.51,19.63,80.41,128.74,104.16,-14.8,201.54,0.4
2026-01-15,Ongoing Uncertainty,90.54,107.73,104.04,6.62,19.97,79.39,130.6,104.09,-17.19,201.66,0.5
2026-01-16,Ongoing Uncertainty,89.8,107.33,103.96,6.62,20.03,79.05,130.46,103.22,-17.53,202.57,0.5
2026-01-17,Ongoing Uncertainty,90.49,108.38,104.12,6.69,20.32,79.74,130.39,104.24,-17.89,203.74,0.5
2026-01-18,Ongoing Uncertainty,91.32,108.51,104.49,6.59,20.03,80.11,131.2,103.97,-17.19,203.95,0.5
2026-01-19,Ongoing Uncertainty,91.21,108.13,104.18,6.44,20.15,80.81,132.57,104.75,-16.92,212.89,0.5
2026-01-20,Ongoing Uncertainty,91.5,107.85,104.79,6.52,20.71,81.18,131.27,104.48,-16.35,217.64,0.5
2026-01-21,Ongoing Uncertainty,91.67,107.67,104.69,6.57,20.65,80.42,129.85,104.44,-16.0,214.31,0.5
2026-01-22,Ongoing Uncertainty,93.22,107.93,104.69,6.48,20.41,80.2,129.36,104.95,-14.71,214.97,0.6
2026-01-23,Ongoing Uncertainty,93.79,108.25,104.4,6.4,20.22,79.66,129.84,105.26,-14.46,215.94,0.6
2026-01-24,Ongoing Uncertainty,93.74,107.92,103.44,6.52,19.9,80.6,130.24,103.29,-14.18,205.21,0.6
2026-01-25,Ongoing Uncertainty,93.27,107.92,103.81,6.4,19.68,79.78,131.11,102.19,-14.65,207.5,0.6
2026-01-26,Ongoing Uncertainty,92.47,109.21,104.11,6.57,19.58,80.41,130.16,103.14,-16.74,198.02,0.6
2026-01-27,Ongoing Uncertainty,92.59,110.26,104.01,6.49,19.17,81.05,128.32,103.02,-17.67,195.38,0.6
2026-01-28,Ongoing Uncertainty,92.22,110.53,104.05,6.56,19.18,82.34,129.01,102.52,-18.31,192.38,0.6
2026-01-29,Ongoing Uncertainty,91.52,110.56,104.26,6.53,19.46,82.06,128.36,101.18,-19.04,198.01,0.6
2026-01-30,Ongoing Uncertainty,91.2,110.64,103.65,6.59,19.2,82.57,126.76,100.12,-19.44,191.35,0.6
2026-01-31,Ongoing Uncertainty,90.67,111.02,103.45,6.54,19.67,84.18,126.88,98.12,-20.35,200.76,0.6
2026-02-01,Ongoing Uncertainty,91.53,110.42,103.77,6.53,19.83,83.76,127.53,98.04,-18.89,203.68,0.7
2026-02-02,Ongoing Uncertainty,91.98,110.27,103.28,6.54,20.15,82.69,127.44,97.46,-18.29,208.1,0.6
2026-02-03,Ongoing Uncertainty,91.98,109.28,103.41,6.45,19.96,81.38,127.08,96.51,-17.3,209.46,0.6
2026-02-04,Ongoing Uncertainty,92.73,109.53,102.88,6.53,20.23,81.89,126.97,96.47,-16.8,209.8,0.6
2026-02-05,Ongoing Uncertainty,92.78,109.93,103.07,6.48,19.91,80.59,126.68,96.85,-17.15,207.25,0.6
2026-02-06,Ongoing Uncertainty,92.36,109.65,103.07,6.46,20.19,80.33,125.61,98.96,-17.29,212.54,0.6
2026-02-07,Ongoing Uncertainty,93.13,110.61,102.43,6.37,20.25,80.65,125.05,97.47,-17.48,217.9,0.7
2026-02-08,Ongoing Uncertainty,93.41,109.88,102.91,6.12,20.42,80.79,125.48,98.65,-16.47,233.66,0.7
2026-02-09,Ongoing Uncertainty,92.9,109.01,102.63,6.1,20.08,81.1,125.74,99.64,-16.11,229.18,0.7
2026-02-10,Ongoing Uncertainty,92.82,109.16,102.31,6.35,19.82,81.26,125.89,98.88,-16.34,212.13,0.7
2026-02-11,Ongoing Uncertainty,92.39,109.79,102.4,6.43,20.01,82.17,125.1,99.11,-17.4,211.2,0.7
2026-02-12,Ongoing Uncertainty,91.71,110.81,102.87,6.44,19.74,81.51,124.97,98.67,-19.1,206.52,0.7
2026-02-13,Ongoing Uncertainty,92.18,110.55,102.47,6.41,19.89,81.05,123.23,98.88,-18.37,210.3,0.7
2026-02-14,Ongoing Uncertainty,93.15,111.21,102.51,6.42,19.49,80.52,123.39,100.41,-18.06,203.58,0.7
2026-02-15,Ongoing Uncertainty,92.46,111.19,102.69,6.48,19.75,81.11,124.54,101.03,-18.73,204.78,0.7
2026-02-16,Ongoing Uncertainty,92.75,111.1,102.98,6.37,19.39,81.75,123.37,101.56,-18.35,204.4,0.6
2026-02-17,Ongoing Uncertainty,92.43,111.64,103.06,6.48,19.57,82.08,122.91,101.15,-19.21,202.01,0.6
2026-02-18,Ongoing Uncertainty,92.2,112.04,102.92,6.56,19.76,82.91,123.19,99.69,-19.84,201.22,0.6
2026-02-19,Ongoing Uncertainty,91.91,111.11,102.6,6.64,19.57,82.1,124.2,99.5,-19.2,194.73,0.6
2026-02-20,Ongoing Uncertainty,91.49,112.0,102.65,6.69,19.75,83.28,123.85,100.72,-20.51,195.22,0.6
2026-02-21,Ongoing Uncertainty,91.53,112.84,102.23,6.69,19.84,84.35,123.31,99.22,-21.31,196.56,0.6
2026-02-22,Ongoing Uncertainty,91.12,112.47,101.07,6.77,19.69,84.88,121.74,98.18,-21.35,190.84,0.5
2026-02-23,Ongoing Uncertainty,91.27,112.72,101.25,6.83,19.39,86.13,121.83,98.33,-21.45,183.89,0.5
2026-02-24,Ongoing Uncertainty,91.25,113.03,101.62,6.8,18.82,84.98,123.48,97.36,-21.78,176.76,0.5
2026-02-25,Ongoing Uncertainty,91.14,113.19,100.69,6.75,18.93,84.63,123.71,96.59,-22.05,180.44,0.5
2026-02-26,Ongoing Uncertainty,90.7,112.87,100.29,6.76,18.47,84.12,123.7,96.19,-22.17,173.22,0.5
2026-02-27,Ongoing Uncertainty,90.42,112.48,100.55,6.92,18.51,84.64,123.97,94.84,-22.06,167.49,0.5
2026-02-28,Ongoing Uncertainty,90.81,112.48,101.39,6.8,18.44,83.91,123.97,93.89,-21.67,171.18,0.5
2026-03-01,Ongoing Uncertainty,91.07,113.19,101.4,6.66,18.65,84.45,123.33,94.61,-22.12,180.03,0.5
2026-03-02,Ongoing Uncertainty,90.59,113.53,101.12,6.68,18.57,85.42,124.0,93.32,-22.94,177.99,0.5
2026-03-03,Ongoing Uncertainty,90.65,113.31,101.06,6.69,18.48,85.92,124.19,91.74,-22.66,176.23,0.5
2026-03-04,Ongoing Uncertainty,91.03,113.79,101.62,6.72,18.71,86.13,124.21,91.13,-22.76,178.42,0.5
2026-03-05,Ongoing Uncertainty,90.21,112.09,101.37,6.74,18.82,85.45,123.44,91.89,-21.88,179.23,0.5
2026-03-06,Ongoing Uncertainty,90.49,112.79,101.06,6.73,18.93,84.86,124.5,91.71,-22.3,181.28,0.5
2026-03-07,Ongoing Uncertainty,90.17,111.75,100.88,6.88,19.08,85.75,125.04,91.27,-21.58,177.33,0.5
2026-03-08,Ongoing Uncertainty,90.47,111.55,100.51,6.73,18.63,86.3,124.6,91.33,-21.08,176.82,0.5
2026-03-09,Ongoing Uncertainty,90.09,110.88,100.57,6.65,18.87,86.29,125.42,89.6,-20.79,183.76,0.5
2026-03-10,Ongoing Uncertainty,89.2,110.12,101.23,6.64,19.06,86.0,125.03,90.12,-20.92,187.05,0.5
2026-03-11,Ongoing Uncertainty,88.4,110.82,101.37,6.48,18.77,84.6,124.41,90.52,-22.42,189.66,0.5
2026-03-12,Ongoing Uncertainty,88.43,110.55,101.27,6.47,18.7,83.86,123.81,90.13,-22.12,189.03,0.5
2026-03-13,Ongoing Uncertainty,88.57,110.77,101.17,6.64,18.7,85.2,122.41,91.16,-22.2,181.63,0.5
2026-03-14,Ongoing Uncertainty,88.13,110.75,100.55,6.65,18.67,84.32,122.8,90.05,-22.62,180.75,0.5
2026-03-15,Ongoing Uncertainty,88.46,111.05,100.92,6.68,18.78,84.46,121.34,91.2,-22.59,181.14,0.5
2026-03-16,Ongoing Uncertainty,87.64,111.1,100.89,6.56,19.22,85.18,120.37,91.37,-23.46,192.99,0.4
2026-03-17,Ongoing Uncertainty,87.61,110.34,100.83,6.5,19.55,84.31,118.72,91.06,-22.73,200.77,0.4
2026-03-18,Ongoing Uncertainty,87.02,110.95,102.12,6.47,19.17,84.45,118.66,91.06,-23.93,196.29,0.4
2026-03-19,Ongoing Uncertainty,86.7,110.67,102.25,6.44,19.37,85.11,118.55,90.97,-23.97,200.78,0.4
2026-03-20,Ongoing Uncertainty,86.74,109.74,101.96,6.57,19.78,85.13,118.3,92.21,-23.0,201.07,0.4
2026-03-21,Ongoing Uncertainty,86.32,109.5,101.8,6.63,19.9,87.15,117.47,91.15,-23.18,200.15,0.4
2026-03-22,Ongoing Uncertainty,86.13,110.41,102.27,6.53,20.24,85.99,116.54,90.41,-24.28,209.95,0.4
2026-03-23,Ongoing Uncertainty,86.65,110.93,102.32,6.56,20.85,86.74,116.93,91.47,-24.28,217.84,0.5
2026-03-24,Ongoing Uncertainty,86.37,110.73,101.76,6.61,21.17,86.63,116.5,90.89,-24.36,220.27,0.4
2026-03-25,Ongoing Uncertainty,86.8,110.53,102.13,6.73,21.25,87.18,116.76,91.81,-23.73,215.75,0.5
