response_id,country_key,date_key,conflict_phase_key,response_category_key,estimated_cost_musd,effectiveness_score,me_dependency_reduction_pct
RSP-00001,1,20241001,1,1,4.4,3.9,0.0
RSP-00002,1,20241001,1,2,5.7,6.1,0.0
RSP-00003,1,20241001,1,3,6.1,7.5,0.0
RSP-00004,2,20241001,1,4,0.7,5.1,0.0
RSP-00005,3,20241001,1,5,2.2,7.6,0.0
RSP-00006,3,20241001,1,6,1.5,7.6,0.0
RSP-00007,3,20241001,1,7,1.3,8.2,0.0
RSP-00008,4,20241001,1,5,0.6,7.4,0.0
RSP-00009,4,20241001,1,8,0.9,4.7,0.0
RSP-00010,5,20241001,1,9,0.1,7.5,0.0
RSP-00011,6,20241001,1,7,0.2,6.6,0.0
RSP-00012,7,20241001,1,6,0.2,4.5,0.0
RSP-00013,7,20241001,1,9,0.2,6.0,0.0
RSP-00014,8,20241001,1,1,0.1,3.2,0.0
RSP-00015,8,20241001,1,10,0.1,5.5,0.0
RSP-00016,9,20241001,1,3,0.2,6.9,0.0
RSP-00017,9,20241001,1,10,0.2,3.3,0.0
RSP-00018,10,20241001,1,2,0.1,7.7,0.0
RSP-00019,11,20241001,1,8,0.2,5.1,0.0
RSP-00020,11,20241001,1,9,0.2,5.5,0.0
RSP-00021,12,20241001,1,3,0.2,5.2,0.0
RSP-00022,13,20241001,1,11,0.5,5.7,0.0
RSP-00023,13,20241001,1,8,0.3,4.2,0.0
RSP-00024,13,20241001,1,3,0.4,7.8,0.0
RSP-00025,14,20241001,1,5,0.2,4.3,0.0
RSP-00026,14,20241001,1,1,0.3,5.4,0.0
RSP-00027,14,20241001,1,8,0.3,5.0,0.0
RSP-00028,15,20241001,1,6,0.1,8.3,0.0
RSP-00029,16,20241001,1,2,0.1,5.6,0.0
RSP-00030,16,20241001,1,8,0.1,5.8,0.0
RSP-00031,17,20241001,1,6,0.1,6.4,0.0
RSP-00032,18,20241001,1,9,0.1,5.9,0.0
RSP-00033,19,20241001,1,7,0.1,5.5,0.0
RSP-00034,20,20241001,1,12,0.1,6.0,0.0
RSP-00035,1,20241101,1,13,2.9,4.9,0.0
RSP-00036,1,20241101,1,2,2.5,5.7,0.0
RSP-00037,2,20241101,1,13,1.3,7.8,0.0
RSP-00038,3,20241101,1,2,1.7,7.5,0.0
RSP-00039,4,20241101,1,11,0.4,7.1,0.0
RSP-00040,5,20241101,1,14,0.1,6.1,0.0
RSP-00041,6,20241101,1,6,0.2,7.8,0.0
RSP-00042,7,20241101,1,10,0.3,7.9,0.0
RSP-00043,8,20241101,1,10,0.1,7.3,0.0
RSP-00044,9,20241101,1,3,0.2,5.0,0.0
RSP-00045,10,20241101,1,8,0.1,6.3,0.0
RSP-00046,11,20241101,1,15,0.1,5.2,0.0
RSP-00047,11,20241101,1,11,0.1,7.5,0.0
RSP-00048,11,20241101,1,3,0.1,4.4,0.0
RSP-00049,12,20241101,1,15,0.1,8.3,0.0
RSP-00050,13,20241101,1,3,0.6,7.4,0.0
RSP-00051,14,20241101,1,2,0.2,6.6,0.0
RSP-00052,14,20241101,1,3,0.3,5.1,0.0
RSP-00053,14,20241101,1,13,0.1,6.1,0.0
RSP-00054,15,20241101,1,11,0.1,10.0,0.0
RSP-00055,15,20241101,1,2,0.1,4.8,0.0
RSP-00056,16,20241101,1,3,0.1,5.4,0.0
RSP-00057,16,20241101,1,13,0.1,2.7,0.0
RSP-00058,16,20241101,1,4,0.1,6.5,0.0
RSP-00059,17,20241101,1,12,0.1,4.3,0.0
RSP-00060,17,20241101,1,6,0.1,4.7,0.0
RSP-00061,18,20241101,1,15,0.1,7.6,0.0
RSP-00062,18,20241101,1,3,0.1,3.0,0.0
RSP-00063,19,20241101,1,13,0.1,8.9,0.0
RSP-00064,20,20241101,1,13,0.1,5.1,0.0
RSP-00065,1,20241201,1,5,7.4,4.2,0.0
RSP-00066,2,20241201,1,1,0.9,8.3,0.0
RSP-00067,3,20241201,1,13,2.6,5.1,0.0
RSP-00068,3,20241201,1,2,2.5,5.6,0.0
RSP-00069,3,20241201,1,11,3.8,8.8,0.0
RSP-00070,3,20241201,1,15,2.4,5.2,0.0
RSP-00071,3,20241201,1,6,2.6,5.9,0.0
RSP-00072,4,20241201,1,8,0.3,7.1,0.0
RSP-00073,4,20241201,1,4,1.2,5.4,0.0
RSP-00074,4,20241201,1,9,0.8,4.5,0.0
RSP-00075,4,20241201,1,4,1.1,5.7,0.0
RSP-00076,4,20241201,1,4,0.7,6.1,0.0
RSP-00077,5,20241201,1,9,0.1,6.9,0.0
RSP-00078,6,20241201,1,13,0.2,3.7,0.0
RSP-00079,7,20241201,1,9,0.2,5.9,0.0
RSP-00080,7,20241201,1,12,0.1,8.3,0.0
RSP-00081,8,20241201,1,7,0.1,5.6,0.0
RSP-00082,9,20241201,1,6,0.1,5.9,0.0
RSP-00083,10,20241201,1,10,0.1,7.7,0.0
RSP-00084,11,20241201,1,6,0.2,7.3,0.0
RSP-00085,12,20241201,1,15,0.1,3.8,0.0
RSP-00086,12,20241201,1,3,0.1,4.4,0.0
RSP-00087,13,20241201,1,9,0.4,6.7,0.0
RSP-00088,13,20241201,1,11,0.4,4.1,0.0
RSP-00089,14,20241201,1,6,0.3,5.3,0.0
RSP-00090,14,20241201,1,9,0.3,5.6,0.0
RSP-00091,14,20241201,1,11,0.3,6.0,0.0
RSP-00092,14,20241201,1,12,0.4,5.6,0.0
RSP-00093,15,20241201,1,6,0.1,5.9,0.0
RSP-00094,16,20241201,1,9,0.1,6.9,0.0
RSP-00095,16,20241201,1,5,0.1,6.2,0.0
RSP-00096,16,20241201,1,13,0.1,6.6,0.0
RSP-00097,16,20241201,1,7,0.1,4.4,0.0
RSP-00098,16,20241201,1,11,0.1,5.6,0.0
RSP-00099,17,20241201,1,9,0.1,7.3,0.0
RSP-00100,17,20241201,1,12,0.1,4.1,0.0
RSP-00101,18,20241201,1,8,0.1,7.4,0.0
RSP-00102,19,20241201,1,5,0.1,7.5,0.0
RSP-00103,20,20241201,1,11,0.1,5.1,0.0
RSP-00104,1,20250101,2,15,11.0,2.3,0.93
RSP-00105,2,20250101,2,6,2.2,8.0,1.22
RSP-00106,2,20250101,2,14,2.3,3.4,1.38
RSP-00107,2,20250101,2,9,2.1,5.3,1.5
RSP-00108,3,20250101,2,3,5.0,7.0,1.85
RSP-00109,3,20250101,2,4,3.9,4.8,1.68
RSP-00110,3,20250101,2,2,2.0,5.8,1.75
RSP-00111,3,20250101,2,12,2.1,4.4,1.61
RSP-00112,4,20250101,2,8,0.7,7.9,1.46
RSP-00113,5,20250101,2,9,0.3,7.2,0.33
RSP-00114,6,20250101,2,11,0.2,8.0,0.44
RSP-00115,6,20250101,2,5,0.4,6.8,0.4
RSP-00116,6,20250101,2,13,0.3,7.3,0.29
RSP-00117,7,20250101,2,6,0.3,6.3,1.11
RSP-00118,7,20250101,2,14,0.1,6.4,0.9
RSP-00119,7,20250101,2,13,0.3,8.1,0.97
RSP-00120,8,20250101,2,15,0.1,7.1,0.35
RSP-00121,9,20250101,2,3,0.3,6.9,1.49
RSP-00122,10,20250101,2,5,0.1,3.4,0.26
RSP-00123,11,20250101,2,15,0.3,5.1,1.22
RSP-00124,11,20250101,2,2,0.1,8.3,1.25
RSP-00125,11,20250101,2,3,0.3,5.1,1.37
RSP-00126,11,20250101,2,15,0.3,4.2,1.14
RSP-00127,11,20250101,2,8,0.3,5.0,1.25
RSP-00128,11,20250101,2,12,0.2,5.9,1.56
RSP-00129,11,20250101,2,12,0.4,7.9,1.84
RSP-00130,12,20250101,2,7,0.1,6.2,0.86
RSP-00131,12,20250101,2,14,0.2,6.2,0.73
RSP-00132,12,20250101,2,5,0.1,6.8,0.92
RSP-00133,13,20250101,2,7,0.6,6.2,1.74
RSP-00134,13,20250101,2,8,0.2,7.0,1.68
RSP-00135,13,20250101,2,3,0.8,7.2,1.25
RSP-00136,14,20250101,2,11,0.6,6.1,1.53
RSP-00137,15,20250101,2,2,0.1,5.9,0.46
RSP-00138,16,20250101,2,9,0.1,7.4,1.59
RSP-00139,16,20250101,2,3,0.1,10.0,1.61
RSP-00140,16,20250101,2,5,0.1,7.6,1.91
RSP-00141,16,20250101,2,11,0.1,3.2,2.2
RSP-00142,17,20250101,2,11,0.1,4.7,0.77
RSP-00143,18,20250101,2,5,0.1,4.9,0.79
RSP-00144,18,20250101,2,8,0.1,4.3,0.61
RSP-00145,19,20250101,2,12,0.1,6.3,0.17
RSP-00146,20,20250101,2,12,0.1,7.2,0.09
RSP-00147,1,20250201,2,8,6.5,5.7,0.85
RSP-00148,1,20250201,2,5,5.1,6.1,1.03
RSP-00149,2,20250201,2,14,2.4,5.5,1.05
RSP-00150,2,20250201,2,12,1.8,8.0,1.52
RSP-00151,2,20250201,2,5,1.3,6.3,1.34
RSP-00152,3,20250201,2,6,3.9,6.5,1.4
RSP-00153,3,20250201,2,7,3.7,6.8,2.11
RSP-00154,3,20250201,2,7,1.6,7.4,1.37
RSP-00155,4,20250201,2,10,0.6,3.7,1.43
RSP-00156,4,20250201,2,14,1.1,3.0,1.72
RSP-00157,4,20250201,2,6,0.8,5.7,1.31
RSP-00158,4,20250201,2,6,1.3,8.2,1.32
RSP-00159,5,20250201,2,13,0.2,5.2,0.25
RSP-00160,6,20250201,2,10,0.2,5.4,0.45
RSP-00161,7,20250201,2,6,0.3,6.0,0.92
RSP-00162,7,20250201,2,3,0.1,6.9,1.1
RSP-00163,7,20250201,2,13,0.2,5.7,1.37
RSP-00164,8,20250201,2,2,0.1,6.2,0.53
RSP-00165,9,20250201,2,13,0.2,6.3,1.36
RSP-00166,9,20250201,2,10,0.2,6.9,1.41
RSP-00167,9,20250201,2,12,0.1,6.9,1.16
RSP-00168,10,20250201,2,2,0.1,5.0,0.23
RSP-00169,11,20250201,2,1,0.2,8.9,1.47
RSP-00170,11,20250201,2,1,0.3,5.4,1.69
RSP-00171,12,20250201,2,11,0.1,3.1,0.88
RSP-00172,12,20250201,2,12,0.1,7.3,0.96
RSP-00173,12,20250201,2,11,0.2,6.7,0.66
RSP-00174,12,20250201,2,15,0.2,5.0,1.05
RSP-00175,13,20250201,2,11,0.9,8.3,1.31
RSP-00176,13,20250201,2,7,0.5,6.4,1.24
RSP-00177,13,20250201,2,11,0.6,5.7,1.44
RSP-00178,13,20250201,2,3,0.7,6.2,1.68
RSP-00179,14,20250201,2,12,0.2,7.3,1.89
RSP-00180,14,20250201,2,11,0.6,5.8,1.9
RSP-00181,14,20250201,2,15,0.5,5.5,1.34
RSP-00182,14,20250201,2,6,0.5,5.3,1.58
RSP-00183,14,20250201,2,15,0.1,6.0,1.68
RSP-00184,15,20250201,2,15,0.1,7.3,0.57
RSP-00185,16,20250201,2,11,0.1,5.0,1.98
RSP-00186,16,20250201,2,3,0.1,7.1,1.98
RSP-00187,16,20250201,2,11,0.1,4.9,1.41
RSP-00188,16,20250201,2,14,0.1,4.4,1.76
RSP-00189,16,20250201,2,14,0.1,9.3,2.06
RSP-00190,16,20250201,2,5,0.1,7.3,1.55
RSP-00191,16,20250201,2,5,0.1,6.5,1.91
RSP-00192,17,20250201,2,12,0.1,6.7,0.53
RSP-00193,17,20250201,2,11,0.1,6.1,0.54
RSP-00194,18,20250201,2,9,0.1,7.6,0.71
RSP-00195,18,20250201,2,3,0.1,8.5,0.99
RSP-00196,19,20250201,2,15,0.1,5.2,0.25
RSP-00197,20,20250201,2,4,0.1,5.5,0.09
RSP-00198,1,20250301,2,12,7.0,7.1,0.89
RSP-00199,2,20250301,2,11,2.5,7.4,1.14
RSP-00200,2,20250301,2,5,2.3,6.4,1.2
RSP-00201,3,20250301,2,12,3.6,6.1,2.04
RSP-00202,3,20250301,2,14,2.7,7.7,2.11
RSP-00203,3,20250301,2,9,4.7,5.5,1.55
RSP-00204,3,20250301,2,2,3.8,7.5,1.43
RSP-00205,3,20250301,2,13,4.2,5.2,1.67
RSP-00206,3,20250301,2,11,2.8,8.1,1.93
RSP-00207,4,20250301,2,1,0.7,7.7,1.19
RSP-00208,4,20250301,2,7,0.8,7.1,1.09
RSP-00209,4,20250301,2,6,1.1,5.2,1.38
RSP-00210,4,20250301,2,3,0.4,4.6,1.24
RSP-00211,4,20250301,2,12,0.7,7.4,1.64
RSP-00212,5,20250301,2,11,0.2,3.7,0.28
RSP-00213,6,20250301,2,9,0.2,5.1,0.43
RSP-00214,6,20250301,2,13,0.1,5.9,0.32
RSP-00215,7,20250301,2,1,0.2,4.9,0.93
RSP-00216,7,20250301,2,8,0.1,6.2,1.14
RSP-00217,8,20250301,2,2,0.1,9.9,0.49
RSP-00218,9,20250301,2,3,0.2,5.4,1.3
RSP-00219,9,20250301,2,12,0.2,5.0,1.27
RSP-00220,10,20250301,2,10,0.1,5.4,0.19
RSP-00221,11,20250301,2,4,0.1,5.3,1.34
RSP-00222,11,20250301,2,1,0.3,5.5,1.76
RSP-00223,11,20250301,2,14,0.4,9.8,1.78
RSP-00224,12,20250301,2,5,0.1,3.2,0.92
RSP-00225,13,20250301,2,1,0.8,6.0,1.44
RSP-00226,13,20250301,2,4,0.4,5.8,1.33
RSP-00227,13,20250301,2,1,0.3,8.7,1.83
RSP-00228,13,20250301,2,2,0.3,6.5,1.72
RSP-00229,13,20250301,2,7,0.3,6.9,1.78
RSP-00230,14,20250301,2,12,0.2,4.5,1.23
RSP-00231,14,20250301,2,6,0.4,4.9,1.69
RSP-00232,15,20250301,2,14,0.1,4.9,0.58
RSP-00233,15,20250301,2,14,0.1,5.7,0.69
RSP-00234,16,20250301,2,15,0.1,4.2,1.41
RSP-00235,16,20250301,2,11,0.1,5.0,2.12
RSP-00236,16,20250301,2,14,0.1,6.5,2.05
RSP-00237,16,20250301,2,8,0.1,5.0,1.66
RSP-00238,17,20250301,2,10,0.1,7.8,0.75
RSP-00239,18,20250301,2,14,0.1,3.0,0.64
RSP-00240,19,20250301,2,7,0.1,9.0,0.22
RSP-00241,20,20250301,2,2,0.1,7.0,0.12
RSP-00242,1,20250401,3,6,6.0,4.6,1.99
RSP-00243,2,20250401,3,10,1.6,8.4,2.37
RSP-00244,2,20250401,3,14,3.9,7.2,2.76
RSP-00245,2,20250401,3,10,4.3,5.1,3.02
RSP-00246,2,20250401,3,12,1.7,5.1,2.15
RSP-00247,2,20250401,3,13,2.6,6.8,3.02
RSP-00248,3,20250401,3,6,5.0,5.1,3.53
RSP-00249,3,20250401,3,15,3.3,7.4,3.25
RSP-00250,3,20250401,3,10,5.8,4.2,3.67
RSP-00251,3,20250401,3,5,7.9,9.0,3.55
RSP-00252,3,20250401,3,14,6.3,6.8,3.16
RSP-00253,3,20250401,3,2,3.6,6.3,3.26
RSP-00254,3,20250401,3,14,4.7,4.8,3.81
RSP-00255,3,20250401,3,11,7.2,4.2,3.32
RSP-00256,4,20250401,3,5,0.8,6.4,2.47
RSP-00257,4,20250401,3,7,1.7,7.3,2.71
RSP-00258,4,20250401,3,13,2.0,4.4,2.64
RSP-00259,4,20250401,3,11,1.7,6.9,2.33
RSP-00260,4,20250401,3,8,1.5,8.1,2.65
RSP-00261,5,20250401,3,4,0.5,5.7,0.46
RSP-00262,6,20250401,3,15,0.5,5.7,0.79
RSP-00263,7,20250401,3,7,0.4,1.8,2.57
RSP-00264,7,20250401,3,6,0.3,6.8,2.42
RSP-00265,7,20250401,3,15,0.4,4.8,2.37
RSP-00266,8,20250401,3,3,0.1,4.6,1.02
RSP-00267,8,20250401,3,2,0.1,6.9,0.71
RSP-00268,9,20250401,3,6,0.2,5.7,2.29
RSP-00269,9,20250401,3,13,0.3,6.9,2.92
RSP-00270,10,20250401,3,4,0.1,4.6,0.45
RSP-00271,11,20250401,3,3,0.6,6.8,3.36
RSP-00272,11,20250401,3,3,0.2,5.2,3.32
RSP-00273,11,20250401,3,13,0.4,6.1,2.52
RSP-00274,11,20250401,3,13,0.5,6.3,2.71
RSP-00275,11,20250401,3,3,0.4,5.2,2.35
RSP-00276,12,20250401,3,13,0.2,7.0,1.78
RSP-00277,12,20250401,3,2,0.2,4.6,2.01
RSP-00278,12,20250401,3,7,0.2,3.5,1.7
RSP-00279,13,20250401,3,14,0.6,5.4,2.94
RSP-00280,13,20250401,3,2,0.9,4.3,2.7
RSP-00281,13,20250401,3,11,0.9,3.4,2.47
RSP-00282,13,20250401,3,10,1.1,7.1,3.13
RSP-00283,13,20250401,3,6,0.8,3.9,3.01
RSP-00284,13,20250401,3,3,1.1,5.5,3.71
RSP-00285,14,20250401,3,12,0.3,5.4,3.12
RSP-00286,14,20250401,3,3,0.4,6.2,3.17
RSP-00287,14,20250401,3,2,0.2,5.1,3.35
RSP-00288,14,20250401,3,13,0.6,8.5,2.83
RSP-00289,14,20250401,3,5,0.3,7.1,3.41
RSP-00290,15,20250401,3,11,0.1,4.8,0.99
RSP-00291,15,20250401,3,5,0.1,6.1,0.97
RSP-00292,15,20250401,3,13,0.1,5.8,1.28
RSP-00293,16,20250401,3,7,0.1,7.6,2.96
RSP-00294,16,20250401,3,4,0.1,6.6,4.03
RSP-00295,16,20250401,3,5,0.1,5.4,4.31
RSP-00296,16,20250401,3,11,0.1,5.4,3.14
RSP-00297,17,20250401,3,7,0.1,3.9,1.09
RSP-00298,18,20250401,3,10,0.1,4.8,1.86
RSP-00299,18,20250401,3,14,0.1,5.3,1.26
RSP-00300,19,20250401,3,11,0.1,5.5,0.36
RSP-00301,20,20250401,3,11,0.1,4.2,0.2
RSP-00302,1,20250501,3,10,11.0,8.2,1.69
RSP-00303,1,20250501,3,15,8.6,7.8,1.97
RSP-00304,2,20250501,3,15,4.0,5.1,2.59
RSP-00305,2,20250501,3,11,4.1,6.6,2.99
RSP-00306,2,20250501,3,6,1.7,6.4,2.36
RSP-00307,2,20250501,3,6,2.8,3.1,1.97
RSP-00308,3,20250501,3,11,6.7,6.4,3.05
RSP-00309,3,20250501,3,14,6.9,5.6,4.08
RSP-00310,3,20250501,3,15,6.9,6.7,3.72
RSP-00311,3,20250501,3,1,1.5,6.9,3.71
RSP-00312,4,20250501,3,2,1.9,9.1,3.51
RSP-00313,4,20250501,3,12,1.2,5.0,3.19
RSP-00314,4,20250501,3,6,0.8,6.3,3.06
RSP-00315,5,20250501,3,15,0.2,6.8,0.61
RSP-00316,6,20250501,3,9,0.1,4.8,0.88
RSP-00317,7,20250501,3,2,0.3,4.4,2.35
RSP-00318,7,20250501,3,3,0.2,5.3,2.66
RSP-00319,8,20250501,3,14,0.2,7.3,1.01
RSP-00320,8,20250501,3,6,0.1,6.4,1.02
RSP-00321,9,20250501,3,1,0.6,9.2,2.81
RSP-00322,9,20250501,3,15,0.2,6.3,2.84
RSP-00323,9,20250501,3,6,0.4,4.7,2.38
RSP-00324,10,20250501,3,12,0.1,4.9,0.38
RSP-00325,11,20250501,3,15,0.3,7.3,3.23
RSP-00326,11,20250501,3,10,0.1,5.3,3.6
RSP-00327,11,20250501,3,3,0.2,7.8,3.44
RSP-00328,11,20250501,3,8,0.1,6.1,2.82
RSP-00329,11,20250501,3,11,0.3,6.6,2.29
RSP-00330,11,20250501,3,9,0.2,6.4,3.3
RSP-00331,12,20250501,3,3,0.2,6.5,1.71
RSP-00332,13,20250501,3,5,0.8,6.9,2.84
RSP-00333,13,20250501,3,6,1.0,6.7,3.07
RSP-00334,13,20250501,3,5,0.6,3.2,2.42
RSP-00335,13,20250501,3,6,0.3,6.9,2.65
RSP-00336,13,20250501,3,12,0.7,7.2,3.16
RSP-00337,13,20250501,3,10,0.6,9.4,2.88
RSP-00338,14,20250501,3,15,0.7,7.2,3.53
RSP-00339,14,20250501,3,3,0.8,5.9,3.91
RSP-00340,14,20250501,3,6,0.4,5.0,3.54
RSP-00341,15,20250501,3,6,0.1,5.6,0.99
RSP-00342,15,20250501,3,5,0.1,5.3,1.06
RSP-00343,15,20250501,3,11,0.1,4.8,1.09
RSP-00344,16,20250501,3,4,0.1,6.4,3.29
RSP-00345,16,20250501,3,8,0.1,5.8,4.17
RSP-00346,16,20250501,3,13,0.1,8.8,3.74
RSP-00347,16,20250501,3,6,0.1,6.8,3.27
RSP-00348,16,20250501,3,5,0.1,3.9,3.3
RSP-00349,16,20250501,3,7,0.1,7.1,3.39
RSP-00350,17,20250501,3,2,0.1,5.9,1.57
RSP-00351,17,20250501,3,8,0.1,6.2,1.19
RSP-00352,18,20250501,3,15,0.1,6.1,1.55
RSP-00353,18,20250501,3,3,0.1,5.6,1.41
RSP-00354,18,20250501,3,14,0.1,5.9,1.78
RSP-00355,18,20250501,3,4,0.1,3.3,1.62
RSP-00356,19,20250501,3,8,0.1,8.2,0.39
RSP-00357,20,20250501,3,6,0.1,3.7,0.22
RSP-00358,1,20250601,3,7,12.7,7.9,1.7
RSP-00359,1,20250601,3,7,7.0,7.4,1.66
RSP-00360,1,20250601,3,8,11.3,4.7,1.55
RSP-00361,1,20250601,3,8,6.7,5.9,1.47
RSP-00362,1,20250601,3,4,6.4,6.4,1.99
RSP-00363,1,20250601,3,10,5.8,9.3,2.01
RSP-00364,1,20250601,3,8,7.3,6.0,2.05
RSP-00365,2,20250601,3,1,2.3,2.2,2.66
RSP-00366,3,20250601,3,2,4.6,3.3,3.73
RSP-00367,3,20250601,3,14,3.8,8.0,4.39
RSP-00368,3,20250601,3,10,4.9,6.1,3.63
RSP-00369,3,20250601,3,3,3.4,7.7,3.52
RSP-00370,3,20250601,3,6,2.3,1.7,3.99
RSP-00371,3,20250601,3,10,4.0,7.1,4.21
RSP-00372,4,20250601,3,13,1.8,7.7,2.3
RSP-00373,4,20250601,3,14,2.0,5.4,2.27
RSP-00374,4,20250601,3,8,2.2,5.4,3.21
RSP-00375,4,20250601,3,9,1.3,5.5,2.55
RSP-00376,4,20250601,3,6,0.8,8.7,3.59
RSP-00377,5,20250601,3,9,0.4,6.3,0.56
RSP-00378,6,20250601,3,1,0.3,6.3,0.8
RSP-00379,7,20250601,3,12,0.5,4.7,1.68
RSP-00380,7,20250601,3,3,0.4,4.4,2.7
RSP-00381,7,20250601,3,4,0.5,5.8,2.58
RSP-00382,8,20250601,3,8,0.1,5.3,0.75
RSP-00383,8,20250601,3,8,0.1,4.1,1.01
RSP-00384,9,20250601,3,5,0.5,3.6,2.25
RSP-00385,10,20250601,3,4,0.1,5.7,0.49
RSP-00386,10,20250601,3,9,0.1,7.0,0.41
RSP-00387,11,20250601,3,4,0.2,5.8,2.93
RSP-00388,11,20250601,3,4,0.2,7.1,2.91
RSP-00389,11,20250601,3,14,0.5,8.8,3.14
RSP-00390,12,20250601,3,7,0.3,6.3,2.04
RSP-00391,12,20250601,3,13,0.1,8.4,1.48
RSP-00392,13,20250601,3,15,0.8,5.0,3.68
RSP-00393,13,20250601,3,11,0.6,3.8,3.61
RSP-00394,13,20250601,3,14,0.7,5.2,3.52
RSP-00395,13,20250601,3,3,0.5,5.2,3.49
RSP-00396,13,20250601,3,6,0.5,4.7,3.86
RSP-00397,13,20250601,3,9,0.6,8.8,2.94
RSP-00398,14,20250601,3,5,0.2,5.5,2.78
RSP-00399,14,20250601,3,15,0.5,8.6,3.99
RSP-00400,14,20250601,3,5,0.5,9.1,3.86
RSP-00401,14,20250601,3,4,0.2,7.4,4.0
RSP-00402,14,20250601,3,9,0.5,9.5,3.06
RSP-00403,14,20250601,3,5,0.3,5.0,2.53
RSP-00404,14,20250601,3,11,0.4,4.9,3.49
RSP-00405,15,20250601,3,14,0.1,6.3,1.03
RSP-00406,16,20250601,3,3,0.1,6.7,3.71
RSP-00407,16,20250601,3,15,0.1,4.5,3.76
RSP-00408,16,20250601,3,13,0.1,2.1,3.78
RSP-00409,16,20250601,3,7,0.1,7.6,4.34
RSP-00410,17,20250601,3,11,0.1,6.1,1.05
RSP-00411,18,20250601,3,8,0.1,6.4,1.52
RSP-00412,19,20250601,3,1,0.1,7.0,0.47
RSP-00413,20,20250601,3,3,0.1,5.2,0.18
RSP-00414,1,20250701,4,10,17.5,8.2,3.16
RSP-00415,1,20250701,4,10,5.9,7.0,2.43
RSP-00416,1,20250701,4,5,5.7,5.9,2.97
RSP-00417,1,20250701,4,13,12.7,3.9,2.57
RSP-00418,2,20250701,4,5,1.8,6.5,4.63
RSP-00419,2,20250701,4,6,2.5,9.2,3.86
RSP-00420,2,20250701,4,6,5.1,6.6,4.57
RSP-00421,3,20250701,4,6,4.7,2.3,5.68
RSP-00422,3,20250701,4,11,2.0,4.8,5.36
RSP-00423,3,20250701,4,14,3.4,8.8,6.27
RSP-00424,3,20250701,4,3,4.1,5.3,5.39
RSP-00425,4,20250701,4,10,2.5,7.1,4.74
RSP-00426,4,20250701,4,14,0.9,7.3,4.25
RSP-00427,4,20250701,4,5,2.5,5.3,3.74
RSP-00428,5,20250701,4,14,0.4,4.8,0.96
RSP-00429,5,20250701,4,4,0.2,6.7,0.79
RSP-00430,5,20250701,4,6,0.4,8.0,0.91
RSP-00431,6,20250701,4,4,0.2,6.3,1.05
RSP-00432,7,20250701,4,15,0.6,6.6,4.11
RSP-00433,7,20250701,4,11,0.5,5.8,3.16
RSP-00434,7,20250701,4,3,0.2,5.3,2.72
RSP-00435,7,20250701,4,14,0.3,8.0,3.45
RSP-00436,7,20250701,4,3,0.7,3.6,3.97
RSP-00437,8,20250701,4,13,0.1,5.0,1.48
RSP-00438,9,20250701,4,6,0.5,5.5,3.47
RSP-00439,9,20250701,4,3,0.2,5.0,4.42
RSP-00440,9,20250701,4,4,0.5,5.8,4.14
RSP-00441,10,20250701,4,9,0.1,4.6,0.76
RSP-00442,10,20250701,4,9,0.1,5.1,0.85
RSP-00443,11,20250701,4,13,0.5,6.0,3.51
RSP-00444,11,20250701,4,13,0.6,4.5,3.97
RSP-00445,11,20250701,4,3,0.4,6.1,3.89
RSP-00446,11,20250701,4,1,0.4,6.7,3.78
RSP-00447,11,20250701,4,1,0.6,8.0,3.61
RSP-00448,11,20250701,4,6,0.3,6.5,4.63
RSP-00449,12,20250701,4,1,0.2,5.9,2.61
RSP-00450,12,20250701,4,11,0.2,7.4,2.21
RSP-00451,12,20250701,4,1,0.2,4.7,2.31
RSP-00452,13,20250701,4,5,0.6,6.3,4.2
RSP-00453,13,20250701,4,4,0.5,6.0,5.04
RSP-00454,13,20250701,4,4,1.0,5.6,4.67
RSP-00455,14,20250701,4,1,0.4,5.5,4.42
RSP-00456,14,20250701,4,2,0.2,6.9,5.43
RSP-00457,14,20250701,4,8,0.6,5.9,4.0
RSP-00458,14,20250701,4,3,0.7,7.0,4.86
RSP-00459,14,20250701,4,14,1.0,8.9,4.49
RSP-00460,15,20250701,4,14,0.1,3.9,1.43
RSP-00461,16,20250701,4,3,0.1,5.6,5.01
RSP-00462,16,20250701,4,6,0.1,5.0,4.16
RSP-00463,17,20250701,4,15,0.1,5.8,2.33
RSP-00464,17,20250701,4,1,0.1,5.7,2.04
RSP-00465,17,20250701,4,13,0.1,7.4,2.48
RSP-00466,17,20250701,4,15,0.1,6.8,2.35
RSP-00467,18,20250701,4,14,0.1,5.5,2.34
RSP-00468,18,20250701,4,11,0.1,10.0,1.94
RSP-00469,18,20250701,4,12,0.1,8.3,2.07
RSP-00470,19,20250701,4,13,0.1,5.9,0.73
RSP-00471,20,20250701,4,10,0.1,6.5,0.33
RSP-00472,1,20250801,4,11,7.4,6.2,3.01
RSP-00473,1,20250801,4,3,4.7,5.5,3.27
RSP-00474,1,20250801,4,3,12.5,5.7,2.36
RSP-00475,2,20250801,4,12,3.5,6.5,3.99
RSP-00476,2,20250801,4,15,1.8,7.8,2.83
RSP-00477,2,20250801,4,11,2.4,5.3,3.5
RSP-00478,3,20250801,4,5,4.5,5.7,4.93
RSP-00479,3,20250801,4,5,5.0,7.1,5.93
RSP-00480,3,20250801,4,7,2.1,5.5,4.1
RSP-00481,3,20250801,4,11,6.7,8.2,4.05
RSP-00482,3,20250801,4,7,2.2,5.5,5.67
RSP-00483,3,20250801,4,11,5.1,6.4,5.67
RSP-00484,4,20250801,4,8,1.2,6.2,4.91
RSP-00485,4,20250801,4,12,0.8,4.6,4.12
RSP-00486,4,20250801,4,9,1.1,7.6,5.17
RSP-00487,4,20250801,4,2,1.4,7.0,4.95
RSP-00488,4,20250801,4,12,2.0,5.9,5.11
RSP-00489,4,20250801,4,14,1.7,3.4,4.88
RSP-00490,4,20250801,4,6,1.9,4.8,4.94
RSP-00491,4,20250801,4,11,2.3,5.9,4.77
RSP-00492,4,20250801,4,15,2.2,4.2,3.49
RSP-00493,4,20250801,4,8,2.2,3.9,3.37
RSP-00494,5,20250801,4,1,0.6,7.0,0.78
RSP-00495,6,20250801,4,8,0.2,6.8,0.81
RSP-00496,7,20250801,4,9,0.2,5.4,2.54
RSP-00497,7,20250801,4,4,0.7,4.2,3.42
RSP-00498,7,20250801,4,4,0.4,7.0,3.5
RSP-00499,7,20250801,4,8,0.6,8.9,3.47
RSP-00500,7,20250801,4,13,0.5,5.8,4.11
RSP-00501,8,20250801,4,8,0.2,3.2,1.21
RSP-00502,9,20250801,4,2,0.5,5.5,4.2
RSP-00503,9,20250801,4,3,0.5,8.2,3.57
RSP-00504,9,20250801,4,13,0.4,6.7,4.24
RSP-00505,10,20250801,4,15,0.1,5.8,0.9
RSP-00506,11,20250801,4,13,0.4,6.2,4.75
RSP-00507,11,20250801,4,14,0.5,5.6,5.13
RSP-00508,11,20250801,4,14,0.6,5.4,5.17
RSP-00509,11,20250801,4,1,0.1,7.0,4.64
RSP-00510,11,20250801,4,8,0.2,4.1,5.17
RSP-00511,11,20250801,4,7,0.3,6.9,4.58
RSP-00512,11,20250801,4,12,0.3,6.2,4.54
RSP-00513,11,20250801,4,2,0.6,5.0,4.98
RSP-00514,11,20250801,4,3,0.3,7.0,4.76
RSP-00515,11,20250801,4,4,0.2,6.7,4.22
RSP-00516,12,20250801,4,9,0.3,6.0,2.53
RSP-00517,12,20250801,4,7,0.1,6.4,2.88
RSP-00518,12,20250801,4,12,0.4,4.5,2.58
RSP-00519,12,20250801,4,10,0.2,6.8,2.46
RSP-00520,13,20250801,4,9,0.5,5.1,4.62
RSP-00521,13,20250801,4,13,0.5,5.0,4.36
RSP-00522,13,20250801,4,2,0.6,5.7,5.02
RSP-00523,13,20250801,4,15,0.8,4.7,4.9
RSP-00524,13,20250801,4,6,1.1,8.3,4.96
RSP-00525,14,20250801,4,2,0.8,6.8,5.79
RSP-00526,14,20250801,4,3,0.7,4.7,4.36
RSP-00527,14,20250801,4,10,0.3,5.6,3.87
RSP-00528,14,20250801,4,13,0.6,5.5,4.9
RSP-00529,14,20250801,4,12,0.4,5.1,5.43
RSP-00530,14,20250801,4,13,0.8,4.6,5.43
RSP-00531,14,20250801,4,13,0.7,7.0,3.91
RSP-00532,15,20250801,4,3,0.1,5.5,1.99
RSP-00533,15,20250801,4,6,0.1,3.6,1.31
RSP-00534,16,20250801,4,7,0.1,8.7,5.97
RSP-00535,16,20250801,4,9,0.1,8.3,4.32
RSP-00536,16,20250801,4,11,0.2,4.8,5.77
RSP-00537,16,20250801,4,4,0.1,8.6,6.75
RSP-00538,16,20250801,4,3,0.1,6.0,5.71
RSP-00539,16,20250801,4,13,0.1,4.7,6.38
RSP-00540,16,20250801,4,1,0.1,7.8,5.66
RSP-00541,17,20250801,4,7,0.1,6.8,2.54
RSP-00542,18,20250801,4,6,0.1,6.3,2.65
RSP-00543,18,20250801,4,2,0.1,4.6,2.08
RSP-00544,18,20250801,4,9,0.1,5.8,2.57
RSP-00545,19,20250801,4,13,0.1,4.7,0.71
RSP-00546,20,20250801,4,3,0.1,6.2,0.33
RSP-00547,1,20250901,4,15,14.2,6.5,2.29
RSP-00548,1,20250901,4,11,15.4,7.3,3.19
RSP-00549,1,20250901,4,6,14.0,5.0,2.27
RSP-00550,2,20250901,4,3,3.6,6.5,3.46
RSP-00551,2,20250901,4,6,3.6,3.7,4.51
RSP-00552,2,20250901,4,5,5.4,5.2,2.96
RSP-00553,2,20250901,4,10,5.0,6.6,4.07
RSP-00554,2,20250901,4,5,3.6,7.4,3.19
RSP-00555,3,20250901,4,13,3.8,6.6,4.44
RSP-00556,3,20250901,4,7,6.8,5.4,6.55
RSP-00557,3,20250901,4,1,7.3,5.9,4.67
RSP-00558,3,20250901,4,6,6.0,6.8,6.43
RSP-00559,3,20250901,4,1,6.0,8.3,4.87
RSP-00560,4,20250901,4,1,0.6,3.6,3.59
RSP-00561,4,20250901,4,7,0.8,6.0,3.4
RSP-00562,4,20250901,4,5,1.8,3.8,4.19
RSP-00563,5,20250901,4,7,0.2,6.7,0.98
RSP-00564,6,20250901,4,9,0.3,4.6,1.23
RSP-00565,7,20250901,4,7,0.3,6.8,3.31
RSP-00566,7,20250901,4,10,0.5,5.4,3.3
RSP-00567,8,20250901,4,4,0.2,6.1,1.15
RSP-00568,9,20250901,4,15,0.3,6.0,4.12
RSP-00569,10,20250901,4,12,0.1,8.3,0.77
RSP-00570,11,20250901,4,2,0.6,4.9,5.41
RSP-00571,11,20250901,4,12,0.6,7.1,4.66
RSP-00572,11,20250901,4,15,0.2,3.3,4.59
RSP-00573,11,20250901,4,2,0.3,7.9,3.54
RSP-00574,11,20250901,4,15,0.3,4.6,5.45
RSP-00575,11,20250901,4,12,0.7,7.9,4.02
RSP-00576,11,20250901,4,6,0.3,4.4,3.41
RSP-00577,11,20250901,4,3,0.2,7.4,4.52
RSP-00578,11,20250901,4,5,0.4,7.1,5.1
RSP-00579,12,20250901,4,15,0.2,4.8,2.47
RSP-00580,12,20250901,4,13,0.2,7.3,2.55
RSP-00581,12,20250901,4,2,0.1,8.0,2.16
RSP-00582,12,20250901,4,15,0.1,6.3,2.33
RSP-00583,13,20250901,4,7,0.4,6.2,4.22
RSP-00584,13,20250901,4,15,1.0,5.6,4.81
RSP-00585,14,20250901,4,12,0.6,3.9,5.13
RSP-00586,14,20250901,4,6,0.8,3.1,4.25
RSP-00587,14,20250901,4,9,0.8,3.9,5.36
RSP-00588,14,20250901,4,11,0.5,6.8,4.54
RSP-00589,14,20250901,4,7,0.3,7.7,4.71
RSP-00590,14,20250901,4,9,0.5,4.7,5.34
RSP-00591,15,20250901,4,10,0.1,5.0,1.98
RSP-00592,15,20250901,4,10,0.1,6.2,1.97
RSP-00593,16,20250901,4,4,0.1,5.5,4.32
RSP-00594,16,20250901,4,11,0.2,8.3,5.3
RSP-00595,17,20250901,4,15,0.1,6.7,1.64
RSP-00596,17,20250901,4,6,0.1,5.0,2.55
RSP-00597,17,20250901,4,5,0.1,8.2,1.75
RSP-00598,17,20250901,4,15,0.1,7.9,2.44
RSP-00599,17,20250901,4,6,0.1,7.6,2.26
RSP-00600,17,20250901,4,10,0.1,6.4,2.45
RSP-00601,17,20250901,4,11,0.1,6.3,1.98
RSP-00602,18,20250901,4,13,0.1,8.0,2.5
RSP-00603,18,20250901,4,2,0.1,6.4,2.68
RSP-00604,19,20250901,4,6,0.1,5.9,0.52
RSP-00605,20,20250901,4,11,0.1,5.4,0.34
RSP-00606,1,20251001,5,6,4.5,3.5,1.57
RSP-00607,1,20251001,5,3,8.8,6.8,1.52
RSP-00608,2,20251001,5,11,2.2,9.2,2.28
RSP-00609,2,20251001,5,9,1.1,9.7,1.45
RSP-00610,2,20251001,5,11,1.2,4.3,1.99
RSP-00611,3,20251001,5,14,2.1,5.1,2.25
RSP-00612,3,20251001,5,11,3.9,7.8,3.24
RSP-00613,3,20251001,5,1,2.9,7.2,2.39
RSP-00614,4,20251001,5,8,0.8,5.4,2.48
RSP-00615,4,20251001,5,6,1.6,6.8,2.65
RSP-00616,4,20251001,5,4,1.4,6.0,1.99
RSP-00617,4,20251001,5,8,1.3,5.6,2.48
RSP-00618,5,20251001,5,2,0.3,7.0,0.45
RSP-00619,6,20251001,5,8,0.3,7.4,0.64
RSP-00620,6,20251001,5,4,0.3,5.8,0.47
RSP-00621,7,20251001,5,2,0.2,7.0,1.74
RSP-00622,8,20251001,5,7,0.1,8.0,0.76
RSP-00623,9,20251001,5,4,0.2,5.5,1.79
RSP-00624,10,20251001,5,2,0.1,7.7,0.37
RSP-00625,11,20251001,5,10,0.4,4.0,2.61
RSP-00626,11,20251001,5,2,0.3,5.8,2.6
RSP-00627,11,20251001,5,11,0.1,7.6,2.07
RSP-00628,11,20251001,5,5,0.2,7.3,1.95
RSP-00629,12,20251001,5,4,0.2,8.7,1.06
RSP-00630,12,20251001,5,4,0.2,6.0,1.03
RSP-00631,13,20251001,5,14,0.8,4.3,2.27
RSP-00632,13,20251001,5,15,0.6,3.9,2.6
RSP-00633,13,20251001,5,14,0.3,5.9,1.76
RSP-00634,14,20251001,5,15,0.7,5.5,2.32
RSP-00635,14,20251001,5,13,0.3,2.9,2.02
RSP-00636,15,20251001,5,12,0.1,8.9,0.78
RSP-00637,15,20251001,5,6,0.1,5.4,0.71
RSP-00638,15,20251001,5,12,0.1,6.7,1.02
RSP-00639,16,20251001,5,3,0.1,6.4,2.82
RSP-00640,16,20251001,5,15,0.1,3.9,2.47
RSP-00641,16,20251001,5,2,0.1,6.6,3.03
RSP-00642,16,20251001,5,5,0.1,3.9,2.56
RSP-00643,16,20251001,5,3,0.1,6.3,3.29
RSP-00644,16,20251001,5,2,0.1,4.2,2.84
RSP-00645,16,20251001,5,9,0.1,5.9,2.34
RSP-00646,16,20251001,5,13,0.1,3.6,2.79
RSP-00647,16,20251001,5,9,0.1,7.8,2.9
RSP-00648,17,20251001,5,10,0.1,5.4,0.84
RSP-00649,17,20251001,5,5,0.1,6.4,0.95
RSP-00650,18,20251001,5,10,0.1,8.6,1.48
RSP-00651,19,20251001,5,4,0.1,6.9,0.25
RSP-00652,20,20251001,5,7,0.1,4.2,0.13
RSP-00653,1,20251101,5,2,9.0,5.1,1.46
RSP-00654,2,20251101,5,15,2.9,6.5,1.96
RSP-00655,2,20251101,5,13,2.7,3.2,1.78
RSP-00656,2,20251101,5,4,2.9,5.8,1.52
RSP-00657,3,20251101,5,10,4.5,5.8,2.42
RSP-00658,3,20251101,5,15,3.6,7.7,2.7
RSP-00659,3,20251101,5,5,1.5,6.4,2.28
RSP-00660,3,20251101,5,10,2.3,6.2,3.06
RSP-00661,4,20251101,5,7,0.7,5.2,1.7
RSP-00662,4,20251101,5,7,0.9,5.4,2.26
RSP-00663,4,20251101,5,9,1.1,3.1,1.97
RSP-00664,4,20251101,5,11,1.2,4.1,2.2
RSP-00665,5,20251101,5,14,0.2,6.3,0.55
RSP-00666,5,20251101,5,1,0.2,4.6,0.34
RSP-00667,6,20251101,5,2,0.3,3.7,0.51
RSP-00668,7,20251101,5,13,0.3,7.2,1.68
RSP-00669,7,20251101,5,8,0.2,6.2,1.7
RSP-00670,7,20251101,5,2,0.2,6.4,1.42
RSP-00671,7,20251101,5,5,0.4,5.4,1.32
RSP-00672,7,20251101,5,13,0.4,8.1,1.58
RSP-00673,8,20251101,5,2,0.1,6.4,0.6
RSP-00674,9,20251101,5,8,0.3,6.7,2.13
RSP-00675,9,20251101,5,11,0.2,3.8,1.8
RSP-00676,9,20251101,5,12,0.3,6.1,1.67
RSP-00677,10,20251101,5,15,0.1,6.1,0.31
RSP-00678,11,20251101,5,12,0.1,3.9,1.96
RSP-00679,11,20251101,5,10,0.2,5.7,2.79
RSP-00680,11,20251101,5,12,0.4,6.8,2.02
RSP-00681,11,20251101,5,12,0.5,3.7,2.2
RSP-00682,11,20251101,5,3,0.3,7.8,2.61
RSP-00683,12,20251101,5,13,0.2,6.4,1.15
RSP-00684,12,20251101,5,10,0.1,6.4,1.54
RSP-00685,13,20251101,5,9,0.4,7.3,2.78
RSP-00686,13,20251101,5,8,0.6,6.4,2.09
RSP-00687,13,20251101,5,12,0.8,6.9,2.11
RSP-00688,13,20251101,5,13,0.7,6.9,2.4
RSP-00689,13,20251101,5,12,0.7,7.0,1.93
RSP-00690,14,20251101,5,14,0.1,6.9,2.71
RSP-00691,14,20251101,5,11,0.6,4.8,2.72
RSP-00692,14,20251101,5,4,0.3,3.8,1.93
RSP-00693,14,20251101,5,9,0.6,5.7,2.86
RSP-00694,14,20251101,5,4,0.4,4.7,2.1
RSP-00695,15,20251101,5,1,0.1,2.8,0.63
RSP-00696,15,20251101,5,3,0.1,4.7,1.03
RSP-00697,16,20251101,5,3,0.1,6.0,2.6
RSP-00698,16,20251101,5,2,0.1,7.5,3.13
RSP-00699,17,20251101,5,2,0.1,5.1,0.99
RSP-00700,18,20251101,5,12,0.1,3.8,1.11
RSP-00701,18,20251101,5,1,0.1,6.0,1.08
RSP-00702,19,20251101,5,8,0.1,7.6,0.31
RSP-00703,20,20251101,5,1,0.1,3.3,0.16
RSP-00704,1,20251201,5,7,5.5,6.2,1.16
RSP-00705,1,20251201,5,12,8.9,7.0,1.12
RSP-00706,2,20251201,5,10,3.8,7.2,1.7
RSP-00707,3,20251201,5,1,3.3,8.1,3.06
RSP-00708,3,20251201,5,13,3.5,6.7,2.83
RSP-00709,3,20251201,5,10,2.9,5.7,3.11
RSP-00710,3,20251201,5,3,2.5,5.2,2.63
RSP-00711,3,20251201,5,5,3.4,5.8,2.19
RSP-00712,3,20251201,5,4,3.9,8.0,3.05
RSP-00713,3,20251201,5,12,2.1,6.5,3.04
RSP-00714,3,20251201,5,15,4.0,5.5,2.4
RSP-00715,4,20251201,5,12,1.9,6.9,2.53
RSP-00716,4,20251201,5,15,2.0,8.7,2.37
RSP-00717,4,20251201,5,9,1.8,4.7,1.9
RSP-00718,5,20251201,5,2,0.2,8.9,0.39
RSP-00719,6,20251201,5,10,0.3,2.5,0.42
RSP-00720,7,20251201,5,7,0.3,5.2,1.51
RSP-00721,7,20251201,5,2,0.2,3.8,1.35
RSP-00722,7,20251201,5,3,0.4,7.4,1.45
RSP-00723,8,20251201,5,5,0.1,4.6,0.64
RSP-00724,9,20251201,5,9,0.4,3.1,2.0
RSP-00725,9,20251201,5,5,0.3,5.1,1.56
RSP-00726,9,20251201,5,11,0.2,6.4,1.97
RSP-00727,9,20251201,5,12,0.1,6.6,2.19
RSP-00728,9,20251201,5,10,0.2,6.1,1.8
RSP-00729,9,20251201,5,15,0.3,4.9,2.01
RSP-00730,9,20251201,5,4,0.2,4.2,1.63
RSP-00731,10,20251201,5,1,0.1,5.9,0.37
RSP-00732,10,20251201,5,15,0.1,3.8,0.27
RSP-00733,11,20251201,5,13,0.2,5.6,2.0
RSP-00734,11,20251201,5,7,0.4,5.5,2.56
RSP-00735,11,20251201,5,8,0.2,5.3,2.49
RSP-00736,12,20251201,5,5,0.1,6.8,1.49
RSP-00737,13,20251201,5,8,0.8,5.5,2.87
RSP-00738,13,20251201,5,14,0.9,6.5,2.77
RSP-00739,14,20251201,5,1,0.6,7.0,2.25
RSP-00740,14,20251201,5,11,0.3,5.4,2.0
RSP-00741,14,20251201,5,13,0.4,6.8,2.15
RSP-00742,14,20251201,5,6,0.5,7.6,1.92
RSP-00743,15,20251201,5,15,0.1,5.6,0.99
RSP-00744,15,20251201,5,11,0.1,4.9,0.87
RSP-00745,15,20251201,5,14,0.1,2.5,0.94
RSP-00746,16,20251201,5,8,0.1,5.1,2.38
RSP-00747,16,20251201,5,11,0.1,8.4,3.07
RSP-00748,17,20251201,5,6,0.1,7.7,1.03
RSP-00749,17,20251201,5,15,0.1,9.1,0.84
RSP-00750,18,20251201,5,4,0.1,3.6,1.05
RSP-00751,18,20251201,5,5,0.1,4.8,1.21
RSP-00752,18,20251201,5,14,0.1,4.0,0.95
RSP-00753,18,20251201,5,6,0.1,4.0,1.45
RSP-00754,19,20251201,5,12,0.1,6.9,0.29
RSP-00755,20,20251201,5,13,0.1,9.1,0.14
RSP-00756,1,20260101,6,13,9.2,7.0,0.64
RSP-00757,1,20260101,6,7,4.0,6.2,0.5
RSP-00758,2,20260101,6,14,2.9,5.5,0.98
RSP-00759,2,20260101,6,2,2.8,4.1,0.97
RSP-00760,2,20260101,6,12,1.1,6.5,0.97
RSP-00761,2,20260101,6,12,1.5,8.1,0.76
RSP-00762,3,20260101,6,15,1.8,5.1,1.14
RSP-00763,3,20260101,6,11,1.5,3.1,1.54
RSP-00764,3,20260101,6,15,4.0,6.6,1.62
RSP-00765,4,20260101,6,6,0.7,6.8,1.1
RSP-00766,4,20260101,6,7,0.8,4.4,0.82
RSP-00767,5,20260101,6,15,0.1,4.5,0.25
RSP-00768,6,20260101,6,13,0.1,6.5,0.25
RSP-00769,7,20260101,6,14,0.1,8.6,0.66
RSP-00770,7,20260101,6,1,0.3,5.9,0.84
RSP-00771,7,20260101,6,15,0.3,6.3,0.74
RSP-00772,8,20260101,6,3,0.1,5.2,0.35
RSP-00773,9,20260101,6,10,0.2,7.1,0.96
RSP-00774,9,20260101,6,10,0.2,6.2,0.92
RSP-00775,9,20260101,6,1,0.2,6.0,0.94
RSP-00776,10,20260101,6,9,0.1,5.7,0.18
RSP-00777,11,20260101,6,10,0.1,4.0,0.86
RSP-00778,11,20260101,6,14,0.2,7.2,1.17
RSP-00779,12,20260101,6,1,0.2,6.2,0.74
RSP-00780,12,20260101,6,12,0.1,7.8,0.68
RSP-00781,12,20260101,6,3,0.2,4.8,0.65
RSP-00782,12,20260101,6,3,0.2,3.6,0.59
RSP-00783,13,20260101,6,12,0.7,4.5,1.03
RSP-00784,13,20260101,6,9,0.8,7.1,1.45
RSP-00785,13,20260101,6,3,0.6,7.6,1.08
RSP-00786,13,20260101,6,12,0.3,6.1,1.19
RSP-00787,13,20260101,6,9,0.4,4.5,1.25
RSP-00788,14,20260101,6,4,0.3,4.2,1.41
RSP-00789,14,20260101,6,3,0.2,2.7,1.43
RSP-00790,15,20260101,6,1,0.1,6.3,0.33
RSP-00791,16,20260101,6,7,0.1,5.4,1.25
RSP-00792,16,20260101,6,9,0.1,7.5,1.54
RSP-00793,17,20260101,6,6,0.1,7.5,0.47
RSP-00794,18,20260101,6,1,0.1,6.7,0.66
RSP-00795,19,20260101,6,9,0.1,4.4,0.12
RSP-00796,20,20260101,6,4,0.1,4.1,0.08
RSP-00797,1,20260201,6,12,8.8,4.6,0.52
RSP-00798,2,20260201,6,9,2.4,6.5,1.15
RSP-00799,2,20260201,6,13,0.9,3.1,1.15
RSP-00800,2,20260201,6,13,1.1,5.4,1.04
RSP-00801,3,20260201,6,2,3.5,3.0,1.37
RSP-00802,3,20260201,6,3,1.5,4.8,1.16
RSP-00803,4,20260201,6,14,1.5,9.5,1.05
RSP-00804,4,20260201,6,7,0.9,6.4,1.27
RSP-00805,5,20260201,6,2,0.3,4.5,0.17
RSP-00806,6,20260201,6,12,0.3,7.0,0.24
RSP-00807,6,20260201,6,12,0.2,6.1,0.28
RSP-00808,7,20260201,6,9,0.2,6.3,0.75
RSP-00809,8,20260201,6,8,0.1,5.7,0.41
RSP-00810,8,20260201,6,1,0.1,7.2,0.31
RSP-00811,9,20260201,6,7,0.2,6.0,1.06
RSP-00812,9,20260201,6,9,0.3,8.0,1.09
RSP-00813,10,20260201,6,9,0.1,8.4,0.14
RSP-00814,11,20260201,6,12,0.1,6.3,0.98
RSP-00815,11,20260201,6,15,0.3,9.0,1.32
RSP-00816,11,20260201,6,3,0.1,5.7,1.17
RSP-00817,12,20260201,6,8,0.2,9.5,0.56
RSP-00818,13,20260201,6,10,0.3,7.8,1.45
RSP-00819,13,20260201,6,5,0.3,3.8,1.4
RSP-00820,13,20260201,6,2,0.8,3.1,1.07
RSP-00821,13,20260201,6,9,0.9,8.3,0.98
RSP-00822,14,20260201,6,13,0.2,7.1,1.22
RSP-00823,14,20260201,6,7,0.1,7.4,1.32
RSP-00824,14,20260201,6,10,0.4,5.1,1.03
RSP-00825,14,20260201,6,13,0.4,4.3,1.13
RSP-00826,14,20260201,6,6,0.3,8.0,1.31
RSP-00827,15,20260201,6,12,0.1,6.4,0.5
RSP-00828,16,20260201,6,14,0.1,3.6,1.13
RSP-00829,16,20260201,6,5,0.1,5.6,1.37
RSP-00830,16,20260201,6,9,0.1,4.8,1.33
RSP-00831,17,20260201,6,10,0.1,6.0,0.62
RSP-00832,18,20260201,6,13,0.1,4.2,0.46
RSP-00833,18,20260201,6,12,0.1,6.9,0.71
RSP-00834,19,20260201,6,11,0.1,7.1,0.13
RSP-00835,20,20260201,6,5,0.1,5.8,0.09
RSP-00836,1,20260301,6,1,6.4,6.4,0.79
RSP-00837,2,20260301,6,7,1.5,3.0,0.89
RSP-00838,2,20260301,6,11,1.0,4.8,1.05
RSP-00839,2,20260301,6,1,2.1,6.0,1.03
RSP-00840,3,20260301,6,9,1.5,4.6,1.17
RSP-00841,3,20260301,6,10,2.4,6.0,1.16
RSP-00842,3,20260301,6,13,2.8,3.6,1.4
RSP-00843,3,20260301,6,14,4.8,6.7,1.04
RSP-00844,4,20260301,6,2,1.0,5.0,1.33
RSP-00845,4,20260301,6,8,1.1,6.1,0.82
RSP-00846,4,20260301,6,4,1.6,10.0,1.03
RSP-00847,5,20260301,6,15,0.1,6.9,0.28
RSP-00848,6,20260301,6,8,0.3,4.1,0.32
RSP-00849,7,20260301,6,2,0.2,6.6,0.65
RSP-00850,8,20260301,6,15,0.1,7.8,0.27
RSP-00851,9,20260301,6,14,0.1,6.2,0.9
RSP-00852,10,20260301,6,3,0.1,5.9,0.19
RSP-00853,11,20260301,6,1,0.2,5.3,0.88
RSP-00854,11,20260301,6,10,0.2,7.8,0.94
RSP-00855,11,20260301,6,13,0.2,4.3,1.05
RSP-00856,12,20260301,6,6,0.2,5.0,0.66
RSP-00857,12,20260301,6,10,0.1,7.3,0.6
RSP-00858,13,20260301,6,5,0.5,6.3,1.36
RSP-00859,13,20260301,6,8,0.8,7.2,1.3
RSP-00860,13,20260301,6,11,0.4,7.5,1.42
RSP-00861,13,20260301,6,8,0.2,5.0,1.08
RSP-00862,14,20260301,6,14,0.4,6.5,1.32
RSP-00863,14,20260301,6,6,0.2,7.7,1.27
RSP-00864,14,20260301,6,10,0.2,4.9,0.91
RSP-00865,14,20260301,6,12,0.4,7.9,0.95
RSP-00866,14,20260301,6,3,0.5,6.8,1.25
RSP-00867,14,20260301,6,10,0.4,6.5,1.2
RSP-00868,14,20260301,6,12,0.5,6.4,1.48
RSP-00869,14,20260301,6,12,0.6,4.7,1.13
RSP-00870,14,20260301,6,8,0.2,7.8,1.45
RSP-00871,15,20260301,6,13,0.1,5.8,0.38
RSP-00872,16,20260301,6,8,0.1,4.6,1.13
RSP-00873,16,20260301,6,5,0.1,5.9,1.59
RSP-00874,16,20260301,6,15,0.1,6.0,1.53
RSP-00875,16,20260301,6,11,0.1,4.8,1.45
RSP-00876,16,20260301,6,11,0.1,8.3,1.39
RSP-00877,16,20260301,6,9,0.1,7.8,1.56
RSP-00878,16,20260301,6,11,0.1,6.1,1.56
RSP-00879,16,20260301,6,9,0.1,3.1,1.14
RSP-00880,17,20260301,6,7,0.1,8.0,0.5
RSP-00881,17,20260301,6,3,0.1,4.9,0.4
RSP-00882,18,20260301,6,8,0.1,5.0,0.49
RSP-00883,18,20260301,6,8,0.1,8.0,0.47
RSP-00884,19,20260301,6,9,0.1,6.7,0.11
RSP-00885,20,20260301,6,15,0.1,7.6,0.09
