event_id,date_key,conflict_phase_key,incident_type_key,vessel_type_key,flag_state_key,estimated_delay_hours,cargo_volume_impacted_kt,lat,lon,reroute_required
EVT-00001,20241005,1,1,2,1,11.9,44.0,26.6907,56.2587,False
EVT-00002,20241005,1,2,5,2,19.4,56.0,31.2592,31.9837,False
EVT-00003,20241006,1,3,2,3,0.4,154.0,26.7593,55.3378,True
EVT-00004,20241006,1,4,4,4,24.7,99.0,18.719,103.0955,False
EVT-00005,20241007,1,5,6,5,269.6,515.0,9.8326,60.9242,True
EVT-00006,20241008,1,6,7,6,19.1,262.0,30.4453,32.8425,True
EVT-00007,20241009,1,7,7,7,0.3,434.0,12.4199,42.6067,True
EVT-00008,20241009,1,8,6,8,3.8,415.0,30.4795,39.6054,False
EVT-00009,20241010,1,6,6,5,7.3,47.0,30.8843,31.4345,False
EVT-00010,20241011,1,9,7,4,127.2,1319.0,19.6635,46.0073,True
EVT-00011,20241012,1,1,1,2,502.0,465.0,30.472,32.4016,True
EVT-00012,20241012,1,10,2,2,5.8,6.0,25.5677,56.079,False
EVT-00013,20241012,1,11,2,3,125.6,1674.0,25.6634,55.6646,True
EVT-00014,20241012,1,1,7,5,34.7,2289.0,2.0332,101.9196,True
EVT-00015,20241012,1,1,5,4,137.8,475.0,12.4093,42.403,True
EVT-00016,20241013,1,3,1,7,1.4,109.0,13.7802,42.4055,True
EVT-00017,20241014,1,5,5,9,174.6,800.0,4.8896,39.3763,True
EVT-00018,20241014,1,8,5,5,2.4,108.0,7.9087,105.8541,False
EVT-00019,20241016,1,12,1,6,56.1,934.0,12.5138,44.1725,False
EVT-00020,20241018,1,7,7,3,5.2,92.0,19.0035,101.2943,False
EVT-00021,20241018,1,7,5,8,45.8,66.0,26.4226,56.1805,False
EVT-00022,20241019,1,13,6,10,5.0,169.0,20.743,90.2875,False
EVT-00023,20241020,1,2,2,2,1.4,4.0,25.9065,56.8005,False
EVT-00024,20241021,1,5,7,9,57.5,1178.0,27.2322,57.1555,True
EVT-00025,20241021,1,5,5,10,73.6,402.0,12.5668,43.0228,False
EVT-00026,20241023,1,2,7,8,1.2,59.0,12.7084,43.2604,False
EVT-00027,20241026,1,5,7,5,2.0,4.0,27.1483,56.2545,False
EVT-00028,20241026,1,13,6,7,11.7,22.0,10.7958,106.9909,False
EVT-00029,20241026,1,11,8,9,4.9,9.0,13.109,44.1496,False
EVT-00030,20241026,1,8,8,6,21.0,43.0,23.0032,54.3301,False
EVT-00031,20241027,1,8,3,10,4.0,168.0,32.8228,68.7854,False
EVT-00032,20241028,1,8,4,8,57.4,234.0,27.2052,56.9799,False
EVT-00033,20241028,1,14,1,5,16.4,112.0,27.2635,55.5535,False
EVT-00034,20241029,1,12,4,3,22.9,1465.0,25.5594,56.0212,True
EVT-00035,20241031,1,14,4,5,7.1,866.0,3.4245,101.8944,True
EVT-00036,20241101,1,12,3,4,1.0,43.0,19.4983,88.3269,False
EVT-00037,20241101,1,9,7,10,17.9,605.0,12.7584,44.0713,True
EVT-00038,20241102,1,8,6,6,8.0,13.0,12.7677,42.4533,False
EVT-00039,20241103,1,6,7,8,0.6,274.0,12.7256,43.1509,False
EVT-00040,20241103,1,15,5,9,12.6,452.0,26.7154,56.9621,True
EVT-00041,20241105,1,11,3,7,5.0,129.0,12.9064,42.6645,True
EVT-00042,20241105,1,1,4,8,10.8,21.0,12.1139,44.0698,False
EVT-00043,20241106,1,7,4,2,32.2,1273.0,12.5357,42.535,True
EVT-00044,20241106,1,1,3,8,11.3,187.0,11.8327,43.6215,False
EVT-00045,20241106,1,6,1,9,17.3,243.0,27.2381,55.5183,False
EVT-00046,20241106,1,1,8,6,50.2,92.0,26.8741,56.7563,False
EVT-00047,20241107,1,14,7,6,436.4,370.0,26.1985,56.0092,True
EVT-00048,20241107,1,15,7,4,17.0,35.0,26.7061,55.3221,False
EVT-00049,20241107,1,3,2,8,3.4,15.0,25.5008,56.9185,False
EVT-00050,20241107,1,4,8,3,826.0,116.0,30.5629,32.8889,True
EVT-00051,20241107,1,2,1,4,84.3,583.0,31.4727,31.9601,True
EVT-00052,20241108,1,8,6,8,7.7,12.0,13.606,43.494,False
EVT-00053,20241111,1,15,7,4,56.5,434.0,21.7298,47.7022,True
EVT-00054,20241111,1,10,6,7,45.5,1098.0,12.6932,44.1387,True
EVT-00055,20241111,1,7,2,6,55.4,24.0,13.2553,43.6975,False
EVT-00056,20241112,1,1,8,1,37.2,315.0,13.1397,43.9669,True
EVT-00057,20241114,1,6,3,2,2.8,650.0,31.3561,32.372,True
EVT-00058,20241115,1,1,8,2,3.0,56.0,27.3853,56.8267,False
EVT-00059,20241116,1,2,3,9,5.9,21.0,29.7654,32.6248,False
EVT-00060,20241116,1,12,4,10,0.9,204.0,12.8355,43.4621,True
EVT-00061,20241117,1,7,6,6,1.2,106.0,27.3703,57.2596,False
EVT-00062,20241118,1,1,5,4,3.6,78.0,26.0843,56.2202,False
EVT-00063,20241118,1,2,2,10,105.3,159.0,13.6246,42.3033,True
EVT-00064,20241118,1,11,7,9,52.6,1483.0,30.2732,32.6942,True
EVT-00065,20241121,1,4,1,7,218.7,795.0,31.4779,33.1726,True
EVT-00066,20241121,1,10,4,5,2.2,45.0,30.0675,32.2832,False
EVT-00067,20241121,1,9,8,1,21.6,166.0,7.3015,90.023,True
EVT-00068,20241121,1,11,4,9,1.6,6.0,30.1768,33.0083,False
EVT-00069,20241122,1,8,7,1,15.1,308.0,29.5596,32.57,True
EVT-00070,20241122,1,10,8,5,7.6,37.0,12.5214,42.3819,False
EVT-00071,20241123,1,6,7,9,43.9,71.0,-34.8761,18.5155,False
EVT-00072,20241123,1,6,1,5,48.4,1357.0,13.2904,42.8241,True
EVT-00073,20241123,1,2,7,2,158.2,50.0,26.6429,56.0681,True
EVT-00074,20241123,1,1,3,5,10.6,126.0,26.792,56.1148,True
EVT-00075,20241123,1,1,7,6,39.0,36.0,27.4812,56.9609,True
EVT-00076,20241123,1,14,7,6,9.8,469.0,30.1196,32.0675,True
EVT-00077,20241123,1,9,4,7,4.0,355.0,12.5293,43.3341,False
EVT-00078,20241124,1,4,3,5,73.1,134.0,31.1613,31.4583,True
EVT-00079,20241124,1,14,3,7,18.3,84.0,26.2645,56.4641,False
EVT-00080,20241125,1,12,1,9,57.9,151.0,13.1696,43.8695,True
EVT-00081,20241125,1,1,3,2,5.5,48.0,26.7861,57.2612,False
EVT-00082,20241126,1,8,2,8,248.3,214.0,26.8583,56.2581,True
EVT-00083,20241127,1,12,2,9,29.8,478.0,13.1324,43.8746,False
EVT-00084,20241128,1,13,8,3,10.7,115.0,13.083,43.4696,False
EVT-00085,20241128,1,6,5,6,5.7,43.0,11.9507,43.0807,False
EVT-00086,20241130,1,9,8,9,10.9,59.0,30.0173,32.1453,False
EVT-00087,20241202,1,9,8,10,5.1,599.0,-33.5845,18.1823,True
EVT-00088,20241205,1,11,8,9,0.7,458.0,27.2906,55.6126,False
EVT-00089,20241206,1,14,5,2,51.7,465.0,21.4198,94.8561,False
EVT-00090,20241208,1,11,2,9,5.9,14.0,25.9024,57.2896,False
EVT-00091,20241209,1,1,7,1,8.4,69.0,27.2818,81.1223,False
EVT-00092,20241210,1,3,7,2,139.1,599.0,26.3401,56.8114,True
EVT-00093,20241210,1,10,8,4,11.4,17.0,13.3015,43.0486,False
EVT-00094,20241211,1,15,4,4,36.9,142.0,2.6135,102.6708,True
EVT-00095,20241211,1,15,6,10,2.8,213.0,12.0824,43.766,True
EVT-00096,20241211,1,4,6,3,0.8,11.0,29.6651,32.927,False
EVT-00097,20241211,1,5,4,8,2.8,3.0,12.7104,42.3385,False
EVT-00098,20241211,1,5,4,3,31.5,221.0,17.3497,78.0855,False
EVT-00099,20241213,1,1,4,5,9.7,14.0,29.8597,32.8054,False
EVT-00100,20241213,1,13,5,1,7.2,60.0,19.3095,73.4391,False
EVT-00101,20241213,1,2,6,5,6.7,111.0,26.1328,56.5302,False
EVT-00102,20241216,1,3,6,7,3.7,31.0,29.6234,31.5325,True
EVT-00103,20241217,1,15,5,9,81.2,2645.0,-34.9289,18.4177,True
EVT-00104,20241218,1,8,7,3,52.2,413.0,13.4666,42.3837,False
EVT-00105,20241219,1,8,3,7,5.5,72.0,27.9666,95.4573,False
EVT-00106,20241219,1,8,4,9,62.9,380.0,13.3926,43.3919,True
EVT-00107,20241220,1,9,7,1,38.2,384.0,13.6164,42.9519,True
EVT-00108,20241220,1,11,2,5,61.7,181.0,31.2727,31.3076,True
EVT-00109,20241221,1,3,5,2,32.8,45.0,3.3478,102.1093,True
EVT-00110,20241221,1,1,8,3,8.6,203.0,26.5255,56.7862,False
EVT-00111,20241221,1,1,3,6,4.3,15.0,13.7654,43.9546,False
EVT-00112,20241222,1,11,6,8,36.5,65.0,15.8566,69.1859,False
EVT-00113,20241222,1,13,4,4,10.8,78.0,9.7208,101.0644,False
EVT-00114,20241224,1,5,7,3,45.4,326.0,11.978,42.5425,True
EVT-00115,20241224,1,4,6,5,65.9,227.0,3.4934,101.6184,True
EVT-00116,20241227,1,14,3,10,47.5,13.0,30.0122,32.1075,True
EVT-00117,20241227,1,10,1,6,5.3,635.0,9.3939,101.6332,True
EVT-00118,20241228,1,14,3,6,25.4,1832.0,-34.0883,19.282,True
EVT-00119,20241229,1,14,5,10,12.0,291.0,4.7886,108.0822,True
EVT-00120,20241230,1,14,3,4,3.0,70.0,27.1481,57.1064,False
EVT-00121,20241230,1,10,7,1,12.7,32.0,12.5711,43.5192,False
EVT-00122,20241231,1,12,6,10,1.6,11.0,31.9762,81.7997,False
EVT-00123,20241231,1,8,1,7,34.3,503.0,26.5762,56.505,True
EVT-00124,20250101,2,11,7,9,76.9,872.0,30.6182,31.8948,True
EVT-00125,20250103,2,13,2,4,20.2,23.0,-33.9603,19.0198,False
EVT-00126,20250104,2,13,4,3,18.7,218.0,26.6563,55.4417,True
EVT-00127,20250104,2,11,6,4,2.5,93.0,25.8536,57.1012,False
EVT-00128,20250104,2,3,5,5,3.7,1.0,12.9103,43.0276,False
EVT-00129,20250105,2,7,4,8,26.8,429.0,26.3287,56.6791,True
EVT-00130,20250105,2,12,3,8,11.3,65.0,-33.5062,18.4047,True
EVT-00131,20250105,2,9,1,5,5.8,104.0,30.4413,32.1164,False
EVT-00132,20250106,2,5,7,6,153.4,127.0,31.1305,32.9659,True
EVT-00133,20250107,2,8,5,6,48.5,154.0,-33.664,17.8358,False
EVT-00134,20250107,2,5,3,5,5.2,5.0,12.2631,43.1056,False
EVT-00135,20250107,2,12,1,5,12.9,29.0,11.9689,43.5855,False
EVT-00136,20250107,2,8,5,9,133.0,280.0,12.4916,42.3234,True
EVT-00137,20250108,2,11,2,6,32.1,2972.0,13.7963,42.4753,True
EVT-00138,20250109,2,10,2,5,6.0,91.0,12.5423,44.0708,False
EVT-00139,20250109,2,12,5,2,2.6,65.0,29.9019,31.6734,False
EVT-00140,20250109,2,14,1,8,25.2,51.0,25.6027,55.7211,True
EVT-00141,20250110,2,11,7,7,0.1,69.0,12.4535,42.6716,False
EVT-00142,20250111,2,2,2,9,18.1,58.0,-35.1201,18.3194,False
EVT-00143,20250111,2,4,5,1,7.7,239.0,12.2261,42.8222,False
EVT-00144,20250112,2,9,1,3,16.6,225.0,13.2425,43.9037,True
EVT-00145,20250112,2,13,2,2,4.4,26.0,26.7755,55.57,False
EVT-00146,20250112,2,8,4,4,22.2,16.0,13.1203,43.4897,False
EVT-00147,20250112,2,3,4,5,38.5,579.0,13.3138,43.8457,True
EVT-00148,20250113,2,11,1,9,69.5,648.0,13.6984,42.8204,True
EVT-00149,20250113,2,1,2,2,9.3,27.0,29.6542,32.4033,False
EVT-00150,20250115,2,14,5,4,0.3,46.0,26.4291,56.5614,False
EVT-00151,20250115,2,9,6,7,9.7,1346.0,26.6605,43.4899,True
EVT-00152,20250115,2,5,3,5,4.3,14.0,26.3594,55.837,False
EVT-00153,20250115,2,15,1,1,22.8,14.0,12.8365,43.3572,False
EVT-00154,20250116,2,6,5,5,17.1,5024.0,30.6986,33.2399,True
EVT-00155,20250117,2,15,5,5,0.5,44.0,30.1796,32.1928,False
EVT-00156,20250118,2,11,4,3,108.4,2.0,26.945,56.7661,True
EVT-00157,20250120,2,12,2,6,2.7,35.0,27.2612,57.1964,False
EVT-00158,20250120,2,8,7,8,35.7,2.0,12.1729,42.3239,False
EVT-00159,20250120,2,12,4,3,4.8,14.0,-33.9291,17.6004,False
EVT-00160,20250121,2,9,5,8,10.3,4.0,12.2815,43.8985,False
EVT-00161,20250121,2,6,5,2,46.7,349.0,26.5081,55.3969,True
EVT-00162,20250121,2,1,8,4,5.0,493.0,26.6855,55.6769,False
EVT-00163,20250122,2,6,1,9,4.6,22.0,31.4403,31.9792,True
EVT-00164,20250123,2,2,4,3,3.8,151.0,-34.0068,17.7156,True
EVT-00165,20250124,2,5,8,10,2.1,35.0,29.0913,62.1694,False
EVT-00166,20250125,2,9,2,3,13.6,113.0,26.1458,56.4479,False
EVT-00167,20250125,2,4,2,2,16.2,156.0,2.4708,102.5249,True
EVT-00168,20250126,2,15,4,6,0.5,33.0,13.5179,43.0779,False
EVT-00169,20250128,2,14,7,5,2.5,1276.0,31.1568,31.3155,True
EVT-00170,20250129,2,15,3,3,5.6,23.0,27.1128,57.1105,False
EVT-00171,20250130,2,14,5,8,42.6,48.0,27.3281,55.5305,True
EVT-00172,20250130,2,14,6,6,30.8,64.0,27.2842,56.44,True
EVT-00173,20250131,2,9,1,3,548.8,793.0,30.7468,32.4383,True
EVT-00174,20250131,2,11,8,3,5.8,72.0,30.9215,32.0164,False
EVT-00175,20250201,2,8,5,6,145.5,3498.0,20.4794,119.8197,True
EVT-00176,20250201,2,9,5,6,34.9,107.0,12.8396,43.6958,True
EVT-00177,20250201,2,6,1,1,127.6,61.0,26.196,116.1505,True
EVT-00178,20250201,2,7,6,1,60.0,166.0,26.7759,55.9268,True
EVT-00179,20250202,2,14,2,1,54.7,98.0,19.8592,49.379,True
EVT-00180,20250203,2,12,6,1,16.1,357.0,12.5485,43.218,False
EVT-00181,20250203,2,9,7,9,2.8,209.0,12.7667,42.8897,False
EVT-00182,20250204,2,3,1,2,1.9,27.0,13.4971,44.0677,False
EVT-00183,20250205,2,12,3,3,41.3,353.0,13.0261,43.4871,True
EVT-00184,20250206,2,12,1,2,53.2,163.0,22.4653,53.8719,False
EVT-00185,20250206,2,4,7,4,13.4,277.0,26.0095,56.1672,False
EVT-00186,20250206,2,15,7,2,94.7,813.0,2.1002,101.0536,True
EVT-00187,20250207,2,4,6,5,324.5,1951.0,13.4951,43.8764,True
EVT-00188,20250207,2,9,6,2,17.5,117.0,25.8583,57.0319,False
EVT-00189,20250207,2,13,6,9,81.5,1010.0,11.9205,44.1837,True
EVT-00190,20250207,2,10,2,1,9.2,114.0,9.57,53.8917,True
EVT-00191,20250207,2,9,5,10,1.3,79.0,26.949,56.095,False
EVT-00192,20250208,2,6,2,8,4.4,2.0,26.5145,55.9597,False
EVT-00193,20250208,2,12,2,4,10.5,339.0,26.2956,56.7137,False
EVT-00194,20250208,2,15,2,9,5.6,7.0,12.0659,43.8116,False
EVT-00195,20250208,2,12,2,1,18.0,45.0,12.2106,44.1931,False
EVT-00196,20250208,2,2,3,8,31.4,306.0,29.7763,32.5968,True
EVT-00197,20250208,2,11,2,5,12.8,861.0,26.1506,55.5851,False
EVT-00198,20250209,2,6,1,3,263.1,1123.0,12.9039,42.8864,True
EVT-00199,20250211,2,8,5,7,35.8,602.0,13.0677,43.3534,True
EVT-00200,20250211,2,6,1,4,38.4,44.0,12.7216,43.6814,True
EVT-00201,20250212,2,1,4,4,1.2,37.0,29.5188,32.5615,True
EVT-00202,20250212,2,14,7,6,11.0,115.0,33.3686,50.333,False
EVT-00203,20250213,2,13,8,8,8.8,89.0,12.8798,43.4988,False
EVT-00204,20250213,2,2,7,9,49.7,19.0,31.2497,33.106,False
EVT-00205,20250213,2,13,3,5,56.1,9.0,29.7573,31.7381,False
EVT-00206,20250214,2,1,5,6,101.9,48.0,26.6519,56.6438,False
EVT-00207,20250214,2,7,5,10,1.0,17.0,17.7329,105.9697,False
EVT-00208,20250214,2,3,2,2,47.9,4628.0,12.6194,43.3453,True
EVT-00209,20250216,2,2,8,9,82.4,137.0,26.2998,56.8686,True
EVT-00210,20250217,2,6,8,4,72.1,1855.0,-33.9287,18.8752,True
EVT-00211,20250217,2,2,6,8,3.8,132.0,30.9855,32.6254,False
EVT-00212,20250219,2,5,5,2,990.0,6524.0,31.0568,116.9946,True
EVT-00213,20250219,2,10,8,4,19.1,105.0,12.6967,43.9593,False
EVT-00214,20250222,2,10,8,4,2.2,222.0,-34.9845,19.141,True
EVT-00215,20250222,2,11,7,5,2.9,165.0,12.4606,43.8204,False
EVT-00216,20250223,2,4,6,6,8.8,46.0,-34.1947,17.8519,False
EVT-00217,20250224,2,3,1,1,30.6,157.0,23.8005,95.0148,True
EVT-00218,20250224,2,14,1,9,1.2,41.0,27.4373,57.2991,False
EVT-00219,20250225,2,6,1,6,1.1,342.0,23.1817,46.1442,True
EVT-00220,20250226,2,7,2,8,2.1,44.0,29.2972,105.5274,False
EVT-00221,20250226,2,7,6,7,12.3,441.0,27.4391,57.2108,True
EVT-00222,20250226,2,10,7,4,1.8,91.0,26.6476,112.0617,False
EVT-00223,20250226,2,8,4,7,104.5,587.0,31.2339,31.7073,True
EVT-00224,20250227,2,12,3,2,17.2,30.0,13.5584,42.3022,False
EVT-00225,20250227,2,2,6,3,1.7,270.0,27.1088,55.55,False
EVT-00226,20250228,2,3,2,10,5.8,713.0,29.9716,31.3042,True
EVT-00227,20250301,2,7,5,5,0.8,82.0,13.5566,43.3741,False
EVT-00228,20250303,2,5,7,7,1.8,5.0,26.7375,55.7596,False
EVT-00229,20250304,2,4,6,8,20.0,270.0,26.9006,56.8869,False
EVT-00230,20250304,2,6,7,5,43.2,32.0,25.501,56.1215,False
EVT-00231,20250304,2,1,2,5,4.3,88.0,12.6831,43.4153,True
EVT-00232,20250305,2,5,3,10,15.4,597.0,27.4745,56.8484,True
EVT-00233,20250306,2,9,7,2,13.3,1509.0,30.8991,32.4921,True
EVT-00234,20250307,2,13,3,9,21.7,51.0,30.4081,32.0654,False
EVT-00235,20250308,2,2,7,5,20.8,128.0,25.5984,102.4971,True
EVT-00236,20250308,2,13,7,3,93.7,11.0,29.7742,33.0815,True
EVT-00237,20250309,2,3,3,6,4.6,121.0,29.6143,31.3327,False
EVT-00238,20250309,2,7,2,1,244.0,696.0,12.2583,41.7416,True
EVT-00239,20250310,2,12,6,8,0.9,0.0,12.4315,42.6138,False
EVT-00240,20250310,2,7,1,8,2.3,67.0,13.3769,42.5373,False
EVT-00241,20250311,2,12,4,5,83.3,435.0,11.981,43.1978,True
EVT-00242,20250311,2,13,1,9,285.1,1572.0,27.0812,56.0941,True
EVT-00243,20250311,2,1,6,9,26.0,274.0,26.8803,56.6066,False
EVT-00244,20250311,2,11,5,3,1.8,43.0,29.956,31.6583,False
EVT-00245,20250312,2,11,8,1,58.5,640.0,26.0589,55.3822,True
EVT-00246,20250312,2,12,8,4,2.6,7.0,13.7863,42.4514,False
EVT-00247,20250312,2,15,1,4,45.2,341.0,-34.7535,18.8831,False
EVT-00248,20250312,2,10,5,10,7.8,402.0,1.5337,101.0446,False
EVT-00249,20250313,2,15,8,8,1.8,79.0,12.5749,43.4533,False
EVT-00250,20250314,2,13,7,1,0.2,1.0,27.1726,56.9978,False
EVT-00251,20250315,2,7,5,9,16.1,30.0,2.3553,102.1637,True
EVT-00252,20250315,2,14,4,2,18.0,1848.0,28.5895,119.2122,True
EVT-00253,20250315,2,9,7,4,28.3,72.0,12.825,43.1306,False
EVT-00254,20250316,2,9,6,9,6.4,38.0,30.4521,31.9822,False
EVT-00255,20250316,2,2,5,6,1.4,835.0,30.7925,31.81,True
EVT-00256,20250316,2,13,8,5,308.8,3984.0,-35.2277,17.8292,True
EVT-00257,20250318,2,3,3,8,4.7,23.0,26.7209,55.5096,False
EVT-00258,20250318,2,15,7,2,113.3,726.0,26.6611,56.736,True
EVT-00259,20250318,2,10,7,6,285.8,149.0,11.9258,43.9471,True
EVT-00260,20250319,2,3,5,9,18.2,375.0,3.1534,102.447,False
EVT-00261,20250319,2,1,6,9,46.6,100.0,25.6744,55.5706,False
EVT-00262,20250319,2,6,1,5,2.1,526.0,27.1415,56.4868,True
EVT-00263,20250320,2,4,8,1,0.4,65.0,27.1466,99.6484,False
EVT-00264,20250320,2,3,3,2,0.6,3.0,3.0302,101.2379,False
EVT-00265,20250321,2,1,2,5,15.6,95.0,-33.5851,18.6739,True
EVT-00266,20250321,2,14,6,8,10.8,252.0,17.8633,106.4354,False
EVT-00267,20250322,2,10,1,8,51.1,323.0,12.3294,43.1717,True
EVT-00268,20250322,2,12,8,10,34.3,961.0,25.595,56.6463,True
EVT-00269,20250323,2,5,1,2,13.9,37.0,26.9528,56.1621,False
EVT-00270,20250325,2,5,3,3,1.1,12.0,12.1019,44.1178,False
EVT-00271,20250325,2,10,4,7,60.1,216.0,26.8089,55.6378,False
EVT-00272,20250326,2,7,2,4,14.3,201.0,33.4077,75.4632,False
EVT-00273,20250327,2,6,7,4,8.2,92.0,12.8242,44.1153,False
EVT-00274,20250327,2,10,4,5,2.5,8.0,26.6319,55.4631,False
EVT-00275,20250327,2,10,4,7,17.5,305.0,27.384,56.4688,True
EVT-00276,20250327,2,9,4,3,25.7,355.0,20.9923,70.5681,False
EVT-00277,20250328,2,4,8,10,4.5,155.0,30.4416,65.8358,False
EVT-00278,20250328,2,15,3,4,4.8,91.0,26.9409,56.5871,False
EVT-00279,20250328,2,14,5,3,0.9,84.0,12.3593,43.0692,True
EVT-00280,20250328,2,7,3,2,22.8,108.0,12.9543,43.7114,False
EVT-00281,20250329,2,1,2,1,1.2,87.0,26.5858,55.9932,True
EVT-00282,20250329,2,8,2,5,4.3,228.0,26.1847,56.0458,False
EVT-00283,20250330,2,14,2,6,67.2,16.0,12.7582,42.3358,True
EVT-00284,20250330,2,12,6,3,112.3,92.0,23.5479,71.5125,True
EVT-00285,20250401,3,1,8,7,11.2,59.0,10.2706,68.3555,False
EVT-00286,20250401,3,4,2,4,17.9,33.0,14.9221,93.9686,False
EVT-00287,20250401,3,15,8,2,18.6,59.0,-33.8022,17.7251,False
EVT-00288,20250402,3,14,7,8,2.3,40.0,12.9046,42.7172,True
EVT-00289,20250402,3,12,3,4,110.5,206.0,13.6833,43.6202,True
EVT-00290,20250402,3,7,6,4,212.3,528.0,13.0739,43.6257,True
EVT-00291,20250403,3,14,1,2,15.3,56.0,24.051,75.5004,False
EVT-00292,20250404,3,15,3,6,46.1,15.0,26.014,56.2058,True
EVT-00293,20250404,3,14,6,10,22.8,193.0,27.3907,55.425,True
EVT-00294,20250404,3,7,1,2,314.9,207.0,11.9333,43.1808,True
EVT-00295,20250406,3,9,1,8,2.1,30.0,31.1732,31.3894,False
EVT-00296,20250407,3,8,1,6,28.8,308.0,11.912,43.0217,True
EVT-00297,20250407,3,15,1,8,6.5,2.0,25.8805,55.5464,False
EVT-00298,20250407,3,11,3,4,4.5,56.0,-35.3911,19.166,False
EVT-00299,20250408,3,13,5,5,11.3,63.0,19.0579,87.2094,False
EVT-00300,20250408,3,9,1,5,134.8,1583.0,28.7412,43.2544,True
EVT-00301,20250408,3,2,6,8,60.0,555.0,25.9629,56.9491,True
EVT-00302,20250408,3,4,6,7,6.8,54.0,26.8232,57.0973,False
EVT-00303,20250409,3,1,6,2,0.9,69.0,27.2901,55.7401,False
EVT-00304,20250409,3,13,3,3,15.2,16.0,25.4035,78.0692,False
EVT-00305,20250409,3,4,1,8,27.8,491.0,13.2599,43.4235,False
EVT-00306,20250409,3,10,1,4,25.7,220.0,32.8232,79.2696,True
EVT-00307,20250409,3,6,5,8,25.9,36.0,23.4516,97.3809,False
EVT-00308,20250410,3,11,7,1,24.1,622.0,26.4881,57.1608,True
EVT-00309,20250410,3,9,8,5,19.3,18.0,26.2009,55.8933,False
EVT-00310,20250410,3,9,1,8,4.3,128.0,29.9992,32.7231,False
EVT-00311,20250411,3,10,4,7,74.6,20.0,26.7633,56.4971,True
EVT-00312,20250412,3,4,3,7,11.9,2.0,12.6235,43.2296,False
EVT-00313,20250412,3,1,3,2,4.7,12.0,2.5443,101.0804,False
EVT-00314,20250412,3,13,7,8,60.4,641.0,17.6549,113.5075,True
EVT-00315,20250412,3,14,4,5,12.3,787.0,31.0251,31.6591,True
EVT-00316,20250413,3,11,4,9,4.2,82.0,12.6638,43.9345,False
EVT-00317,20250413,3,14,3,10,485.7,1470.0,-34.558,18.4534,True
EVT-00318,20250414,3,5,6,1,16.7,79.0,11.2787,104.7182,True
EVT-00319,20250414,3,5,5,3,11.0,1346.0,12.8345,43.0918,True
EVT-00320,20250414,3,10,8,6,1.6,33.0,13.7266,43.8343,False
EVT-00321,20250415,3,7,8,6,48.9,198.0,13.2998,42.6279,False
EVT-00322,20250416,3,9,7,8,127.3,855.0,13.6214,43.0017,True
EVT-00323,20250416,3,5,5,6,5.3,65.0,31.306,32.13,False
EVT-00324,20250416,3,10,7,3,6.2,12.0,30.0851,32.8316,True
EVT-00325,20250417,3,10,8,9,23.1,136.0,29.542,32.3655,True
EVT-00326,20250417,3,8,1,2,43.3,102.0,29.6543,31.735,False
EVT-00327,20250417,3,13,4,1,28.5,44.0,12.7236,43.7539,False
EVT-00328,20250418,3,2,3,4,124.7,42.0,13.1748,71.6581,True
EVT-00329,20250419,3,6,1,2,16.0,128.0,12.6722,42.3876,False
EVT-00330,20250419,3,3,6,2,15.3,26.0,30.3504,31.7021,False
EVT-00331,20250419,3,8,3,7,64.2,623.0,15.5134,64.5459,True
EVT-00332,20250421,3,11,3,4,119.6,548.0,11.8403,42.7102,False
EVT-00333,20250421,3,4,6,5,0.4,56.0,2.6895,100.7489,False
EVT-00334,20250423,3,7,7,5,3.1,53.0,11.8223,44.2595,True
EVT-00335,20250424,3,12,4,2,12.2,5.0,29.5799,32.8472,False
EVT-00336,20250424,3,12,5,4,3.0,24.0,10.9982,62.7155,False
EVT-00337,20250425,3,7,5,8,105.2,4058.0,26.1892,56.1582,True
EVT-00338,20250425,3,2,5,4,5.9,2.0,26.814,56.1888,False
EVT-00339,20250425,3,5,3,10,55.2,118.0,25.502,56.1149,True
EVT-00340,20250425,3,10,2,4,28.9,41.0,19.3705,105.4868,True
EVT-00341,20250426,3,2,7,6,1.3,124.0,19.8496,112.29,True
EVT-00342,20250427,3,7,6,10,0.1,116.0,12.1929,42.4679,False
EVT-00343,20250428,3,8,5,6,12.4,97.0,12.6105,42.8713,False
EVT-00344,20250429,3,14,4,8,1.1,8.0,10.2013,83.8804,False
EVT-00345,20250430,3,2,3,8,4.7,13.0,13.2185,43.334,False
EVT-00346,20250430,3,13,7,6,99.0,673.0,2.9769,100.9233,True
EVT-00347,20250430,3,12,6,3,13.9,730.0,12.0843,43.4869,True
EVT-00348,20250501,3,14,2,5,3.4,231.0,25.7504,56.2321,False
EVT-00349,20250501,3,13,3,8,112.9,109.0,29.7431,31.8093,True
EVT-00350,20250502,3,9,6,2,34.9,76.0,26.216,55.6483,True
EVT-00351,20250502,3,6,4,5,27.2,76.0,26.6566,104.1385,True
EVT-00352,20250503,3,2,7,3,2.0,2.0,-34.6358,18.8974,True
EVT-00353,20250503,3,12,3,2,75.6,917.0,30.3773,31.4277,True
EVT-00354,20250503,3,10,5,6,6.1,117.0,11.989,42.4559,True
EVT-00355,20250503,3,2,4,3,34.8,147.0,11.8032,43.6155,True
EVT-00356,20250503,3,4,3,4,28.4,39.0,2.5119,102.6708,False
EVT-00357,20250504,3,7,7,9,2.2,457.0,26.9408,57.2581,True
EVT-00358,20250505,3,4,7,4,10.2,82.0,31.7197,103.9298,True
EVT-00359,20250506,3,4,7,9,19.5,11.0,8.5478,41.117,False
EVT-00360,20250506,3,12,7,5,8.0,92.0,34.415,74.5278,False
EVT-00361,20250507,3,10,2,1,3.2,55.0,25.4484,102.7622,False
EVT-00362,20250507,3,9,1,6,259.7,121.0,26.4886,56.654,True
EVT-00363,20250508,3,7,4,3,1.2,57.0,-34.9204,18.5029,False
EVT-00364,20250508,3,11,6,8,21.1,271.0,18.9262,48.1196,False
EVT-00365,20250508,3,2,8,6,11.7,18.0,27.3138,56.5997,False
EVT-00366,20250509,3,6,8,3,6.1,12.0,12.1511,42.3396,False
EVT-00367,20250509,3,12,3,8,33.0,203.0,30.787,31.752,True
EVT-00368,20250510,3,11,1,2,1.6,106.0,27.3737,57.1215,False
EVT-00369,20250510,3,6,1,6,22.3,1144.0,27.1774,56.6887,True
EVT-00370,20250510,3,15,2,6,68.2,406.0,30.2303,31.3771,True
EVT-00371,20250510,3,12,6,2,7.3,54.0,13.1033,43.0703,False
EVT-00372,20250511,3,6,6,5,5.5,144.0,29.9335,31.3107,True
EVT-00373,20250512,3,14,7,3,262.2,894.0,13.0158,43.6735,True
EVT-00374,20250513,3,1,1,9,131.7,39.0,13.0455,42.8626,True
EVT-00375,20250513,3,1,1,4,18.1,1278.0,30.6592,31.9026,True
EVT-00376,20250513,3,4,6,10,32.1,94.0,13.6322,42.6712,False
EVT-00377,20250513,3,5,6,8,9.9,3.0,27.2522,56.0294,False
EVT-00378,20250514,3,13,7,7,32.3,192.0,30.2732,80.1673,False
EVT-00379,20250516,3,8,8,7,21.3,8.0,13.1124,44.2733,False
EVT-00380,20250517,3,12,6,2,2.5,85.0,2.185,101.8534,False
EVT-00381,20250517,3,13,4,8,14.8,99.0,26.9169,56.2252,False
EVT-00382,20250517,3,3,4,7,8.9,2.0,26.1272,89.4534,False
EVT-00383,20250518,3,13,6,2,54.1,93.0,13.7357,42.5696,True
EVT-00384,20250519,3,11,7,8,35.6,1565.0,27.1472,56.2374,True
EVT-00385,20250520,3,15,4,6,49.1,263.0,12.6306,42.788,True
EVT-00386,20250520,3,9,8,4,55.5,950.0,26.9068,57.1433,True
EVT-00387,20250521,3,3,4,2,8.5,8.0,12.8744,115.8561,False
EVT-00388,20250521,3,7,6,8,104.8,2507.0,15.5492,65.4875,True
EVT-00389,20250522,3,15,8,4,94.1,21.0,13.469,43.507,True
EVT-00390,20250523,3,8,3,6,7.7,60.0,13.6276,43.0145,False
EVT-00391,20250523,3,11,3,7,2.5,39.0,13.235,43.2484,True
EVT-00392,20250525,3,14,8,5,12.3,61.0,28.6567,42.5634,True
EVT-00393,20250525,3,12,5,2,2.8,4.0,27.362,56.428,False
EVT-00394,20250525,3,8,6,5,9.1,205.0,12.0855,42.53,False
EVT-00395,20250526,3,2,6,8,8.0,97.0,13.2688,43.8595,False
EVT-00396,20250526,3,12,8,9,6.2,240.0,13.3127,43.4585,True
EVT-00397,20250526,3,10,8,9,0.2,64.0,13.4285,43.9033,False
EVT-00398,20250526,3,15,6,3,4.5,235.0,13.0154,43.4258,True
EVT-00399,20250526,3,4,4,8,17.4,100.0,11.9688,43.8964,False
EVT-00400,20250527,3,15,5,8,180.0,605.0,27.1964,56.5416,True
EVT-00401,20250528,3,15,4,4,8.4,209.0,13.2533,43.5129,False
EVT-00402,20250528,3,10,2,2,16.4,42.0,26.4991,55.6986,True
EVT-00403,20250528,3,10,4,9,4.7,36.0,25.5544,56.2734,False
EVT-00404,20250529,3,8,5,3,1.3,144.0,26.7064,55.4773,False
EVT-00405,20250529,3,3,8,3,29.6,226.0,28.636,77.7608,False
EVT-00406,20250529,3,11,6,2,51.7,98.0,26.5153,56.4446,True
EVT-00407,20250530,3,2,4,5,6.0,158.0,14.4088,95.5179,True
EVT-00408,20250530,3,11,7,9,49.2,689.0,13.0092,43.652,True
EVT-00409,20250531,3,3,4,9,150.1,1492.0,-35.0512,17.8847,True
EVT-00410,20250531,3,2,4,3,2.7,15.0,18.7554,100.863,False
EVT-00411,20250531,3,8,7,3,28.2,125.0,12.5701,42.687,True
EVT-00412,20250601,3,13,2,10,2.5,4.0,30.7797,53.4104,False
EVT-00413,20250601,3,5,5,3,10.7,104.0,11.928,42.8335,True
EVT-00414,20250601,3,3,1,6,18.1,163.0,25.6518,56.3359,False
EVT-00415,20250601,3,3,3,5,80.2,158.0,25.598,56.0605,True
EVT-00416,20250601,3,15,4,8,136.7,3944.0,25.8874,56.3549,True
EVT-00417,20250602,3,13,8,2,37.2,891.0,10.2416,104.1362,True
EVT-00418,20250602,3,15,4,5,16.8,133.0,26.3911,55.5825,True
EVT-00419,20250602,3,2,8,3,12.1,75.0,26.37,56.4753,False
EVT-00420,20250602,3,5,8,5,5.2,38.0,-34.8312,17.5089,False
EVT-00421,20250603,3,6,3,9,92.6,210.0,27.1844,56.8932,True
EVT-00422,20250603,3,5,7,10,3.3,92.0,2.927,100.8741,False
EVT-00423,20250604,3,12,6,10,5.4,64.0,21.9742,114.0294,False
EVT-00424,20250604,3,4,4,9,154.2,120.0,14.8868,53.5972,True
EVT-00425,20250604,3,15,1,10,29.0,336.0,14.2032,87.2471,True
EVT-00426,20250605,3,7,8,10,0.5,86.0,11.8673,43.7723,False
EVT-00427,20250605,3,2,7,4,2.2,74.0,-34.2804,18.2727,True
EVT-00428,20250605,3,12,4,7,118.2,567.0,13.5573,44.1875,True
EVT-00429,20250606,3,10,5,8,8.4,81.0,27.4866,56.7327,True
EVT-00430,20250606,3,11,8,9,45.2,270.0,12.195,42.7826,False
EVT-00431,20250606,3,11,7,5,7.7,9.0,25.6689,55.4817,False
EVT-00432,20250608,3,5,3,10,12.0,36.0,34.678,53.0327,False
EVT-00433,20250608,3,10,3,1,54.9,280.0,12.2209,43.5352,False
EVT-00434,20250608,3,5,8,2,7.0,19.0,5.5242,42.8983,False
EVT-00435,20250609,3,15,3,10,1.1,132.0,27.1022,55.7814,False
EVT-00436,20250609,3,4,7,5,1.3,177.0,12.9388,42.3554,False
EVT-00437,20250609,3,3,7,9,1.2,34.0,-34.3311,19.4799,True
EVT-00438,20250609,3,15,8,2,40.2,19.0,18.7989,92.6753,False
EVT-00439,20250610,3,2,2,3,10.9,62.0,-33.7125,18.7839,True
EVT-00440,20250611,3,7,6,8,36.4,1249.0,27.1437,55.353,True
EVT-00441,20250612,3,8,4,7,2.6,144.0,31.1262,31.5898,True
EVT-00442,20250612,3,14,6,5,17.2,408.0,31.0708,32.4592,True
EVT-00443,20250613,3,10,8,8,45.3,162.0,12.8497,44.0072,True
EVT-00444,20250614,3,1,4,3,21.7,329.0,31.3203,106.3924,True
EVT-00445,20250614,3,13,3,9,9.4,29.0,13.1552,42.4416,False
EVT-00446,20250614,3,7,5,1,18.0,98.0,2.329,102.5716,True
EVT-00447,20250614,3,9,3,3,1.4,99.0,25.53,56.6101,False
EVT-00448,20250615,3,3,8,10,1.7,36.0,25.7933,56.7048,False
EVT-00449,20250615,3,1,1,6,21.2,9.0,30.9438,115.0124,False
EVT-00450,20250615,3,6,5,10,10.1,1446.0,25.7891,55.3734,True
EVT-00451,20250615,3,12,3,10,0.4,59.0,12.4564,43.8539,False
EVT-00452,20250616,3,14,2,4,43.0,1726.0,13.6942,106.7139,True
EVT-00453,20250616,3,9,5,9,11.4,13.0,28.0688,100.0235,False
EVT-00454,20250616,3,10,8,5,78.0,1096.0,25.0403,46.5556,True
EVT-00455,20250617,3,1,8,5,19.0,737.0,2.9986,102.2235,True
EVT-00456,20250617,3,1,4,10,50.2,30.0,-33.5609,18.7381,True
EVT-00457,20250618,3,8,5,7,26.5,430.0,30.2234,33.186,True
EVT-00458,20250619,3,6,5,9,1.7,45.0,30.5671,31.9086,False
EVT-00459,20250619,3,10,2,4,51.5,695.0,23.0482,112.4265,True
EVT-00460,20250619,3,9,7,6,48.8,40.0,31.3203,31.4317,True
EVT-00461,20250620,3,1,4,3,9.8,987.0,8.7547,40.2315,False
EVT-00462,20250620,3,6,5,3,95.7,374.0,30.6096,31.8871,True
EVT-00463,20250621,3,13,7,10,35.0,389.0,1.6304,101.5303,True
EVT-00464,20250622,3,7,6,4,20.9,26.0,27.1049,56.4857,True
EVT-00465,20250623,3,15,5,9,48.4,150.0,12.0633,43.2922,False
EVT-00466,20250623,3,3,5,3,4.8,65.0,12.3784,42.5708,False
EVT-00467,20250624,3,3,4,4,4.2,124.0,26.2751,55.4683,False
EVT-00468,20250624,3,10,7,6,162.6,886.0,12.0441,43.438,True
EVT-00469,20250624,3,6,2,5,2.0,13.0,11.9445,43.176,False
EVT-00470,20250625,3,1,3,7,15.3,50.0,25.9602,56.9334,False
EVT-00471,20250625,3,12,7,2,45.7,11.0,25.8791,56.6905,True
EVT-00472,20250625,3,6,6,5,5.4,46.0,26.1426,56.8559,False
EVT-00473,20250626,3,3,7,1,45.4,300.0,13.0482,43.9759,True
EVT-00474,20250626,3,6,5,1,9.0,22.0,22.0597,44.7796,False
EVT-00475,20250629,3,14,5,10,0.9,25.0,12.5469,43.8792,False
EVT-00476,20250629,3,12,6,9,99.4,266.0,29.5879,32.0021,True
EVT-00477,20250630,3,8,3,4,10.2,52.0,26.2149,56.4228,False
EVT-00478,20250701,4,10,3,4,2.3,207.0,26.67,56.9509,False
EVT-00479,20250701,4,13,6,3,32.1,5.0,26.8507,56.5117,False
EVT-00480,20250701,4,8,2,4,34.6,63.0,12.1025,43.3139,False
EVT-00481,20250702,4,9,7,5,1.1,10.0,13.5352,42.6473,False
EVT-00482,20250702,4,3,1,2,12.9,72.0,26.2099,56.0752,False
EVT-00483,20250702,4,5,5,2,255.1,94.0,25.9934,56.3177,True
EVT-00484,20250703,4,8,7,2,135.5,2899.0,2.8528,101.463,True
EVT-00485,20250703,4,3,8,2,10.4,28.0,12.5451,43.8979,True
EVT-00486,20250703,4,5,7,5,0.1,26.0,13.5815,43.2139,True
EVT-00487,20250704,4,5,8,9,9.2,52.0,26.8347,85.9103,False
EVT-00488,20250705,4,15,5,6,13.0,136.0,12.5277,43.3377,False
EVT-00489,20250705,4,6,6,7,1.3,58.0,7.2427,50.8253,False
EVT-00490,20250705,4,9,8,1,1.3,133.0,34.4682,97.1286,False
EVT-00491,20250705,4,3,5,7,113.1,305.0,2.7008,102.6458,True
EVT-00492,20250706,4,9,2,1,92.8,189.0,13.5933,43.2908,True
EVT-00493,20250706,4,5,5,2,3.2,3.0,11.82,42.3796,True
EVT-00494,20250707,4,9,3,6,7.5,17.0,26.9426,57.0897,True
EVT-00495,20250707,4,8,1,3,3.6,17.0,30.0424,31.3814,False
EVT-00496,20250707,4,4,7,2,17.2,231.0,13.3748,43.4424,False
EVT-00497,20250707,4,12,7,9,106.5,934.0,26.4388,57.275,True
EVT-00498,20250708,4,12,8,7,14.0,95.0,27.1554,56.0234,False
EVT-00499,20250709,4,6,5,4,36.1,430.0,12.1823,114.0162,True
EVT-00500,20250709,4,3,4,5,15.2,85.0,4.9873,63.7242,True
EVT-00501,20250710,4,9,4,2,23.2,84.0,11.9832,43.7188,True
EVT-00502,20250710,4,1,2,4,67.9,33.0,30.312,32.4592,False
EVT-00503,20250711,4,1,2,7,10.9,36.0,25.9584,57.2791,False
EVT-00504,20250711,4,8,5,9,0.6,74.0,12.3236,44.0657,False
EVT-00505,20250711,4,11,5,3,4.5,1.0,25.9707,55.4745,False
EVT-00506,20250711,4,1,5,5,3.8,205.0,12.1747,44.2547,True
EVT-00507,20250711,4,6,1,10,1.3,55.0,2.7775,102.5459,False
EVT-00508,20250712,4,7,4,7,5.4,105.0,27.3357,55.717,False
EVT-00509,20250713,4,8,5,8,104.1,224.0,-33.9145,18.0845,True
EVT-00510,20250713,4,5,6,10,10.9,17.0,27.0568,56.5504,False
EVT-00511,20250713,4,11,3,7,91.7,842.0,23.2653,64.768,True
EVT-00512,20250713,4,11,4,1,10.0,50.0,2.9332,100.8087,False
EVT-00513,20250715,4,1,2,6,2.5,27.0,25.8286,55.4798,False
EVT-00514,20250715,4,8,6,7,1.4,24.0,12.5259,43.2374,True
EVT-00515,20250715,4,14,1,4,13.2,60.0,26.2827,57.2521,False
EVT-00516,20250716,4,10,8,9,15.2,68.0,12.8695,43.4928,False
EVT-00517,20250716,4,7,3,5,76.1,192.0,30.331,33.0809,True
EVT-00518,20250716,4,10,5,7,110.8,381.0,25.5833,56.1054,True
EVT-00519,20250716,4,8,6,8,141.7,310.0,26.205,55.6071,True
EVT-00520,20250717,4,14,7,2,6.9,56.0,17.3633,94.9595,True
EVT-00521,20250717,4,6,7,4,30.9,30.0,30.4592,31.863,False
EVT-00522,20250717,4,13,3,9,0.7,27.0,34.3931,117.1126,False
EVT-00523,20250717,4,13,3,3,38.3,1206.0,28.5286,83.1686,True
EVT-00524,20250718,4,7,4,1,143.3,55.0,25.6613,55.8449,True
EVT-00525,20250718,4,4,2,7,8.4,35.0,6.1859,80.4064,False
EVT-00526,20250719,4,2,3,6,15.9,17.0,26.2729,57.2476,False
EVT-00527,20250719,4,13,2,1,56.9,287.0,6.8648,99.2518,True
EVT-00528,20250719,4,8,3,8,21.6,194.0,13.1394,43.5696,True
EVT-00529,20250719,4,13,8,3,62.6,1067.0,-33.6505,17.5021,True
EVT-00530,20250720,4,2,6,8,10.3,207.0,-33.655,18.6157,False
EVT-00531,20250720,4,10,8,9,4.5,12.0,26.7663,100.4553,True
EVT-00532,20250720,4,5,2,8,15.5,2161.0,25.9656,56.4655,True
EVT-00533,20250720,4,14,8,6,10.3,183.0,11.9109,43.9675,True
EVT-00534,20250720,4,8,3,8,2.6,766.0,1.9645,101.598,True
EVT-00535,20250720,4,6,2,10,62.6,149.0,24.5074,85.5144,True
EVT-00536,20250720,4,7,2,4,22.4,766.0,3.211,102.416,True
EVT-00537,20250721,4,4,7,8,0.7,15.0,30.53,32.5594,False
EVT-00538,20250721,4,13,7,7,11.7,195.0,12.9856,42.9155,False
EVT-00539,20250721,4,11,7,1,9.0,206.0,25.9783,56.7655,True
EVT-00540,20250721,4,15,2,8,3.9,128.0,30.0884,32.9991,False
EVT-00541,20250722,4,3,5,5,19.4,11.0,12.3024,43.2854,False
EVT-00542,20250722,4,10,7,7,16.6,429.0,-34.5585,19.4928,True
EVT-00543,20250722,4,7,2,5,5.6,1.0,-35.1721,17.5013,True
EVT-00544,20250722,4,15,1,8,6.9,4.0,3.3674,101.8369,False
EVT-00545,20250722,4,4,3,7,199.7,226.0,8.2189,58.6584,True
EVT-00546,20250723,4,9,7,10,10.3,17.0,27.1193,55.9422,True
EVT-00547,20250725,4,8,6,6,0.8,5.0,25.8677,55.8398,True
EVT-00548,20250726,4,11,5,7,26.5,45.0,26.2429,57.2651,False
EVT-00549,20250727,4,14,1,7,114.1,360.0,27.1894,56.8506,True
EVT-00550,20250727,4,8,8,1,11.0,83.0,26.0652,56.8891,True
EVT-00551,20250727,4,5,1,8,80.8,267.0,16.22,41.7028,True
EVT-00552,20250727,4,2,2,7,11.3,163.0,11.8551,44.2479,True
EVT-00553,20250728,4,5,5,10,54.2,250.0,26.5266,55.3697,True
EVT-00554,20250729,4,5,7,2,24.2,342.0,-34.4276,18.7768,True
EVT-00555,20250730,4,4,3,2,10.4,221.0,11.5215,96.9023,False
EVT-00556,20250731,4,6,4,2,82.6,285.0,30.0217,33.158,True
EVT-00557,20250801,4,12,3,4,0.4,198.0,20.5401,56.5738,False
EVT-00558,20250801,4,6,6,2,7.4,39.0,13.3213,44.1319,False
EVT-00559,20250802,4,9,6,8,1.0,98.0,27.0968,56.6368,False
EVT-00560,20250802,4,5,6,9,13.3,4.0,17.296,45.6047,False
EVT-00561,20250802,4,7,5,2,6.5,364.0,30.4043,50.6465,True
EVT-00562,20250802,4,8,7,4,3.7,194.0,31.211,32.2218,False
EVT-00563,20250802,4,10,5,3,10.9,53.0,32.1545,83.8322,False
EVT-00564,20250802,4,11,5,9,120.5,18.0,26.0609,56.7299,True
EVT-00565,20250803,4,10,1,7,88.4,1202.0,-34.993,19.4139,True
EVT-00566,20250804,4,10,4,6,1.8,27.0,29.6407,64.3124,False
EVT-00567,20250804,4,2,5,9,5.2,275.0,30.7817,33.2734,True
EVT-00568,20250804,4,2,7,6,1.9,8.0,13.0225,42.4184,False
EVT-00569,20250804,4,13,2,9,11.6,129.0,12.1055,43.2653,False
EVT-00570,20250804,4,6,1,1,59.8,1009.0,13.2994,42.4562,True
EVT-00571,20250804,4,10,5,9,50.2,1106.0,-34.8866,18.0442,True
EVT-00572,20250805,4,15,1,5,12.3,67.0,26.1668,57.2379,False
EVT-00573,20250806,4,7,1,1,28.7,147.0,35.0873,95.2081,False
EVT-00574,20250806,4,4,7,4,0.2,65.0,33.4163,41.8827,False
EVT-00575,20250806,4,4,5,10,37.7,5.0,3.1696,100.9186,True
EVT-00576,20250807,4,5,2,4,15.4,10.0,26.2378,56.0109,False
EVT-00577,20250807,4,7,3,4,4.8,9.0,12.8877,43.9473,False
EVT-00578,20250807,4,13,4,4,82.4,393.0,27.2475,56.2583,False
EVT-00579,20250807,4,13,6,6,17.6,88.0,29.7878,31.6602,False
EVT-00580,20250807,4,1,8,5,123.6,607.0,26.3808,56.9939,True
EVT-00581,20250808,4,11,3,3,1.0,2.0,-33.5542,17.7322,False
EVT-00582,20250808,4,5,4,6,26.7,672.0,26.8718,58.3134,False
EVT-00583,20250808,4,15,3,1,70.0,332.0,22.6455,70.3711,True
EVT-00584,20250808,4,7,6,8,3.8,18.0,13.0349,43.6482,False
EVT-00585,20250809,4,8,2,7,27.0,81.0,13.5323,43.6945,False
EVT-00586,20250809,4,1,7,3,2.5,29.0,26.535,56.6763,False
EVT-00587,20250809,4,5,3,5,9.9,9.0,13.5852,42.5676,False
EVT-00588,20250809,4,1,4,10,38.5,299.0,27.1766,56.7864,True
EVT-00589,20250809,4,6,1,2,297.8,1183.0,12.1674,43.1656,True
EVT-00590,20250810,4,8,1,10,38.1,805.0,12.1798,42.6545,True
EVT-00591,20250811,4,15,3,8,9.6,442.0,13.74,43.6126,True
EVT-00592,20250811,4,6,7,6,196.1,264.0,4.9838,113.9835,True
EVT-00593,20250811,4,3,4,2,10.4,0.0,-33.8389,18.8318,False
EVT-00594,20250811,4,4,6,9,139.6,253.0,30.9523,32.6663,True
EVT-00595,20250812,4,9,3,7,102.0,713.0,18.9317,59.3598,True
EVT-00596,20250813,4,1,8,5,175.6,217.0,12.232,42.6004,True
EVT-00597,20250813,4,14,4,5,3.4,449.0,13.7477,43.8427,False
EVT-00598,20250813,4,4,6,4,113.6,1116.0,12.0923,44.1111,True
EVT-00599,20250814,4,7,8,7,50.3,263.0,6.5523,109.2101,True
EVT-00600,20250814,4,5,2,1,130.7,714.0,6.7705,40.6523,True
EVT-00601,20250814,4,3,4,4,237.0,84.0,12.7278,44.1654,True
EVT-00602,20250814,4,9,5,5,17.7,384.0,-34.3596,17.7594,False
EVT-00603,20250814,4,8,4,9,3.5,53.0,26.6711,56.2966,False
EVT-00604,20250815,4,9,2,5,16.8,193.0,12.2979,42.8409,False
EVT-00605,20250816,4,9,7,8,2.1,17.0,26.6784,55.5855,False
EVT-00606,20250816,4,10,1,9,101.0,159.0,27.2185,55.9447,True
EVT-00607,20250816,4,3,1,7,304.5,2204.0,2.7101,101.3152,True
EVT-00608,20250817,4,3,3,2,96.8,185.0,12.0339,43.1546,True
EVT-00609,20250817,4,14,7,8,57.5,16.0,26.6257,57.0402,True
EVT-00610,20250818,4,10,8,3,1.4,98.0,27.4862,55.4356,False
EVT-00611,20250818,4,1,6,7,47.0,41.0,13.1498,43.7703,True
EVT-00612,20250819,4,2,6,6,27.5,636.0,12.0821,42.4123,True
EVT-00613,20250819,4,1,4,8,313.6,125.0,13.2896,43.9667,True
EVT-00614,20250819,4,13,2,6,4.5,9.0,13.2705,42.3317,False
EVT-00615,20250819,4,3,7,8,3.6,23.0,32.4066,89.4853,False
EVT-00616,20250819,4,12,7,7,4.0,3.0,26.7259,56.3262,False
EVT-00617,20250819,4,14,1,6,21.1,619.0,11.8796,43.1844,True
EVT-00618,20250820,4,8,1,8,32.0,54.0,25.6698,57.1982,False
EVT-00619,20250820,4,11,8,3,7.2,24.0,27.4485,55.9677,False
EVT-00620,20250822,4,12,7,5,2.7,106.0,12.9804,42.969,False
EVT-00621,20250822,4,9,5,8,5.2,22.0,12.2159,43.2939,False
EVT-00622,20250822,4,1,7,8,9.7,474.0,2.1494,102.2949,False
EVT-00623,20250823,4,4,6,2,273.3,1321.0,10.7848,59.4291,True
EVT-00624,20250823,4,10,5,6,9.6,8.0,-33.913,18.0348,False
EVT-00625,20250823,4,2,8,8,82.9,57.0,30.7657,32.8444,True
EVT-00626,20250825,4,4,6,9,2.7,12.0,-35.2168,17.6364,False
EVT-00627,20250826,4,9,2,2,119.9,991.0,13.692,43.385,True
EVT-00628,20250826,4,3,2,1,0.2,7.0,12.1425,42.3512,True
EVT-00629,20250827,4,1,2,10,30.4,421.0,13.1449,42.8305,False
EVT-00630,20250827,4,9,6,7,10.6,11.0,35.4201,73.8273,False
EVT-00631,20250828,4,6,7,5,19.4,27.0,2.5089,100.9405,True
EVT-00632,20250828,4,12,3,6,4.0,55.0,12.8669,43.5967,False
EVT-00633,20250829,4,8,7,1,17.5,179.0,-35.4708,18.738,False
EVT-00634,20250829,4,2,1,1,6.0,467.0,22.3201,47.1396,True
EVT-00635,20250829,4,10,6,2,47.2,50.0,25.5968,55.6459,True
EVT-00636,20250829,4,6,1,1,0.2,4.0,13.7812,42.8929,False
EVT-00637,20250829,4,6,3,3,11.6,71.0,7.0669,40.637,True
EVT-00638,20250830,4,11,3,2,246.1,400.0,11.4362,75.6918,True
EVT-00639,20250830,4,9,6,3,33.8,1871.0,17.0369,84.3592,True
EVT-00640,20250830,4,9,7,10,56.8,62.0,26.4656,55.5835,True
EVT-00641,20250831,4,8,8,9,5.7,7.0,-33.9341,18.4466,False
EVT-00642,20250831,4,2,8,7,750.3,1350.0,12.8793,43.8109,True
EVT-00643,20250831,4,14,3,1,64.3,33.0,12.5632,43.8725,False
EVT-00644,20250831,4,8,1,2,81.9,1257.0,26.9694,56.7111,True
EVT-00645,20250901,4,8,7,3,357.5,196.0,26.0899,55.6839,True
EVT-00646,20250901,4,12,6,5,25.1,41.0,7.0941,105.1797,True
EVT-00647,20250901,4,1,8,7,59.3,6.0,12.9622,42.7315,False
EVT-00648,20250901,4,14,4,7,7.5,70.0,10.7391,105.5614,False
EVT-00649,20250902,4,1,5,1,1.6,192.0,10.5642,74.9404,False
EVT-00650,20250903,4,3,6,1,54.9,1587.0,26.2764,55.6803,True
EVT-00651,20250903,4,14,5,3,2.5,6.0,27.4359,56.1269,False
EVT-00652,20250903,4,6,2,3,24.1,98.0,12.9961,43.2108,False
EVT-00653,20250903,4,3,7,4,248.6,219.0,1.6232,101.5053,True
EVT-00654,20250904,4,7,3,2,6.5,173.0,-34.1538,18.0865,True
EVT-00655,20250904,4,1,2,3,4.3,62.0,-34.9725,19.1369,False
EVT-00656,20250904,4,3,2,9,0.9,91.0,13.3165,42.3412,False
EVT-00657,20250904,4,7,6,7,20.6,133.0,11.981,42.8062,False
EVT-00658,20250905,4,11,3,10,71.3,216.0,26.4426,57.2078,True
EVT-00659,20250905,4,12,3,1,37.2,73.0,-33.8308,18.0908,True
EVT-00660,20250905,4,4,6,9,47.1,152.0,27.3976,56.1147,True
EVT-00661,20250905,4,13,7,6,3.8,19.0,8.0765,116.3659,True
EVT-00662,20250906,4,14,1,8,46.2,404.0,26.1887,56.9933,True
EVT-00663,20250907,4,12,2,10,29.2,871.0,17.0249,48.6912,True
EVT-00664,20250908,4,7,2,6,8.6,232.0,29.8078,31.8422,False
EVT-00665,20250910,4,11,4,5,3.9,434.0,-34.2882,17.9079,False
EVT-00666,20250910,4,14,4,3,44.4,69.0,26.1833,56.3946,True
EVT-00667,20250911,4,1,8,7,120.4,190.0,12.9504,43.2074,True
EVT-00668,20250911,4,1,3,10,11.8,3.0,7.6402,79.6998,True
EVT-00669,20250911,4,10,5,1,42.7,1.0,11.9097,43.8762,True
EVT-00670,20250912,4,4,3,1,12.7,136.0,9.5183,119.4145,True
EVT-00671,20250912,4,4,1,5,79.3,81.0,30.7463,31.7911,True
EVT-00672,20250912,4,8,1,5,43.5,34.0,13.4868,42.7295,True
EVT-00673,20250912,4,13,4,2,4.0,71.0,12.4388,43.9408,False
EVT-00674,20250912,4,6,6,6,31.9,99.0,26.2748,57.2321,True
EVT-00675,20250912,4,3,2,1,21.6,84.0,14.4818,106.8398,True
EVT-00676,20250912,4,9,8,1,3.3,127.0,31.6359,118.5073,False
EVT-00677,20250912,4,1,6,8,4.3,19.0,11.921,43.6779,False
EVT-00678,20250913,4,3,2,2,8.8,154.0,29.9036,31.3964,False
EVT-00679,20250913,4,4,7,10,292.5,13.0,12.6443,43.4647,True
EVT-00680,20250914,4,8,4,9,0.1,104.0,12.4981,43.1321,False
EVT-00681,20250915,4,5,5,9,143.6,25.0,-34.0097,19.0436,True
EVT-00682,20250915,4,5,8,7,6.9,77.0,30.5648,33.1389,False
EVT-00683,20250916,4,15,4,1,0.9,108.0,12.8077,42.7239,True
EVT-00684,20250917,4,3,7,9,9.9,59.0,26.847,57.1996,False
EVT-00685,20250917,4,6,2,4,74.2,1314.0,-34.0597,17.791,True
EVT-00686,20250917,4,13,1,5,198.1,33.0,12.4661,43.6924,True
EVT-00687,20250918,4,13,3,2,3.3,311.0,12.3048,42.9388,True
EVT-00688,20250918,4,3,6,9,10.7,2.0,2.0234,102.2216,False
EVT-00689,20250918,4,10,1,4,3.2,7.0,27.3296,56.4064,True
EVT-00690,20250918,4,13,2,6,293.1,658.0,7.1594,72.2493,True
EVT-00691,20250918,4,14,8,7,13.8,194.0,27.2085,55.9668,True
EVT-00692,20250919,4,8,4,10,84.9,27.0,26.375,55.9756,True
EVT-00693,20250919,4,7,4,1,29.8,171.0,21.9242,55.0786,False
EVT-00694,20250920,4,1,5,4,26.4,2664.0,10.9099,67.1918,True
EVT-00695,20250920,4,5,1,3,26.4,254.0,-34.3651,17.7649,True
EVT-00696,20250921,4,7,2,1,45.0,129.0,-35.3062,17.7188,True
EVT-00697,20250922,4,8,5,2,2.9,40.0,8.0024,40.3064,False
EVT-00698,20250922,4,8,3,5,35.4,472.0,30.9219,32.0434,False
EVT-00699,20250922,4,12,6,3,10.8,34.0,13.3673,43.6883,False
EVT-00700,20250923,4,15,7,5,8.3,79.0,-33.6234,18.0116,False
EVT-00701,20250923,4,2,4,9,16.1,783.0,25.6563,55.4567,True
EVT-00702,20250923,4,12,6,1,88.0,34.0,-34.1346,17.6084,True
EVT-00703,20250924,4,3,6,6,67.9,98.0,-35.2222,18.0738,True
EVT-00704,20250924,4,13,3,2,152.0,1496.0,11.945,44.1003,True
EVT-00705,20250924,4,10,4,7,10.3,25.0,11.9458,43.2473,False
EVT-00706,20250925,4,6,5,1,8.0,148.0,21.9177,68.2894,False
EVT-00707,20250925,4,12,3,7,4.2,8.0,13.1831,42.7606,False
EVT-00708,20250926,4,13,6,10,11.6,23.0,26.6587,55.5689,False
EVT-00709,20250927,4,7,7,4,75.7,27.0,25.1303,80.6317,True
EVT-00710,20250927,4,7,6,4,60.0,937.0,-33.8055,18.9985,True
EVT-00711,20250927,4,4,4,4,0.9,37.0,30.7919,32.8971,False
EVT-00712,20250927,4,3,3,4,2.2,16.0,33.4245,102.911,False
EVT-00713,20250927,4,14,2,9,237.6,2733.0,12.2506,43.5136,True
EVT-00714,20250929,4,8,2,10,2.2,229.0,-34.9299,18.3213,False
EVT-00715,20250929,4,5,3,10,19.6,2.0,3.0856,100.7834,False
EVT-00716,20250929,4,5,8,5,59.6,700.0,26.2742,55.4557,True
EVT-00717,20250929,4,11,8,8,15.8,101.0,12.402,63.2402,True
EVT-00718,20250929,4,14,8,2,50.9,155.0,13.4916,42.9623,False
EVT-00719,20250930,4,2,4,9,85.8,510.0,28.4043,70.6217,True
EVT-00720,20250930,4,9,8,10,2.9,213.0,13.0012,43.8422,False
EVT-00721,20250930,4,5,4,4,2.0,83.0,12.4424,44.0393,False
EVT-00722,20251001,5,5,5,4,318.0,608.0,29.9169,32.4685,True
EVT-00723,20251001,5,3,3,6,6.6,89.0,31.2964,32.6721,False
EVT-00724,20251002,5,15,2,5,1.7,157.0,13.1089,43.6384,True
EVT-00725,20251003,5,7,6,1,1.1,30.0,30.0911,32.5455,False
EVT-00726,20251003,5,6,5,10,24.4,251.0,15.0862,107.5591,False
EVT-00727,20251004,5,4,6,6,31.4,268.0,31.2314,32.8187,False
EVT-00728,20251004,5,3,8,9,53.0,345.0,26.401,56.665,False
EVT-00729,20251004,5,5,5,1,10.3,75.0,12.4633,43.5157,False
EVT-00730,20251004,5,4,3,4,0.6,524.0,12.886,104.5246,True
EVT-00731,20251004,5,14,8,5,5.4,53.0,30.1737,32.8419,True
EVT-00732,20251004,5,11,8,1,0.7,105.0,30.6648,85.3395,False
EVT-00733,20251006,5,9,7,4,0.5,15.0,13.7028,42.6769,False
EVT-00734,20251006,5,1,7,10,211.8,1063.0,17.5918,65.1422,True
EVT-00735,20251007,5,15,5,1,29.3,901.0,30.1098,32.8971,True
EVT-00736,20251007,5,9,6,10,9.7,67.0,21.1876,67.6348,False
EVT-00737,20251007,5,14,3,2,4.7,42.0,17.2728,90.1194,True
EVT-00738,20251009,5,14,5,5,3.8,7.0,-34.4638,18.7531,False
EVT-00739,20251009,5,4,1,6,2.1,86.0,13.3084,42.8215,True
EVT-00740,20251010,5,13,5,3,22.6,307.0,30.7553,91.0123,True
EVT-00741,20251010,5,8,4,2,13.6,98.0,12.4994,42.3539,False
EVT-00742,20251010,5,10,1,8,23.3,91.0,-34.9882,18.8169,False
EVT-00743,20251010,5,1,7,4,21.1,150.0,25.7316,56.0393,False
EVT-00744,20251011,5,15,1,6,85.9,149.0,27.2896,56.0998,True
EVT-00745,20251011,5,8,3,9,440.9,394.0,12.798,43.5262,True
EVT-00746,20251011,5,7,6,1,4.2,16.0,26.7194,56.464,False
EVT-00747,20251012,5,1,7,9,14.8,41.0,26.3639,55.4788,False
EVT-00748,20251012,5,1,2,1,9.5,318.0,27.3707,57.1991,False
EVT-00749,20251012,5,6,4,4,0.2,29.0,13.6714,43.6717,False
EVT-00750,20251012,5,13,3,3,69.2,1072.0,26.2004,56.4579,False
EVT-00751,20251012,5,1,8,3,1.2,129.0,-33.5507,18.7672,False
EVT-00752,20251014,5,13,5,9,22.0,302.0,32.1825,81.9877,True
EVT-00753,20251014,5,1,5,7,6.9,8.0,28.3955,54.8665,True
EVT-00754,20251014,5,12,3,6,3.1,177.0,26.4359,57.1098,False
EVT-00755,20251015,5,3,4,6,90.9,298.0,27.0251,56.5331,True
EVT-00756,20251015,5,1,4,6,32.5,66.0,33.3002,51.793,False
EVT-00757,20251016,5,5,7,4,6.1,19.0,27.3454,56.5378,False
EVT-00758,20251016,5,14,8,9,16.2,121.0,27.0547,57.1464,False
EVT-00759,20251016,5,8,7,7,73.3,179.0,13.5913,43.3083,False
EVT-00760,20251016,5,2,7,6,7.1,16.0,27.0597,55.8363,False
EVT-00761,20251017,5,3,2,8,13.2,75.0,3.3722,102.2771,True
EVT-00762,20251017,5,4,1,9,4.8,2.0,12.0029,44.2704,False
EVT-00763,20251018,5,3,2,3,12.5,40.0,26.7215,55.3903,False
EVT-00764,20251018,5,5,1,8,224.8,253.0,14.6629,69.865,True
EVT-00765,20251019,5,14,8,9,12.0,44.0,12.4205,42.7774,True
EVT-00766,20251019,5,2,7,8,53.7,319.0,32.6474,53.0578,True
EVT-00767,20251019,5,7,5,7,116.6,100.0,12.7287,44.1851,True
EVT-00768,20251020,5,2,6,6,5.1,137.0,-34.4285,18.4239,False
EVT-00769,20251021,5,15,3,5,40.4,278.0,34.9679,116.4711,False
EVT-00770,20251021,5,8,3,2,1.0,226.0,2.5271,102.2606,False
EVT-00771,20251021,5,15,5,7,6.0,86.0,20.4979,46.3522,False
EVT-00772,20251022,5,3,4,10,71.2,337.0,12.5817,89.0524,False
EVT-00773,20251022,5,8,6,7,24.2,17.0,30.7904,33.0297,False
EVT-00774,20251023,5,11,3,3,30.7,59.0,-34.5746,19.3625,False
EVT-00775,20251023,5,6,8,8,23.4,88.0,8.4053,80.7019,True
EVT-00776,20251023,5,7,7,3,209.8,72.0,30.8105,32.5047,True
EVT-00777,20251023,5,1,8,2,8.8,125.0,14.4371,70.5174,False
EVT-00778,20251024,5,7,6,2,2.6,36.0,26.4616,56.6494,False
EVT-00779,20251024,5,5,4,9,76.6,437.0,26.2818,55.506,True
EVT-00780,20251024,5,5,3,1,10.0,12.0,26.3178,56.2142,False
EVT-00781,20251024,5,13,8,9,64.6,19.0,27.2748,55.5594,True
EVT-00782,20251026,5,6,3,9,28.5,52.0,27.7443,98.1425,False
EVT-00783,20251026,5,14,3,10,153.6,279.0,6.9548,79.4788,True
EVT-00784,20251027,5,12,5,2,49.0,198.0,30.0871,33.0373,False
EVT-00785,20251027,5,4,8,6,40.2,106.0,13.563,43.9801,True
EVT-00786,20251027,5,12,8,4,4.8,1.0,13.7915,43.0108,False
EVT-00787,20251028,5,1,5,7,7.5,259.0,26.5399,56.6526,True
EVT-00788,20251028,5,10,3,2,7.5,267.0,26.515,57.0982,False
EVT-00789,20251028,5,15,8,8,44.6,382.0,23.1537,40.9563,True
EVT-00790,20251028,5,8,7,9,18.3,7.0,13.0575,43.7475,False
EVT-00791,20251028,5,5,1,7,19.9,1107.0,13.2869,43.0402,True
EVT-00792,20251029,5,2,5,4,4.0,18.0,26.6891,56.1438,False
EVT-00793,20251031,5,7,2,2,5.0,57.0,30.5205,31.9065,True
EVT-00794,20251031,5,8,4,8,124.6,92.0,33.641,78.7385,True
EVT-00795,20251031,5,5,2,1,2.1,30.0,29.9566,32.5028,True
EVT-00796,20251031,5,1,6,9,7.6,26.0,19.8004,79.2338,False
EVT-00797,20251102,5,10,6,4,5.2,118.0,2.7319,101.2231,True
EVT-00798,20251102,5,3,8,9,11.4,8.0,-35.0367,18.1378,True
EVT-00799,20251104,5,14,1,1,7.3,77.0,26.3359,56.8667,True
EVT-00800,20251104,5,5,5,7,7.5,14.0,25.9588,55.3101,False
EVT-00801,20251104,5,3,1,3,0.1,424.0,31.7936,45.19,False
EVT-00802,20251104,5,8,3,5,61.3,139.0,13.6281,43.0696,True
EVT-00803,20251105,5,4,5,10,21.7,240.0,26.3881,57.2678,False
EVT-00804,20251105,5,14,2,2,3.5,16.0,13.2604,43.9469,False
EVT-00805,20251105,5,10,7,9,6.8,13.0,26.9467,55.9797,False
EVT-00806,20251105,5,15,8,6,8.5,33.0,12.6805,43.6875,False
EVT-00807,20251105,5,8,1,9,88.5,377.0,25.6189,56.923,False
EVT-00808,20251105,5,1,1,7,8.5,6.0,-34.4141,18.487,True
EVT-00809,20251106,5,15,6,10,4.8,91.0,29.6273,31.7939,False
EVT-00810,20251106,5,6,8,8,16.4,110.0,13.081,43.7643,False
EVT-00811,20251106,5,4,5,10,150.9,509.0,12.1778,43.772,True
EVT-00812,20251107,5,15,7,1,27.4,1042.0,26.2756,56.0846,True
EVT-00813,20251107,5,9,5,6,82.0,257.0,-34.6443,18.0464,True
EVT-00814,20251109,5,12,6,3,22.3,26.0,13.1493,43.2703,True
EVT-00815,20251109,5,14,2,3,46.0,32.0,26.9447,56.522,False
EVT-00816,20251109,5,11,5,10,1.7,50.0,1.9655,100.848,False
EVT-00817,20251110,5,11,6,3,2.7,22.0,8.7812,89.3205,False
EVT-00818,20251110,5,5,8,1,11.2,398.0,2.2915,100.8306,True
EVT-00819,20251110,5,14,1,2,1.6,54.0,28.9903,112.567,False
EVT-00820,20251111,5,9,7,8,0.3,38.0,17.2509,103.3239,False
EVT-00821,20251112,5,8,1,6,46.0,189.0,25.9335,56.0198,False
EVT-00822,20251113,5,1,3,7,25.7,159.0,13.799,42.6114,False
EVT-00823,20251113,5,7,3,9,93.1,212.0,26.3817,56.6453,True
EVT-00824,20251115,5,10,6,9,16.3,25.0,18.4992,95.2895,False
EVT-00825,20251116,5,1,1,5,46.6,45.0,26.2363,55.8161,False
EVT-00826,20251117,5,4,3,4,0.7,40.0,13.6067,43.165,False
EVT-00827,20251117,5,4,3,1,19.0,221.0,6.7443,88.9813,True
EVT-00828,20251117,5,9,7,7,22.3,235.0,26.5235,56.2615,False
EVT-00829,20251118,5,9,2,3,5.1,6.0,13.6164,42.3965,False
EVT-00830,20251118,5,5,8,2,18.8,177.0,11.8743,43.5614,True
EVT-00831,20251118,5,3,2,8,94.4,299.0,25.6689,55.6719,True
EVT-00832,20251118,5,11,6,1,25.6,562.0,-33.8252,18.3435,False
EVT-00833,20251119,5,4,8,8,7.4,15.0,25.6832,57.0117,True
EVT-00834,20251119,5,7,7,4,5.5,98.0,2.8448,101.0317,False
EVT-00835,20251119,5,8,8,10,20.2,144.0,26.1918,56.6601,True
EVT-00836,20251119,5,8,5,3,36.7,16.0,16.4935,58.2895,True
EVT-00837,20251119,5,1,7,10,234.4,728.0,-34.5,17.8799,True
EVT-00838,20251120,5,4,4,6,2.4,62.0,26.6149,56.5014,False
EVT-00839,20251121,5,6,2,8,5.5,167.0,12.0979,43.1981,True
EVT-00840,20251121,5,9,1,3,13.4,94.0,-34.9894,19.1973,False
EVT-00841,20251122,5,3,3,8,3.9,29.0,16.6768,43.5606,True
EVT-00842,20251122,5,1,4,1,86.0,0.0,12.5125,42.8887,True
EVT-00843,20251123,5,13,2,2,287.0,1748.0,-34.2205,17.7233,True
EVT-00844,20251123,5,10,5,6,187.3,224.0,-34.2856,18.1965,True
EVT-00845,20251124,5,10,2,5,1.7,23.0,12.2028,117.4357,False
EVT-00846,20251124,5,10,3,2,5.3,169.0,6.9361,87.7008,False
EVT-00847,20251124,5,2,7,2,2.7,15.0,11.8496,44.1615,True
EVT-00848,20251125,5,7,5,4,23.8,287.0,20.8977,89.745,True
EVT-00849,20251126,5,10,6,7,14.5,13.0,12.8784,43.6373,False
EVT-00850,20251126,5,15,5,10,6.6,95.0,26.7153,56.6993,False
EVT-00851,20251126,5,4,3,9,4.5,18.0,13.3826,43.9519,False
EVT-00852,20251127,5,14,8,6,38.4,162.0,13.3729,43.7051,False
EVT-00853,20251127,5,11,8,1,48.4,1522.0,26.9754,57.0465,True
EVT-00854,20251127,5,6,4,3,23.5,102.0,22.9316,109.1938,True
EVT-00855,20251128,5,13,4,10,0.5,13.0,16.2901,115.725,True
EVT-00856,20251128,5,9,6,6,60.2,574.0,12.8134,43.655,True
EVT-00857,20251129,5,9,6,7,42.0,23.0,30.4823,31.6494,False
EVT-00858,20251129,5,9,1,5,177.4,415.0,29.7444,32.5948,True
EVT-00859,20251129,5,12,2,2,7.9,138.0,6.4246,41.5495,False
EVT-00860,20251129,5,1,3,3,47.9,358.0,25.9556,55.6582,True
EVT-00861,20251129,5,6,7,3,42.6,279.0,15.1129,40.3832,True
EVT-00862,20251129,5,15,7,10,71.3,466.0,-33.9388,19.3684,False
EVT-00863,20251130,5,11,5,4,13.0,239.0,27.351,100.9366,False
EVT-00864,20251201,5,12,8,7,25.4,396.0,29.6149,32.1064,True
EVT-00865,20251201,5,7,2,4,5.6,107.0,-34.053,18.3571,False
EVT-00866,20251204,5,7,1,5,72.1,309.0,1.8002,102.2707,True
EVT-00867,20251205,5,12,5,5,20.4,252.0,20.8915,95.8617,False
EVT-00868,20251206,5,7,6,7,15.4,52.0,27.244,57.148,False
EVT-00869,20251206,5,8,1,6,8.0,375.0,7.5991,57.1795,False
EVT-00870,20251206,5,12,7,6,16.0,46.0,10.5238,98.979,False
EVT-00871,20251206,5,6,7,2,28.9,61.0,11.9991,43.1521,True
EVT-00872,20251207,5,3,4,7,370.8,1219.0,11.8417,43.5446,True
EVT-00873,20251207,5,5,4,10,1.9,28.0,25.9069,56.8424,False
EVT-00874,20251208,5,7,6,2,1.5,48.0,5.4817,44.7494,False
EVT-00875,20251209,5,12,4,3,4.5,106.0,13.1828,42.6136,False
EVT-00876,20251209,5,7,8,10,5.9,41.0,27.222,55.7795,True
EVT-00877,20251209,5,11,6,9,144.7,662.0,26.1084,56.0456,True
EVT-00878,20251209,5,3,7,2,67.5,95.0,23.8235,55.6767,True
EVT-00879,20251211,5,11,6,2,4.5,148.0,13.5831,43.0271,True
EVT-00880,20251212,5,13,5,9,9.5,199.0,12.4109,108.0109,False
EVT-00881,20251212,5,14,7,3,4.1,568.0,12.5066,42.9187,True
EVT-00882,20251212,5,1,1,8,5.2,52.0,13.6278,44.0284,True
EVT-00883,20251212,5,13,2,8,21.2,48.0,26.5077,57.1478,True
EVT-00884,20251213,5,3,3,1,109.3,422.0,12.4706,43.7124,True
EVT-00885,20251213,5,6,6,6,8.3,222.0,2.7641,100.9469,False
EVT-00886,20251213,5,12,2,9,133.7,623.0,-34.1628,17.8638,True
EVT-00887,20251214,5,14,5,2,14.5,41.0,26.2813,55.4541,False
EVT-00888,20251214,5,1,6,7,28.6,115.0,12.5508,43.9992,False
EVT-00889,20251218,5,14,5,10,2.9,545.0,13.0601,43.8145,True
EVT-00890,20251218,5,3,4,5,12.6,110.0,26.3323,56.3536,True
EVT-00891,20251218,5,10,6,8,9.8,32.0,34.3806,59.4472,False
EVT-00892,20251220,5,9,8,6,100.5,604.0,25.677,56.9987,True
EVT-00893,20251221,5,2,3,8,3.2,480.0,12.2236,57.8981,False
EVT-00894,20251221,5,7,8,2,19.5,142.0,31.1777,33.1851,True
EVT-00895,20251222,5,1,1,7,10.1,37.0,25.6484,55.7372,True
EVT-00896,20251223,5,13,7,5,78.7,251.0,26.0257,56.6678,False
EVT-00897,20251223,5,1,8,4,14.4,303.0,25.5272,55.824,True
EVT-00898,20251223,5,12,5,7,36.3,448.0,26.3495,55.9382,False
EVT-00899,20251224,5,2,5,6,1.3,5.0,27.3888,57.1205,False
EVT-00900,20251224,5,13,8,9,91.6,627.0,12.7134,42.8337,True
EVT-00901,20251225,5,3,6,6,30.1,251.0,13.4521,43.1799,False
EVT-00902,20251225,5,4,8,6,49.3,65.0,13.8125,99.8519,True
EVT-00903,20251226,5,2,3,9,5.0,154.0,31.9114,117.9764,True
EVT-00904,20251226,5,6,7,3,11.2,197.0,12.1827,43.3023,False
EVT-00905,20251226,5,6,4,7,101.4,8.0,-33.7077,18.9773,False
EVT-00906,20251227,5,2,6,8,57.9,450.0,30.6086,32.3227,True
EVT-00907,20251227,5,13,2,4,16.8,106.0,27.2668,55.3952,True
EVT-00908,20251227,5,2,2,1,35.5,47.0,30.5133,31.8249,False
EVT-00909,20251228,5,5,2,1,185.2,112.0,30.1899,31.8057,True
EVT-00910,20251229,5,6,6,6,0.5,6.0,10.7529,83.2072,True
EVT-00911,20251230,5,6,6,9,285.1,153.0,26.0181,55.3257,True
EVT-00912,20251230,5,4,7,7,0.9,88.0,30.047,31.766,False
EVT-00913,20251230,5,4,3,9,10.4,5.0,2.477,101.2445,False
EVT-00914,20251231,5,3,1,9,827.0,2803.0,12.5815,96.1484,True
EVT-00915,20251231,5,9,4,1,85.1,164.0,11.84,44.1917,False
EVT-00916,20251231,5,7,4,9,25.9,258.0,12.3415,43.6609,True
EVT-00917,20260101,6,10,8,9,3.0,419.0,23.2691,55.5176,False
EVT-00918,20260102,6,13,4,10,17.4,484.0,11.8487,42.9918,True
EVT-00919,20260102,6,11,1,6,16.6,20.0,13.2364,42.5566,False
EVT-00920,20260103,6,11,3,3,1.4,95.0,25.5032,57.1565,True
EVT-00921,20260104,6,13,7,5,16.1,52.0,30.8497,31.8903,False
EVT-00922,20260104,6,4,5,3,91.3,999.0,2.7439,101.233,True
EVT-00923,20260105,6,10,5,1,23.5,596.0,9.5799,104.9333,True
EVT-00924,20260105,6,7,3,8,75.4,684.0,30.1879,32.4109,True
EVT-00925,20260106,6,1,6,7,0.4,1.0,12.9015,43.2584,False
EVT-00926,20260107,6,3,4,3,5.2,31.0,30.9606,32.9734,True
EVT-00927,20260108,6,6,4,6,80.2,573.0,12.3114,42.9887,True
EVT-00928,20260109,6,8,7,1,7.1,24.0,-35.1096,18.963,False
EVT-00929,20260109,6,3,3,3,5.8,0.0,27.8096,47.9539,False
EVT-00930,20260109,6,11,2,10,42.3,632.0,30.5067,31.4894,False
EVT-00931,20260110,6,3,5,2,0.1,19.0,26.8942,55.8027,False
EVT-00932,20260110,6,13,6,9,3.3,279.0,11.9641,42.3572,False
EVT-00933,20260111,6,3,5,8,3.5,101.0,23.2091,75.9195,False
EVT-00934,20260113,6,11,1,8,5.3,20.0,25.8563,56.5851,False
EVT-00935,20260113,6,6,1,4,12.8,14.0,2.1162,101.9224,False
EVT-00936,20260113,6,6,4,2,2.1,24.0,31.4315,32.8308,False
EVT-00937,20260113,6,13,5,9,1.6,62.0,29.8996,61.3209,False
EVT-00938,20260114,6,8,2,5,3.7,255.0,26.0209,55.9126,True
EVT-00939,20260114,6,5,5,7,357.6,13.0,11.9695,43.5009,True
EVT-00940,20260114,6,2,5,6,22.0,7.0,-34.5082,19.4983,False
EVT-00941,20260115,6,10,6,8,160.6,926.0,29.6408,33.0197,True
EVT-00942,20260115,6,5,2,5,14.1,26.0,26.4629,56.189,False
EVT-00943,20260116,6,9,8,6,3.3,122.0,26.6188,56.3178,True
EVT-00944,20260117,6,7,4,2,18.3,1088.0,13.2587,44.0364,True
EVT-00945,20260117,6,4,8,4,14.6,1290.0,31.4593,32.7947,True
EVT-00946,20260117,6,13,6,9,17.3,4.0,30.1992,31.4207,False
EVT-00947,20260117,6,13,7,4,5.7,36.0,31.4102,32.7698,False
EVT-00948,20260118,6,2,6,1,53.8,2657.0,2.4786,101.9096,True
EVT-00949,20260118,6,8,1,7,81.1,91.0,13.7852,43.4603,False
EVT-00950,20260119,6,9,2,3,5.9,26.0,27.0158,56.6593,False
EVT-00951,20260120,6,15,8,5,33.6,38.0,30.9014,31.384,False
EVT-00952,20260121,6,3,7,5,10.5,711.0,27.2203,57.0287,True
EVT-00953,20260122,6,2,1,5,16.0,119.0,-33.6375,19.0369,False
EVT-00954,20260123,6,4,3,4,80.4,666.0,25.6909,55.7386,True
EVT-00955,20260124,6,2,8,6,2.1,10.0,14.6618,80.5872,True
EVT-00956,20260124,6,10,8,10,0.3,68.0,29.3397,84.4446,False
EVT-00957,20260124,6,11,7,10,0.4,8.0,30.7591,32.4318,False
EVT-00958,20260128,6,10,8,2,6.0,236.0,-34.3413,17.8042,True
EVT-00959,20260129,6,10,7,1,10.7,778.0,13.5712,42.8249,False
EVT-00960,20260129,6,13,3,2,5.8,49.0,13.6461,44.0672,False
EVT-00961,20260131,6,8,3,10,13.1,24.0,-33.872,19.4429,False
EVT-00962,20260131,6,5,5,6,43.0,460.0,30.9235,33.126,False
EVT-00963,20260201,6,8,4,5,34.7,46.0,30.3052,32.6651,True
EVT-00964,20260202,6,7,6,1,12.3,412.0,1.7516,101.2358,True
EVT-00965,20260202,6,14,7,7,19.5,109.0,9.192,59.0057,True
EVT-00966,20260202,6,9,5,8,16.6,172.0,26.0704,57.1095,False
EVT-00967,20260203,6,8,3,8,0.7,18.0,26.2397,57.1656,False
EVT-00968,20260203,6,14,2,1,135.3,511.0,11.9312,42.6152,True
EVT-00969,20260203,6,9,8,8,40.1,267.0,13.1195,43.9343,True
EVT-00970,20260204,6,1,1,5,8.0,142.0,26.6853,55.9944,False
EVT-00971,20260204,6,3,8,7,94.6,58.0,13.3709,43.5623,True
EVT-00972,20260205,6,3,7,5,2.6,5.0,30.5927,32.8898,True
EVT-00973,20260205,6,5,6,10,13.7,262.0,25.9739,55.5778,True
EVT-00974,20260205,6,15,4,6,6.2,79.0,25.3814,44.9712,False
EVT-00975,20260206,6,9,4,7,0.1,103.0,-34.3157,18.9319,False
EVT-00976,20260208,6,4,5,9,1.2,2.0,26.5506,55.8923,False
EVT-00977,20260209,6,5,8,10,24.1,81.0,30.354,31.6901,False
EVT-00978,20260210,6,6,5,3,28.8,1913.0,13.3085,43.5041,True
EVT-00979,20260210,6,6,1,9,111.9,1129.0,8.9946,118.983,True
EVT-00980,20260211,6,2,4,7,23.7,190.0,27.1598,56.9078,True
EVT-00981,20260211,6,15,1,6,11.2,102.0,30.5976,31.6269,True
EVT-00982,20260212,6,11,1,8,5.7,69.0,30.4802,31.8595,False
EVT-00983,20260212,6,14,8,1,15.0,241.0,25.7207,56.6799,False
EVT-00984,20260213,6,2,5,3,90.0,272.0,32.4425,52.3299,False
EVT-00985,20260213,6,9,2,3,10.0,181.0,29.621,32.7633,False
EVT-00986,20260213,6,4,1,6,0.0,14.0,13.182,42.5854,False
EVT-00987,20260214,6,11,6,9,1.2,229.0,12.5759,43.9984,True
EVT-00988,20260214,6,14,8,6,1.4,82.0,30.0207,55.5185,False
EVT-00989,20260216,6,11,7,2,20.7,122.0,12.7364,44.1235,True
EVT-00990,20260217,6,1,3,8,7.7,61.0,32.9785,80.5839,True
EVT-00991,20260217,6,1,6,1,82.7,430.0,29.835,32.4264,False
EVT-00992,20260219,6,10,3,1,47.6,583.0,12.533,44.0939,True
EVT-00993,20260219,6,15,4,10,25.3,373.0,-35.4187,19.1788,True
EVT-00994,20260219,6,14,5,7,3.7,2.0,12.0179,43.2307,False
EVT-00995,20260220,6,9,2,1,19.9,33.0,27.5451,46.3345,False
EVT-00996,20260221,6,7,2,3,8.9,44.0,29.9205,33.1545,False
EVT-00997,20260221,6,14,1,7,0.3,34.0,14.7571,112.5757,False
EVT-00998,20260221,6,6,7,2,31.6,188.0,15.4436,107.9776,True
EVT-00999,20260221,6,10,4,10,7.1,1.0,25.8257,56.9211,False
EVT-01000,20260223,6,9,6,9,7.1,26.0,13.5013,43.3589,False
EVT-01001,20260223,6,10,5,4,106.0,249.0,12.193,43.9572,True
EVT-01002,20260223,6,10,1,5,7.8,31.0,26.6138,57.1856,False
EVT-01003,20260223,6,8,4,8,12.5,482.0,26.4056,56.1209,True
EVT-01004,20260224,6,1,5,6,2.8,61.0,29.9887,59.7086,False
EVT-01005,20260226,6,5,1,5,8.3,19.0,29.4124,89.4084,False
EVT-01006,20260227,6,14,3,9,43.9,246.0,14.8792,93.0508,False
EVT-01007,20260227,6,7,3,4,34.4,658.0,31.3159,33.012,True
EVT-01008,20260227,6,3,5,8,3.5,10.0,34.2736,53.5811,True
EVT-01009,20260301,6,12,1,3,5.1,4.0,31.4137,32.7627,False
EVT-01010,20260302,6,2,6,5,0.3,136.0,1.9025,101.913,False
EVT-01011,20260303,6,11,1,6,62.0,1354.0,12.2968,42.7913,True
EVT-01012,20260303,6,5,8,1,0.2,313.0,12.2706,42.7269,True
EVT-01013,20260303,6,12,1,10,115.6,661.0,12.8017,44.1366,True
EVT-01014,20260305,6,13,1,2,5.4,246.0,26.0375,56.7997,False
EVT-01015,20260305,6,4,5,6,36.2,108.0,31.2497,31.512,False
EVT-01016,20260305,6,1,2,3,1.7,146.0,27.0424,56.5845,False
EVT-01017,20260305,6,13,3,7,25.2,474.0,2.9166,102.2821,False
EVT-01018,20260305,6,6,1,6,15.9,151.0,26.9161,56.2914,False
EVT-01019,20260307,6,8,8,6,4.8,81.0,13.5244,42.6244,True
EVT-01020,20260307,6,14,5,6,639.5,552.0,27.2281,55.8399,True
EVT-01021,20260309,6,5,7,8,29.3,700.0,25.8333,56.8452,True
EVT-01022,20260309,6,1,1,2,9.9,27.0,12.6054,44.1763,False
EVT-01023,20260311,6,4,2,8,14.9,32.0,29.5715,32.265,False
EVT-01024,20260311,6,13,8,8,206.8,570.0,1.5645,102.1148,True
EVT-01025,20260311,6,11,6,2,17.4,765.0,13.0668,43.1144,True
EVT-01026,20260311,6,7,1,4,6.1,91.0,27.1179,56.6845,True
EVT-01027,20260312,6,10,5,4,7.5,3.0,5.9184,65.1259,False
EVT-01028,20260312,6,1,4,8,0.6,180.0,13.482,42.4784,False
EVT-01029,20260313,6,7,4,3,15.0,1584.0,-34.0231,17.5931,True
EVT-01030,20260313,6,9,8,8,28.8,137.0,11.9173,42.3132,False
EVT-01031,20260313,6,13,5,1,12.0,345.0,12.6805,43.6407,True
EVT-01032,20260314,6,10,8,5,34.4,927.0,18.0578,101.7905,True
EVT-01033,20260315,6,2,6,2,190.7,1254.0,13.6003,44.0584,True
EVT-01034,20260316,6,5,6,6,101.9,19.0,13.4731,42.8242,False
EVT-01035,20260316,6,7,1,3,38.0,13.0,28.7871,118.45,True
EVT-01036,20260316,6,5,2,5,1.8,30.0,12.2285,42.8045,False
EVT-01037,20260318,6,2,5,7,29.7,1.0,26.374,56.6338,False
EVT-01038,20260320,6,8,3,3,16.9,146.0,12.4621,42.4002,False
EVT-01039,20260320,6,10,7,5,60.6,233.0,-34.1178,17.5282,True
EVT-01040,20260320,6,10,6,6,7.8,163.0,12.8533,42.5286,True
EVT-01041,20260321,6,10,4,5,20.8,226.0,12.8671,42.9621,False
EVT-01042,20260322,6,3,8,6,1.1,272.0,26.0339,55.3659,False
EVT-01043,20260322,6,14,3,4,30.4,466.0,26.1542,55.5651,True
EVT-01044,20260322,6,12,3,7,91.7,42.0,14.4288,47.499,True
EVT-01045,20260322,6,8,8,9,3.1,39.0,13.3493,43.8125,True
EVT-01046,20260322,6,14,1,6,455.3,80.0,26.0973,56.9969,True
EVT-01047,20260323,6,7,6,10,0.1,61.0,-33.6465,17.8651,True
EVT-01048,20260324,6,11,2,10,118.2,547.0,27.3486,57.0351,True
EVT-01049,20260324,6,8,4,9,6.2,14.0,13.4825,42.4994,False
EVT-01050,20260324,6,5,8,4,51.6,629.0,8.0674,74.8848,True
EVT-01051,20260325,6,3,6,1,50.8,199.0,23.8613,89.1475,False
EVT-01052,20260325,6,10,3,10,236.8,775.0,29.6955,115.9076,True
